CreditScore,Geography,Gender,Age,Tenure,Balance,NumOfProducts,HasCrCard,Credit_Card_Status,IsActiveMember,Activity_Status,EstimatedSalary,Exited,Churn_Status
619,France,Female,42,2,0.0,1,1,Has Credit Card,1,Active,101348.88,1,Churned
608,Spain,Female,41,1,83807.86,1,0,No Credit Card,1,Active,112542.58,0,Retained
502,France,Female,42,8,159660.8,3,1,Has Credit Card,0,Inactive,113931.57,1,Churned
699,France,Female,39,1,0.0,2,0,No Credit Card,0,Inactive,93826.63,0,Retained
850,Spain,Female,43,2,125510.82,1,1,Has Credit Card,1,Active,79084.1,0,Retained
645,Spain,Male,44,8,113755.78,2,1,Has Credit Card,0,Inactive,149756.71,1,Churned
822,France,Male,50,7,0.0,2,1,Has Credit Card,1,Active,10062.8,0,Retained
376,Germany,Female,29,4,115046.74,4,1,Has Credit Card,0,Inactive,119346.88,1,Churned
501,France,Male,44,4,142051.07,2,0,No Credit Card,1,Active,74940.5,0,Retained
684,France,Male,27,2,134603.88,1,1,Has Credit Card,1,Active,71725.73,0,Retained
528,France,Male,31,6,102016.72,2,0,No Credit Card,0,Inactive,80181.12,0,Retained
497,Spain,Male,24,3,0.0,2,1,Has Credit Card,0,Inactive,76390.01,0,Retained
476,France,Female,34,10,0.0,2,1,Has Credit Card,0,Inactive,26260.98,0,Retained
549,France,Female,25,5,0.0,2,0,No Credit Card,0,Inactive,190857.79,0,Retained
635,Spain,Female,35,7,0.0,2,1,Has Credit Card,1,Active,65951.65,0,Retained
616,Germany,Male,45,3,143129.41,2,0,No Credit Card,1,Active,64327.26,0,Retained
653,Germany,Male,58,1,132602.88,1,1,Has Credit Card,0,Inactive,5097.67,1,Churned
549,Spain,Female,24,9,0.0,2,1,Has Credit Card,1,Active,14406.41,0,Retained
587,Spain,Male,45,6,0.0,1,0,No Credit Card,0,Inactive,158684.81,0,Retained
726,France,Female,24,6,0.0,2,1,Has Credit Card,1,Active,54724.03,0,Retained
732,France,Male,41,8,0.0,2,1,Has Credit Card,1,Active,170886.17,0,Retained
636,Spain,Female,32,8,0.0,2,1,Has Credit Card,0,Inactive,138555.46,0,Retained
510,Spain,Female,38,4,0.0,1,1,Has Credit Card,0,Inactive,118913.53,1,Churned
669,France,Male,46,3,0.0,2,0,No Credit Card,1,Active,8487.75,0,Retained
846,France,Female,38,5,0.0,1,1,Has Credit Card,1,Active,187616.16,0,Retained
577,France,Male,25,3,0.0,2,0,No Credit Card,1,Active,124508.29,0,Retained
756,Germany,Male,36,2,136815.64,1,1,Has Credit Card,1,Active,170041.95,0,Retained
571,France,Male,44,9,0.0,2,0,No Credit Card,0,Inactive,38433.35,0,Retained
574,Germany,Female,43,3,141349.43,1,1,Has Credit Card,1,Active,100187.43,0,Retained
411,France,Male,29,0,59697.17,2,1,Has Credit Card,1,Active,53483.21,0,Retained
591,Spain,Female,39,3,0.0,3,1,Has Credit Card,0,Inactive,140469.38,1,Churned
533,France,Male,36,7,85311.7,1,0,No Credit Card,1,Active,156731.91,0,Retained
553,Germany,Male,41,9,110112.54,2,0,No Credit Card,0,Inactive,81898.81,0,Retained
520,Spain,Female,42,6,0.0,2,1,Has Credit Card,1,Active,34410.55,0,Retained
722,Spain,Female,29,9,0.0,2,1,Has Credit Card,1,Active,142033.07,0,Retained
475,France,Female,45,0,134264.04,1,1,Has Credit Card,0,Inactive,27822.99,1,Churned
490,Spain,Male,31,3,145260.23,1,0,No Credit Card,1,Active,114066.77,0,Retained
804,Spain,Male,33,7,76548.6,1,0,No Credit Card,1,Active,98453.45,0,Retained
850,France,Male,36,7,0.0,1,1,Has Credit Card,1,Active,40812.9,0,Retained
582,Germany,Male,41,6,70349.48,2,0,No Credit Card,1,Active,178074.04,0,Retained
472,Spain,Male,40,4,0.0,1,1,Has Credit Card,0,Inactive,70154.22,0,Retained
465,France,Female,51,8,122522.32,1,0,No Credit Card,0,Inactive,181297.65,1,Churned
556,France,Female,61,2,117419.35,1,1,Has Credit Card,1,Active,94153.83,0,Retained
834,France,Female,49,2,131394.56,1,0,No Credit Card,0,Inactive,194365.76,1,Churned
660,Spain,Female,61,5,155931.11,1,1,Has Credit Card,1,Active,158338.39,0,Retained
776,Germany,Female,32,4,109421.13,2,1,Has Credit Card,1,Active,126517.46,0,Retained
829,Germany,Female,27,9,112045.67,1,1,Has Credit Card,1,Active,119708.21,1,Churned
637,Germany,Female,39,9,137843.8,1,1,Has Credit Card,1,Active,117622.8,1,Churned
550,Germany,Male,38,2,103391.38,1,0,No Credit Card,1,Active,90878.13,0,Retained
776,Germany,Female,37,2,103769.22,2,1,Has Credit Card,0,Inactive,194099.12,0,Retained
698,Germany,Male,44,10,116363.37,2,1,Has Credit Card,0,Inactive,198059.16,0,Retained
585,Germany,Male,36,5,146050.97,2,0,No Credit Card,0,Inactive,86424.57,0,Retained
788,France,Female,33,5,0.0,2,0,No Credit Card,0,Inactive,116978.19,0,Retained
655,Germany,Male,41,8,125561.97,1,0,No Credit Card,0,Inactive,164040.94,1,Churned
601,Germany,Male,42,1,98495.72,1,1,Has Credit Card,0,Inactive,40014.76,1,Churned
619,France,Male,43,1,125211.92,1,1,Has Credit Card,1,Active,113410.49,0,Retained
656,France,Male,45,5,127864.4,1,1,Has Credit Card,0,Inactive,87107.57,0,Retained
725,Germany,Male,19,0,75888.2,1,0,No Credit Card,0,Inactive,45613.75,0,Retained
511,Spain,Female,66,4,0.0,1,1,Has Credit Card,0,Inactive,1643.11,1,Churned
614,France,Male,51,4,40685.92,1,1,Has Credit Card,1,Active,46775.28,0,Retained
742,Germany,Male,35,5,136857.0,1,0,No Credit Card,0,Inactive,84509.57,0,Retained
687,Germany,Female,27,9,152328.88,2,0,No Credit Card,0,Inactive,126494.82,0,Retained
555,Spain,Male,33,1,56084.69,2,0,No Credit Card,0,Inactive,178798.13,0,Retained
684,Spain,Male,56,8,78707.16,1,1,Has Credit Card,1,Active,99398.36,0,Retained
603,Germany,Male,26,4,109166.37,1,1,Has Credit Card,1,Active,92840.67,0,Retained
751,Germany,Female,36,6,169831.46,2,1,Has Credit Card,1,Active,27758.36,0,Retained
581,Germany,Female,34,1,101633.04,1,1,Has Credit Card,0,Inactive,110431.51,0,Retained
735,Germany,Male,43,10,123180.01,2,1,Has Credit Card,1,Active,196673.28,0,Retained
661,Germany,Female,35,5,150725.53,2,0,No Credit Card,1,Active,113656.85,0,Retained
675,France,Female,21,8,98373.26,1,1,Has Credit Card,0,Inactive,18203.0,0,Retained
738,Germany,Male,58,2,133745.44,4,1,Has Credit Card,0,Inactive,28373.86,1,Churned
813,France,Male,29,6,0.0,1,1,Has Credit Card,0,Inactive,33953.87,0,Retained
657,Spain,Female,37,0,163607.18,1,0,No Credit Card,1,Active,44203.55,0,Retained
604,Germany,Female,25,5,157780.84,2,1,Has Credit Card,1,Active,58426.81,0,Retained
519,France,Male,36,9,0.0,2,0,No Credit Card,1,Active,145562.4,0,Retained
735,France,Female,21,1,178718.19,2,1,Has Credit Card,0,Inactive,22388.0,0,Retained
664,France,Male,55,8,0.0,2,1,Has Credit Card,1,Active,139161.64,0,Retained
678,France,Female,32,9,0.0,1,1,Has Credit Card,1,Active,148210.64,0,Retained
757,Spain,Male,33,5,77253.22,1,0,No Credit Card,1,Active,194239.63,0,Retained
416,Germany,Female,41,10,122189.66,2,1,Has Credit Card,0,Inactive,98301.61,0,Retained
665,France,Female,34,1,96645.54,2,0,No Credit Card,0,Inactive,171413.66,0,Retained
777,France,Female,32,2,0.0,1,1,Has Credit Card,0,Inactive,136458.19,1,Churned
543,France,Female,36,3,0.0,2,0,No Credit Card,0,Inactive,26019.59,0,Retained
506,France,Female,34,4,90307.62,1,1,Has Credit Card,1,Active,159235.29,0,Retained
493,France,Female,46,4,0.0,2,1,Has Credit Card,0,Inactive,1907.66,0,Retained
652,Spain,Female,75,10,0.0,2,1,Has Credit Card,1,Active,114675.75,0,Retained
750,Spain,Male,22,3,121681.82,1,1,Has Credit Card,0,Inactive,128643.35,1,Churned
729,France,Male,30,9,0.0,2,1,Has Credit Card,0,Inactive,151869.35,0,Retained
646,France,Female,46,4,0.0,3,1,Has Credit Card,0,Inactive,93251.42,1,Churned
635,Germany,Female,28,3,81623.67,2,1,Has Credit Card,1,Active,156791.36,0,Retained
647,Spain,Female,44,5,0.0,3,1,Has Credit Card,1,Active,174205.22,1,Churned
808,France,Male,45,7,118626.55,2,1,Has Credit Card,0,Inactive,147132.46,0,Retained
524,France,Female,36,10,0.0,2,1,Has Credit Card,0,Inactive,109614.57,0,Retained
769,France,Male,29,8,0.0,2,1,Has Credit Card,1,Active,172290.61,0,Retained
730,Spain,Male,42,4,0.0,2,0,No Credit Card,1,Active,85982.47,0,Retained
515,Spain,Male,35,10,176273.95,1,0,No Credit Card,1,Active,121277.78,0,Retained
773,Spain,Male,41,9,102827.44,1,0,No Credit Card,1,Active,64595.25,0,Retained
814,Germany,Male,29,8,97086.4,2,1,Has Credit Card,1,Active,197276.13,0,Retained
710,Spain,Male,22,8,0.0,2,0,No Credit Card,0,Inactive,99645.04,0,Retained
413,France,Male,34,9,0.0,2,0,No Credit Card,0,Inactive,6534.18,0,Retained
665,France,Female,40,6,0.0,1,1,Has Credit Card,1,Active,161848.03,0,Retained
623,France,Female,44,6,0.0,2,0,No Credit Card,0,Inactive,167162.43,0,Retained
738,France,Male,31,9,82674.15,1,1,Has Credit Card,0,Inactive,41970.72,0,Retained
528,Spain,Male,36,7,0.0,2,1,Has Credit Card,0,Inactive,60536.56,0,Retained
670,Spain,Female,65,1,0.0,1,1,Has Credit Card,1,Active,177655.68,1,Churned
622,Spain,Female,46,4,107073.27,2,1,Has Credit Card,1,Active,30984.59,1,Churned
582,Germany,Male,32,1,88938.62,1,1,Has Credit Card,1,Active,10054.53,0,Retained
785,Germany,Female,36,2,99806.85,1,0,No Credit Card,1,Active,36976.52,0,Retained
605,Spain,Male,33,5,150092.8,1,0,No Credit Card,0,Inactive,71862.79,0,Retained
479,Germany,Male,35,9,92833.89,1,1,Has Credit Card,0,Inactive,99449.86,1,Churned
685,Germany,Male,30,3,90536.81,1,0,No Credit Card,1,Active,63082.88,0,Retained
538,Germany,Male,39,7,108055.1,2,1,Has Credit Card,0,Inactive,27231.26,0,Retained
562,France,Male,42,2,100238.35,1,0,No Credit Card,0,Inactive,86797.41,0,Retained
675,Spain,Male,36,9,106190.55,1,0,No Credit Card,1,Active,22994.32,0,Retained
721,Germany,Male,28,9,154475.54,2,0,No Credit Card,1,Active,101300.94,1,Churned
628,Germany,Female,30,9,132351.29,2,1,Has Credit Card,1,Active,74169.13,0,Retained
668,Germany,Female,37,6,167864.4,1,1,Has Credit Card,0,Inactive,115638.29,0,Retained
506,France,Female,41,1,0.0,2,1,Has Credit Card,0,Inactive,31766.3,0,Retained
524,Germany,Female,31,8,107818.63,1,1,Has Credit Card,0,Inactive,199725.39,1,Churned
699,Germany,Male,34,4,185173.81,2,1,Has Credit Card,0,Inactive,120834.48,0,Retained
828,France,Male,34,8,129433.34,2,0,No Credit Card,0,Inactive,38131.77,0,Retained
674,Spain,Male,39,6,120193.42,1,0,No Credit Card,0,Inactive,100130.95,0,Retained
656,France,Female,39,6,0.0,2,1,Has Credit Card,0,Inactive,141069.88,0,Retained
684,Germany,Female,48,10,126384.42,1,1,Has Credit Card,1,Active,198129.36,0,Retained
625,France,Female,28,3,0.0,1,0,No Credit Card,0,Inactive,183646.41,0,Retained
432,France,Male,42,9,152603.45,1,1,Has Credit Card,0,Inactive,110265.24,1,Churned
549,France,Female,52,1,0.0,1,0,No Credit Card,1,Active,8636.05,1,Churned
625,Germany,Male,56,0,148507.24,1,1,Has Credit Card,0,Inactive,46824.08,1,Churned
828,France,Female,41,7,0.0,2,1,Has Credit Card,0,Inactive,171378.77,0,Retained
770,France,Male,24,9,101827.07,1,1,Has Credit Card,0,Inactive,167256.35,0,Retained
758,France,Female,34,3,0.0,2,1,Has Credit Card,1,Active,124226.16,0,Retained
795,Germany,Female,33,9,130862.43,1,1,Has Credit Card,1,Active,114935.21,0,Retained
687,France,Male,38,9,122570.87,1,1,Has Credit Card,1,Active,35608.88,0,Retained
686,France,Male,25,1,0.0,2,0,No Credit Card,1,Active,16459.37,0,Retained
789,Germany,Male,39,7,124828.46,2,1,Has Credit Card,1,Active,124411.08,0,Retained
589,Germany,Female,50,5,144895.05,2,1,Has Credit Card,1,Active,34941.23,0,Retained
461,Germany,Female,34,5,63663.93,1,0,No Credit Card,1,Active,167784.28,0,Retained
637,France,Male,40,2,133463.1,1,0,No Credit Card,1,Active,93165.34,0,Retained
584,Spain,Female,48,2,213146.2,1,1,Has Credit Card,0,Inactive,75161.25,1,Churned
579,Spain,Female,35,1,129490.36,2,0,No Credit Card,1,Active,8590.83,1,Churned
756,Germany,Male,44,10,137452.09,1,1,Has Credit Card,0,Inactive,189543.9,0,Retained
663,France,Male,34,7,0.0,2,1,Has Credit Card,1,Active,180427.24,0,Retained
682,France,Female,43,5,125851.93,1,1,Has Credit Card,1,Active,193318.33,0,Retained
793,Spain,Male,52,2,0.0,1,1,Has Credit Card,0,Inactive,159123.82,1,Churned
691,France,Female,31,5,40915.55,1,1,Has Credit Card,0,Inactive,126213.84,1,Churned
485,Spain,Female,21,5,113157.22,1,1,Has Credit Card,1,Active,54141.5,0,Retained
635,Spain,Female,29,8,138296.94,2,1,Has Credit Card,0,Inactive,141075.51,0,Retained
650,France,Male,37,5,106967.18,1,0,No Credit Card,0,Inactive,24495.03,0,Retained
735,France,Male,44,9,120681.63,1,1,Has Credit Card,0,Inactive,74836.34,0,Retained
416,France,Male,32,0,0.0,2,0,No Credit Card,1,Active,878.87,0,Retained
754,Spain,Female,32,7,0.0,2,1,Has Credit Card,0,Inactive,89520.75,0,Retained
535,France,Female,48,9,0.0,1,1,Has Credit Card,0,Inactive,149892.79,1,Churned
716,Spain,Male,42,8,0.0,2,1,Has Credit Card,0,Inactive,180800.42,0,Retained
539,France,Male,37,2,127609.59,1,1,Has Credit Card,0,Inactive,98646.22,0,Retained
614,France,Female,43,6,0.0,2,1,Has Credit Card,1,Active,109041.53,0,Retained
706,Spain,Male,57,7,0.0,1,1,Has Credit Card,0,Inactive,17941.16,1,Churned
758,France,Female,33,7,0.0,2,0,No Credit Card,0,Inactive,82996.47,0,Retained
586,Spain,Female,28,2,0.0,2,1,Has Credit Card,1,Active,92067.35,0,Retained
646,France,Female,73,6,97259.25,1,0,No Credit Card,1,Active,104719.66,0,Retained
631,Germany,Female,33,4,123246.7,1,0,No Credit Card,0,Inactive,112687.57,0,Retained
717,Spain,Female,22,6,101060.25,1,0,No Credit Card,1,Active,84699.56,0,Retained
684,France,Male,30,2,0.0,2,1,Has Credit Card,0,Inactive,83473.82,0,Retained
800,France,Female,49,7,108007.36,1,0,No Credit Card,0,Inactive,47125.11,0,Retained
721,Spain,Female,36,2,0.0,2,1,Has Credit Card,1,Active,106977.8,0,Retained
683,Spain,Male,29,0,133702.89,1,1,Has Credit Card,0,Inactive,55582.54,1,Churned
660,Germany,Male,31,9,125189.75,2,1,Has Credit Card,1,Active,139874.43,0,Retained
704,Germany,Female,24,7,113034.22,1,1,Has Credit Card,0,Inactive,162503.48,1,Churned
615,Spain,Female,41,9,109013.23,1,1,Has Credit Card,0,Inactive,196499.96,0,Retained
667,Spain,Female,39,2,0.0,2,1,Has Credit Card,0,Inactive,40721.24,1,Churned
682,Germany,Male,24,9,57929.81,2,0,No Credit Card,0,Inactive,53134.3,0,Retained
484,France,Female,29,4,130114.39,1,1,Has Credit Card,0,Inactive,164017.89,0,Retained
628,Germany,Male,27,5,95826.49,2,1,Has Credit Card,0,Inactive,155996.96,0,Retained
480,Germany,Male,44,10,129608.57,1,1,Has Credit Card,0,Inactive,5472.7,1,Churned
578,France,Male,30,4,169462.09,1,1,Has Credit Card,0,Inactive,112187.11,0,Retained
512,France,Male,40,5,0.0,2,1,Has Credit Card,1,Active,146457.83,0,Retained
484,Spain,Female,35,7,133868.21,1,1,Has Credit Card,1,Active,27286.1,0,Retained
510,France,Female,30,0,0.0,2,1,Has Credit Card,1,Active,130553.47,0,Retained
606,Germany,Male,36,5,190479.48,2,0,No Credit Card,0,Inactive,179351.89,0,Retained
597,Spain,Female,40,8,101993.12,1,0,No Credit Card,1,Active,94774.12,0,Retained
754,Germany,Female,55,3,161608.81,1,1,Has Credit Card,0,Inactive,8080.85,1,Churned
850,Spain,Female,45,2,122311.21,1,1,Has Credit Card,1,Active,19482.5,0,Retained
510,France,Male,65,2,0.0,2,1,Has Credit Card,1,Active,48071.61,0,Retained
778,Germany,Female,45,1,162150.42,2,1,Has Credit Card,0,Inactive,174531.27,0,Retained
636,France,Male,42,2,0.0,2,1,Has Credit Card,1,Active,55470.78,0,Retained
804,France,Female,50,4,0.0,1,1,Has Credit Card,1,Active,8546.87,1,Churned
514,France,Male,32,8,0.0,2,1,Has Credit Card,0,Inactive,95857.18,0,Retained
730,France,Female,39,1,99010.67,1,1,Has Credit Card,0,Inactive,194945.8,0,Retained
525,Spain,Female,37,0,0.0,1,0,No Credit Card,1,Active,131521.72,0,Retained
616,Spain,Male,30,5,0.0,2,0,No Credit Card,1,Active,196108.51,0,Retained
687,Germany,Female,34,7,111388.18,2,1,Has Credit Card,0,Inactive,148564.76,0,Retained
715,France,Female,41,8,56214.85,2,0,No Credit Card,0,Inactive,92982.61,1,Churned
512,France,Female,36,3,84327.77,2,1,Has Credit Card,0,Inactive,17675.36,0,Retained
479,France,Male,40,1,0.0,2,0,No Credit Card,0,Inactive,114996.43,0,Retained
601,France,Male,32,8,93012.89,1,1,Has Credit Card,0,Inactive,86957.42,0,Retained
580,Spain,Male,29,9,61710.44,2,1,Has Credit Card,0,Inactive,128077.8,0,Retained
807,France,Male,35,3,174790.15,1,1,Has Credit Card,1,Active,600.36,0,Retained
616,Spain,Female,32,6,0.0,2,1,Has Credit Card,1,Active,43001.46,0,Retained
721,Germany,Male,37,3,107720.64,1,1,Has Credit Card,1,Active,158591.12,0,Retained
501,France,Male,57,10,0.0,2,1,Has Credit Card,1,Active,47847.19,0,Retained
521,France,Male,35,6,96423.84,1,1,Has Credit Card,0,Inactive,10488.44,0,Retained
850,Spain,Male,30,2,141040.01,1,1,Has Credit Card,1,Active,5978.2,0,Retained
759,France,Male,42,4,105420.18,1,0,No Credit Card,1,Active,121409.06,0,Retained
516,Spain,Male,50,5,0.0,1,0,No Credit Card,1,Active,146145.93,1,Churned
711,France,Female,38,2,129022.06,2,1,Has Credit Card,1,Active,14374.86,1,Churned
512,Spain,Male,33,3,176666.62,1,1,Has Credit Card,0,Inactive,94670.77,0,Retained
550,France,Male,37,3,0.0,1,1,Has Credit Card,1,Active,179670.31,0,Retained
608,Spain,Female,41,3,89763.84,1,0,No Credit Card,0,Inactive,199304.74,1,Churned
618,France,Male,34,5,134954.53,1,1,Has Credit Card,1,Active,151954.39,0,Retained
643,France,Male,45,5,0.0,1,1,Has Credit Card,0,Inactive,142513.5,1,Churned
671,France,Male,45,2,106376.85,1,0,No Credit Card,1,Active,158264.62,0,Retained
689,Germany,Male,33,2,161814.64,2,1,Has Credit Card,0,Inactive,169381.9,0,Retained
603,France,Male,31,8,0.0,2,1,Has Credit Card,1,Active,169915.02,0,Retained
620,France,Female,41,9,0.0,2,0,No Credit Card,0,Inactive,88852.47,0,Retained
676,France,Female,34,1,63095.01,1,1,Has Credit Card,1,Active,40645.81,0,Retained
572,Germany,Male,26,4,118287.01,2,0,No Credit Card,0,Inactive,60427.3,0,Retained
668,Germany,Male,47,7,106854.21,1,0,No Credit Card,1,Active,157959.02,1,Churned
695,France,Male,46,7,49512.55,1,1,Has Credit Card,0,Inactive,133007.34,0,Retained
730,Spain,Female,33,9,0.0,2,0,No Credit Card,0,Inactive,176576.62,0,Retained
807,France,Male,43,1,105799.32,2,1,Has Credit Card,0,Inactive,34888.04,1,Churned
592,France,Male,54,8,0.0,1,1,Has Credit Card,1,Active,28737.71,1,Churned
726,France,Female,31,9,114722.05,2,1,Has Credit Card,1,Active,98178.57,0,Retained
514,Spain,Male,30,7,0.0,1,0,No Credit Card,1,Active,125010.24,0,Retained
567,France,Male,42,2,0.0,2,1,Has Credit Card,1,Active,167984.61,0,Retained
850,France,Male,33,10,0.0,1,1,Has Credit Card,0,Inactive,4861.72,1,Churned
671,Germany,Male,45,6,99564.22,1,1,Has Credit Card,1,Active,108872.45,1,Churned
670,France,Male,37,4,170557.91,2,1,Has Credit Card,0,Inactive,198252.88,0,Retained
694,France,Female,30,9,0.0,2,1,Has Credit Card,1,Active,26960.31,0,Retained
547,Germany,Female,39,6,74596.15,3,1,Has Credit Card,1,Active,85746.52,1,Churned
751,Germany,Male,50,2,96888.39,1,1,Has Credit Card,0,Inactive,77206.25,1,Churned
594,Germany,Female,29,3,130830.22,1,1,Has Credit Card,0,Inactive,61048.53,0,Retained
673,France,Male,72,1,0.0,2,0,No Credit Card,1,Active,111981.19,0,Retained
610,France,Male,40,0,0.0,2,1,Has Credit Card,0,Inactive,62232.6,0,Retained
512,France,Female,37,1,0.0,2,0,No Credit Card,1,Active,156105.03,0,Retained
767,Germany,Male,20,3,119714.25,2,0,No Credit Card,1,Active,150135.38,0,Retained
585,France,Female,67,5,113978.97,2,0,No Credit Card,1,Active,93146.11,0,Retained
763,Germany,Male,42,6,100160.75,1,1,Has Credit Card,0,Inactive,33462.94,1,Churned
712,France,Female,29,2,0.0,1,1,Has Credit Card,1,Active,144375.0,0,Retained
539,Germany,Female,43,3,116220.5,3,1,Has Credit Card,0,Inactive,55803.96,1,Churned
668,France,Female,46,2,0.0,3,1,Has Credit Card,0,Inactive,89048.46,1,Churned
703,France,Male,28,2,81173.83,2,0,No Credit Card,1,Active,162812.16,0,Retained
662,Spain,Male,38,4,0.0,2,1,Has Credit Card,0,Inactive,136259.65,0,Retained
725,Germany,Female,39,5,116803.8,1,1,Has Credit Card,0,Inactive,124052.97,0,Retained
703,France,Male,37,8,105961.68,2,0,No Credit Card,1,Active,74158.8,0,Retained
659,Germany,Male,67,6,117411.6,1,1,Has Credit Card,1,Active,45071.09,1,Churned
523,Spain,Male,34,7,0.0,2,1,Has Credit Card,0,Inactive,62030.06,0,Retained
635,France,Female,40,10,123497.58,1,1,Has Credit Card,0,Inactive,131953.23,1,Churned
772,Germany,Male,26,7,152400.51,2,1,Has Credit Card,0,Inactive,79414.0,0,Retained
545,France,Female,26,1,0.0,2,1,Has Credit Card,1,Active,199638.56,0,Retained
634,Germany,Male,24,8,103097.85,1,1,Has Credit Card,1,Active,157577.29,0,Retained
739,Germany,Male,54,8,126418.14,1,1,Has Credit Card,0,Inactive,134420.75,1,Churned
771,Germany,Female,36,5,77846.9,1,0,No Credit Card,0,Inactive,99805.99,0,Retained
587,Spain,Female,34,1,0.0,2,1,Has Credit Card,1,Active,97932.68,0,Retained
681,France,Female,79,0,0.0,2,0,No Credit Card,1,Active,170968.99,0,Retained
544,Germany,Male,37,2,79731.91,1,1,Has Credit Card,1,Active,57558.95,0,Retained
696,Spain,Male,28,8,0.0,1,0,No Credit Card,0,Inactive,176713.47,0,Retained
766,Spain,Male,41,0,0.0,2,0,No Credit Card,1,Active,34283.23,0,Retained
727,France,Male,34,10,0.0,2,1,Has Credit Card,1,Active,198637.34,0,Retained
671,Germany,Female,34,6,37266.67,2,0,No Credit Card,0,Inactive,156917.12,0,Retained
693,France,Female,30,6,127992.25,1,1,Has Credit Card,1,Active,50457.2,0,Retained
850,Germany,Male,38,3,54901.01,1,1,Has Credit Card,1,Active,140075.55,0,Retained
732,Germany,Male,42,9,108748.08,2,1,Has Credit Card,1,Active,65323.11,0,Retained
726,Spain,Female,48,6,99906.19,1,1,Has Credit Card,0,Inactive,64323.24,0,Retained
557,France,Female,32,6,184686.41,2,1,Has Credit Card,0,Inactive,14956.44,0,Retained
682,France,Female,26,0,110654.02,1,0,No Credit Card,1,Active,111879.21,0,Retained
738,Spain,Male,31,9,79019.8,1,1,Has Credit Card,1,Active,18606.23,0,Retained
531,Spain,Female,36,9,99240.51,1,1,Has Credit Card,0,Inactive,123137.01,0,Retained
498,France,Male,34,2,0.0,2,1,Has Credit Card,1,Active,148528.24,0,Retained
651,France,Male,36,7,0.0,2,1,Has Credit Card,0,Inactive,13898.31,0,Retained
549,Spain,Female,39,7,0.0,1,0,No Credit Card,0,Inactive,81259.25,1,Churned
791,Germany,Female,35,7,52436.2,1,1,Has Credit Card,0,Inactive,161051.75,0,Retained
650,Spain,Male,41,9,0.0,2,0,No Credit Card,1,Active,191599.67,0,Retained
733,Germany,Male,34,3,100337.96,3,1,Has Credit Card,0,Inactive,48559.19,1,Churned
811,Germany,Female,34,1,149297.19,2,1,Has Credit Card,1,Active,186339.74,0,Retained
707,France,Male,30,8,0.0,2,1,Has Credit Card,0,Inactive,33159.37,0,Retained
712,Germany,Male,28,4,145605.44,1,0,No Credit Card,1,Active,93883.53,0,Retained
706,Spain,Female,37,7,0.0,2,1,Has Credit Card,1,Active,110899.3,0,Retained
756,France,Male,62,3,0.0,1,1,Has Credit Card,1,Active,11199.04,1,Churned
777,France,Female,53,10,0.0,2,1,Has Credit Card,0,Inactive,189992.97,0,Retained
646,France,Male,35,6,84026.86,1,0,No Credit Card,1,Active,164255.69,0,Retained
714,France,Male,46,1,0.0,1,1,Has Credit Card,0,Inactive,152167.79,1,Churned
782,France,Male,39,8,0.0,2,1,Has Credit Card,1,Active,33949.67,0,Retained
775,Spain,Male,29,10,0.0,2,1,Has Credit Card,1,Active,68143.93,0,Retained
479,Germany,Male,35,4,138718.92,1,1,Has Credit Card,1,Active,47251.79,1,Churned
807,France,Male,42,7,118274.71,1,1,Has Credit Card,1,Active,25885.72,0,Retained
799,France,Female,22,8,174185.98,2,0,No Credit Card,1,Active,192633.85,0,Retained
675,France,Male,40,7,113208.86,2,1,Has Credit Card,0,Inactive,34577.36,0,Retained
602,Spain,Male,29,5,103907.28,1,1,Has Credit Card,0,Inactive,161229.84,0,Retained
475,France,Female,32,8,119023.28,1,1,Has Credit Card,0,Inactive,100816.29,0,Retained
744,Spain,Female,26,5,166297.89,1,1,Has Credit Card,1,Active,181694.44,0,Retained
588,Spain,Male,34,10,0.0,2,1,Has Credit Card,0,Inactive,79078.91,0,Retained
703,Germany,Male,42,9,63227.0,1,0,No Credit Card,1,Active,137316.32,0,Retained
747,Spain,Female,41,5,94521.17,2,1,Has Credit Card,0,Inactive,194926.86,0,Retained
583,France,Male,27,7,0.0,2,1,Has Credit Card,0,Inactive,51285.49,0,Retained
750,Spain,Female,34,9,112822.26,1,0,No Credit Card,0,Inactive,150401.53,1,Churned
681,France,Male,38,3,0.0,2,1,Has Credit Card,1,Active,112491.96,0,Retained
773,France,Male,25,2,135903.33,1,1,Has Credit Card,0,Inactive,73656.38,0,Retained
714,France,Female,31,4,125169.26,1,1,Has Credit Card,1,Active,106636.89,0,Retained
687,Spain,Female,44,7,0.0,3,1,Has Credit Card,0,Inactive,155853.52,1,Churned
511,France,Male,58,0,149117.31,1,1,Has Credit Card,1,Active,162599.51,0,Retained
627,France,Male,33,5,0.0,2,1,Has Credit Card,1,Active,103737.82,0,Retained
694,France,Female,31,10,0.0,2,1,Has Credit Card,0,Inactive,160990.27,0,Retained
616,Spain,Female,36,6,132311.71,1,0,No Credit Card,0,Inactive,15462.84,0,Retained
687,France,Male,35,8,0.0,2,1,Has Credit Card,0,Inactive,10334.05,0,Retained
712,France,Female,33,6,0.0,2,1,Has Credit Card,1,Active,190686.16,0,Retained
553,France,Male,33,4,118082.89,1,0,No Credit Card,0,Inactive,94440.45,0,Retained
667,France,Male,31,1,119266.69,1,1,Has Credit Card,1,Active,28257.63,0,Retained
731,France,Male,43,2,0.0,1,1,Has Credit Card,1,Active,170034.95,1,Churned
629,Germany,Male,35,7,156847.29,2,1,Has Credit Card,0,Inactive,31824.29,0,Retained
614,France,Male,50,4,137104.47,1,1,Has Credit Card,0,Inactive,127166.49,1,Churned
438,Germany,Male,31,8,78398.69,1,1,Has Credit Card,0,Inactive,44937.01,0,Retained
652,France,Female,80,4,0.0,2,1,Has Credit Card,1,Active,188603.07,0,Retained
729,Germany,Male,30,6,63669.42,1,1,Has Credit Card,0,Inactive,145111.37,0,Retained
642,France,Male,38,3,0.0,2,0,No Credit Card,0,Inactive,171463.83,0,Retained
806,Germany,Female,59,0,135296.33,1,1,Has Credit Card,0,Inactive,182822.5,0,Retained
744,Spain,Male,36,2,153804.44,1,1,Has Credit Card,1,Active,87213.33,0,Retained
474,Spain,Male,37,3,0.0,2,0,No Credit Card,0,Inactive,57175.32,0,Retained
559,France,Male,49,2,147069.78,1,1,Has Credit Card,0,Inactive,120540.83,1,Churned
706,Spain,Male,42,9,0.0,2,1,Has Credit Card,1,Active,28714.34,0,Retained
628,Spain,Female,22,3,0.0,1,1,Has Credit Card,0,Inactive,85426.28,0,Retained
429,France,Male,24,4,95741.75,1,1,Has Credit Card,0,Inactive,46170.75,0,Retained
525,Spain,Female,57,2,145965.33,1,1,Has Credit Card,1,Active,64448.36,0,Retained
680,France,Female,30,8,141441.75,1,1,Has Credit Card,1,Active,16278.97,0,Retained
749,France,Male,40,1,139290.41,1,1,Has Credit Card,0,Inactive,182855.42,1,Churned
763,France,Female,31,4,0.0,2,0,No Credit Card,0,Inactive,50404.72,0,Retained
734,France,Male,30,3,0.0,2,1,Has Credit Card,0,Inactive,107640.25,0,Retained
716,France,Male,35,4,144428.87,1,1,Has Credit Card,0,Inactive,134132.65,0,Retained
594,France,Male,35,2,0.0,2,1,Has Credit Card,0,Inactive,103480.69,0,Retained
644,France,Female,46,9,95441.27,1,1,Has Credit Card,0,Inactive,108761.05,1,Churned
671,Germany,Male,35,1,144848.74,1,1,Has Credit Card,1,Active,179012.3,0,Retained
664,Germany,Male,26,7,116244.14,2,1,Has Credit Card,1,Active,95145.14,0,Retained
656,France,Male,50,7,0.0,2,0,No Credit Card,1,Active,72143.44,0,Retained
667,Spain,Female,40,1,146502.07,1,1,Has Credit Card,0,Inactive,19162.89,0,Retained
663,Germany,Male,44,2,117028.6,2,0,No Credit Card,1,Active,144680.18,0,Retained
584,Germany,Female,30,8,112013.81,1,1,Has Credit Card,0,Inactive,177772.03,1,Churned
626,Spain,Female,37,6,108269.37,1,1,Has Credit Card,0,Inactive,5597.94,0,Retained
485,France,Male,29,7,182123.79,1,1,Has Credit Card,0,Inactive,116828.51,1,Churned
659,Germany,Female,32,3,150923.74,2,0,No Credit Card,1,Active,174652.51,0,Retained
649,France,Male,33,2,0.0,2,1,Has Credit Card,0,Inactive,2010.98,0,Retained
805,Spain,Female,39,5,165272.13,1,1,Has Credit Card,0,Inactive,14109.85,1,Churned
716,Germany,Female,39,10,115301.31,1,1,Has Credit Card,0,Inactive,43527.4,1,Churned
642,Germany,Female,40,6,129502.49,2,0,No Credit Card,1,Active,86099.23,1,Churned
659,France,Male,31,4,118342.26,1,0,No Credit Card,0,Inactive,161574.19,0,Retained
545,Spain,Female,47,5,0.0,2,1,Has Credit Card,1,Active,38970.14,0,Retained
543,France,Male,22,8,0.0,2,0,No Credit Card,0,Inactive,127587.22,0,Retained
718,France,Female,25,7,0.0,2,1,Has Credit Card,0,Inactive,30380.12,0,Retained
840,France,Female,43,7,0.0,2,1,Has Credit Card,0,Inactive,90908.95,0,Retained
630,Germany,Female,34,9,106937.05,2,1,Has Credit Card,0,Inactive,138275.01,0,Retained
643,Germany,Male,59,3,170331.37,1,1,Has Credit Card,1,Active,32171.79,0,Retained
654,Germany,Female,32,1,114510.85,1,1,Has Credit Card,1,Active,126143.23,0,Retained
582,France,Male,39,5,0.0,2,1,Has Credit Card,1,Active,129892.93,0,Retained
659,Spain,Male,32,3,107594.11,2,1,Has Credit Card,1,Active,102416.84,0,Retained
762,Spain,Male,39,2,81273.13,1,1,Has Credit Card,1,Active,18719.67,0,Retained
568,Spain,Female,32,7,169399.6,1,1,Has Credit Card,0,Inactive,61936.22,0,Retained
670,Spain,Male,25,6,0.0,2,1,Has Credit Card,1,Active,78358.94,0,Retained
613,France,Female,45,1,187841.99,2,1,Has Credit Card,1,Active,147224.27,0,Retained
539,France,Male,30,0,0.0,2,1,Has Credit Card,0,Inactive,160979.66,0,Retained
850,Spain,Female,57,8,126776.3,2,1,Has Credit Card,1,Active,132298.49,0,Retained
522,Spain,Male,34,9,126436.29,1,1,Has Credit Card,0,Inactive,174248.52,1,Churned
737,France,Male,41,1,101960.74,1,1,Has Credit Card,1,Active,123547.28,0,Retained
520,France,Male,58,3,0.0,2,0,No Credit Card,1,Active,32790.02,0,Retained
706,Spain,Male,28,3,0.0,2,0,No Credit Card,1,Active,181543.67,0,Retained
643,Germany,Female,45,2,150842.93,1,0,No Credit Card,1,Active,2319.96,1,Churned
648,France,Female,50,9,102535.57,1,1,Has Credit Card,1,Active,189543.19,0,Retained
443,Germany,Female,29,9,99027.61,2,1,Has Credit Card,0,Inactive,10940.4,0,Retained
640,France,Male,68,9,0.0,2,1,Has Credit Card,1,Active,199493.38,0,Retained
628,Spain,Female,33,3,0.0,1,1,Has Credit Card,1,Active,188193.25,0,Retained
540,Germany,Female,42,9,87271.41,2,1,Has Credit Card,0,Inactive,172572.64,0,Retained
460,Germany,Female,35,8,102742.91,2,1,Has Credit Card,1,Active,189339.6,0,Retained
636,Germany,Male,34,2,40105.51,2,0,No Credit Card,1,Active,53512.16,0,Retained
593,France,Female,29,2,152265.43,1,1,Has Credit Card,0,Inactive,34004.44,0,Retained
801,Spain,Male,42,4,141947.67,1,1,Has Credit Card,1,Active,10598.29,0,Retained
640,Germany,Female,75,1,106307.91,2,0,No Credit Card,1,Active,113428.77,0,Retained
611,Germany,Male,31,0,107884.81,2,1,Has Credit Card,1,Active,183487.98,0,Retained
802,Germany,Male,31,1,125013.72,1,1,Has Credit Card,1,Active,187658.09,0,Retained
717,Germany,Male,35,7,58469.37,2,1,Has Credit Card,1,Active,172459.39,0,Retained
769,France,Female,39,8,0.0,1,0,No Credit Card,1,Active,21016.0,0,Retained
745,Germany,Male,45,10,117231.63,3,1,Has Credit Card,1,Active,122381.02,1,Churned
572,Spain,Male,35,4,152390.26,1,1,Has Credit Card,0,Inactive,128123.66,0,Retained
629,Spain,Female,30,2,34013.63,1,1,Has Credit Card,0,Inactive,19570.63,0,Retained
687,Spain,Female,39,2,0.0,3,0,No Credit Card,0,Inactive,188150.6,1,Churned
483,France,Female,50,9,0.0,2,1,Has Credit Card,1,Active,111020.24,0,Retained
690,France,Male,36,7,101583.11,2,1,Has Credit Card,0,Inactive,123775.15,0,Retained
492,Germany,Female,30,10,77168.87,2,0,No Credit Card,1,Active,146700.22,0,Retained
709,Germany,Male,28,8,124695.72,2,1,Has Credit Card,0,Inactive,145251.35,0,Retained
705,Germany,Male,44,3,105934.96,1,1,Has Credit Card,0,Inactive,82463.69,0,Retained
560,France,Female,66,9,0.0,1,1,Has Credit Card,1,Active,15928.49,0,Retained
611,Spain,Male,46,6,0.0,2,1,Has Credit Card,0,Inactive,45886.33,0,Retained
730,Spain,Male,62,2,0.0,2,1,Has Credit Card,1,Active,186489.95,0,Retained
709,Spain,Female,45,2,0.0,2,0,No Credit Card,1,Active,162922.65,0,Retained
544,France,Female,21,10,161525.96,2,1,Has Credit Card,0,Inactive,9262.77,0,Retained
712,Germany,Female,29,7,147199.07,1,1,Has Credit Card,1,Active,84932.4,0,Retained
752,Germany,Male,38,3,183102.29,1,1,Has Credit Card,1,Active,71557.12,0,Retained
648,Spain,Male,46,9,127209.0,2,1,Has Credit Card,0,Inactive,77405.95,1,Churned
556,Spain,Male,38,8,0.0,2,0,No Credit Card,0,Inactive,417.41,1,Churned
594,Spain,Female,24,0,97378.54,1,1,Has Credit Card,1,Active,71405.17,0,Retained
645,Germany,Female,37,2,136925.09,2,0,No Credit Card,1,Active,153400.24,0,Retained
557,France,Male,33,3,54503.55,1,1,Has Credit Card,1,Active,371.05,0,Retained
547,Germany,Male,32,8,155726.85,1,1,Has Credit Card,0,Inactive,67789.99,0,Retained
701,France,Female,39,9,0.0,2,0,No Credit Card,1,Active,145894.9,0,Retained
616,France,Female,66,1,135842.41,1,1,Has Credit Card,0,Inactive,183840.51,1,Churned
605,France,Male,52,1,63349.75,1,1,Has Credit Card,0,Inactive,108887.44,0,Retained
593,Germany,Female,38,4,129499.42,1,1,Has Credit Card,1,Active,154071.27,0,Retained
751,Spain,Male,52,8,0.0,2,0,No Credit Card,1,Active,179291.85,0,Retained
443,Spain,Male,36,6,70438.01,2,0,No Credit Card,1,Active,56937.43,0,Retained
685,France,Male,23,8,0.0,2,1,Has Credit Card,1,Active,112239.03,0,Retained
718,France,Male,36,9,0.0,1,1,Has Credit Card,0,Inactive,45909.87,0,Retained
538,Spain,Female,49,9,141434.04,1,0,No Credit Card,0,Inactive,173779.25,1,Churned
611,Spain,Female,37,4,0.0,2,1,Has Credit Card,0,Inactive,125696.26,0,Retained
668,Germany,Male,37,10,152958.29,2,1,Has Credit Card,1,Active,159585.61,0,Retained
537,Germany,Female,41,3,138306.34,1,1,Has Credit Card,0,Inactive,106761.47,0,Retained
709,Spain,Male,23,10,0.0,2,0,No Credit Card,0,Inactive,129590.18,0,Retained
850,France,Male,38,1,0.0,2,1,Has Credit Card,1,Active,80006.65,0,Retained
745,Spain,Female,31,3,124328.84,1,1,Has Credit Card,1,Active,140451.52,0,Retained
693,Germany,Female,41,9,181461.48,3,1,Has Credit Card,1,Active,187929.43,1,Churned
795,Spain,Male,35,8,0.0,2,1,Has Credit Card,0,Inactive,167155.36,0,Retained
626,Spain,Male,26,8,0.0,2,0,No Credit Card,0,Inactive,191420.71,0,Retained
487,Germany,Female,61,5,110368.03,1,0,No Credit Card,0,Inactive,11384.45,1,Churned
556,France,Female,39,9,89588.35,1,1,Has Credit Card,1,Active,94898.1,0,Retained
643,France,Female,46,6,0.0,2,0,No Credit Card,0,Inactive,106781.59,0,Retained
605,France,Female,28,6,0.0,2,0,No Credit Card,0,Inactive,159508.52,0,Retained
756,Germany,Female,60,3,115924.89,1,1,Has Credit Card,0,Inactive,93524.19,1,Churned
586,France,Female,38,2,0.0,2,1,Has Credit Card,0,Inactive,87168.46,0,Retained
535,Germany,Male,40,7,111756.5,1,1,Has Credit Card,0,Inactive,8128.32,1,Churned
678,France,Female,35,4,0.0,1,1,Has Credit Card,0,Inactive,125518.32,0,Retained
596,France,Male,39,9,0.0,1,1,Has Credit Card,0,Inactive,48963.59,0,Retained
648,France,Male,26,9,162923.85,1,1,Has Credit Card,0,Inactive,98368.24,0,Retained
492,Germany,Male,39,10,124576.65,2,1,Has Credit Card,0,Inactive,148584.61,0,Retained
702,France,Male,45,0,80793.58,1,1,Has Credit Card,1,Active,27474.81,0,Retained
486,Germany,Female,40,9,71340.09,1,1,Has Credit Card,0,Inactive,76192.21,0,Retained
568,Germany,Male,40,1,99282.63,1,0,No Credit Card,0,Inactive,134600.94,1,Churned
619,Germany,Male,57,3,137946.39,1,1,Has Credit Card,1,Active,72467.99,1,Churned
724,Germany,Male,41,2,127892.57,2,0,No Credit Card,1,Active,199645.45,0,Retained
548,Germany,Female,33,0,101084.36,1,1,Has Credit Card,0,Inactive,42749.85,0,Retained
545,Germany,Female,37,8,114754.08,1,1,Has Credit Card,0,Inactive,136050.44,1,Churned
683,France,Male,33,8,0.0,1,0,No Credit Card,0,Inactive,73564.44,0,Retained
762,France,Female,51,3,99286.98,1,0,No Credit Card,1,Active,85578.63,0,Retained
627,Germany,Female,30,4,79871.02,2,1,Has Credit Card,0,Inactive,129826.89,0,Retained
516,France,Male,35,10,104088.59,2,0,No Credit Card,0,Inactive,119666.0,0,Retained
800,France,Female,38,2,168190.33,2,1,Has Credit Card,0,Inactive,68052.08,0,Retained
464,Germany,Female,42,3,85679.25,1,1,Has Credit Card,1,Active,164104.74,0,Retained
626,France,Female,35,3,0.0,1,0,No Credit Card,0,Inactive,80190.36,0,Retained
790,France,Female,31,9,0.0,2,1,Has Credit Card,0,Inactive,84126.75,0,Retained
534,France,Female,34,7,121551.58,2,1,Has Credit Card,1,Active,70179.0,0,Retained
745,France,Male,46,2,122220.19,1,1,Has Credit Card,1,Active,118024.1,0,Retained
553,Spain,Male,47,3,116528.15,1,0,No Credit Card,0,Inactive,145704.19,1,Churned
748,France,Female,26,1,77780.29,1,0,No Credit Card,1,Active,183049.41,0,Retained
722,France,Male,37,2,0.0,1,0,No Credit Card,0,Inactive,120906.83,0,Retained
501,France,Male,40,4,125832.2,1,1,Has Credit Card,1,Active,100433.83,0,Retained
675,France,Female,38,6,68065.8,1,0,No Credit Card,0,Inactive,138777.0,1,Churned
778,Spain,Female,47,6,127299.34,2,1,Has Credit Card,0,Inactive,124694.99,0,Retained
494,Germany,Female,38,7,174937.64,1,1,Has Credit Card,0,Inactive,40084.32,0,Retained
850,France,Male,40,9,0.0,2,0,No Credit Card,1,Active,119232.33,0,Retained
592,Spain,Male,31,7,110071.1,1,0,No Credit Card,0,Inactive,43921.36,0,Retained
590,Spain,Female,44,3,139432.37,1,1,Has Credit Card,0,Inactive,62222.81,0,Retained
758,France,Female,39,6,127357.76,1,0,No Credit Card,1,Active,56577.0,0,Retained
506,France,Male,36,5,0.0,2,1,Has Credit Card,0,Inactive,164253.35,0,Retained
733,France,Male,33,3,0.0,1,1,Has Credit Card,1,Active,7666.73,0,Retained
711,France,Male,38,3,0.0,2,1,Has Credit Card,0,Inactive,68487.51,0,Retained
514,Germany,Male,43,1,95556.31,1,0,No Credit Card,1,Active,199273.98,1,Churned
637,Spain,Male,37,8,0.0,1,1,Has Credit Card,1,Active,186062.36,0,Retained
468,Germany,Male,29,1,111681.98,2,1,Has Credit Card,1,Active,195711.16,0,Retained
539,France,Male,39,3,0.0,2,1,Has Credit Card,0,Inactive,36692.17,0,Retained
509,Spain,Female,25,3,108738.71,2,1,Has Credit Card,0,Inactive,106920.57,0,Retained
662,France,Female,32,4,133950.37,1,1,Has Credit Card,1,Active,48725.68,1,Churned
818,Spain,Male,26,4,0.0,2,1,Has Credit Card,1,Active,167036.94,0,Retained
608,France,Male,33,9,89968.69,1,1,Has Credit Card,0,Inactive,68777.26,0,Retained
850,Spain,Female,32,9,0.0,2,1,Has Credit Card,1,Active,18924.92,0,Retained
816,Germany,Female,38,5,130878.75,3,1,Has Credit Card,0,Inactive,71905.77,1,Churned
536,France,Male,35,8,0.0,2,1,Has Credit Card,0,Inactive,64833.28,0,Retained
753,France,Male,35,3,0.0,2,1,Has Credit Card,1,Active,184843.77,0,Retained
631,Spain,Male,27,10,134169.62,1,1,Has Credit Card,1,Active,176730.02,0,Retained
703,France,Male,37,1,149762.08,1,1,Has Credit Card,0,Inactive,20629.4,1,Churned
774,France,Male,26,2,93844.69,1,1,Has Credit Card,0,Inactive,28415.36,0,Retained
785,France,Male,28,8,0.0,2,1,Has Credit Card,0,Inactive,77231.27,0,Retained
571,France,Female,33,1,0.0,2,1,Has Credit Card,0,Inactive,102750.7,0,Retained
621,Germany,Male,46,6,141078.37,1,0,No Credit Card,0,Inactive,34580.8,1,Churned
605,Germany,Female,31,1,117992.59,1,1,Has Credit Card,1,Active,183598.77,0,Retained
611,France,Female,40,8,100812.33,2,1,Has Credit Card,0,Inactive,147358.27,0,Retained
569,France,Male,38,7,0.0,1,1,Has Credit Card,1,Active,108469.2,0,Retained
658,France,Male,29,4,80262.6,1,1,Has Credit Card,1,Active,20612.82,0,Retained
788,Spain,Male,34,6,156478.62,1,0,No Credit Card,1,Active,181196.76,0,Retained
525,France,Female,23,5,0.0,2,1,Has Credit Card,0,Inactive,160249.1,0,Retained
798,France,Male,37,8,0.0,3,0,No Credit Card,0,Inactive,110783.28,0,Retained
486,Germany,Male,37,9,115217.99,2,1,Has Credit Card,0,Inactive,144995.33,0,Retained
615,Spain,Male,61,9,0.0,2,1,Has Credit Card,0,Inactive,150227.85,1,Churned
730,France,Female,35,0,155470.55,1,1,Has Credit Card,1,Active,53718.28,0,Retained
641,France,Male,37,7,0.0,2,1,Has Credit Card,0,Inactive,75248.3,0,Retained
542,France,Male,39,3,135096.77,1,1,Has Credit Card,1,Active,14353.43,1,Churned
692,France,Male,30,2,0.0,2,0,No Credit Card,1,Active,130486.57,0,Retained
714,Germany,Female,55,9,180075.22,1,1,Has Credit Card,1,Active,100127.71,0,Retained
591,Spain,Male,29,1,97541.24,1,1,Has Credit Card,1,Active,196356.17,0,Retained
710,France,Female,41,2,156067.05,1,1,Has Credit Card,1,Active,9983.88,0,Retained
639,France,Female,38,4,81550.94,2,0,No Credit Card,1,Active,118974.77,0,Retained
531,France,Female,47,6,0.0,1,0,No Credit Card,0,Inactive,194998.34,1,Churned
673,France,Female,38,2,170061.92,2,0,No Credit Card,0,Inactive,134901.34,1,Churned
765,Germany,Male,36,8,92310.54,2,1,Has Credit Card,1,Active,72924.56,0,Retained
622,France,Female,32,6,169089.38,2,1,Has Credit Card,0,Inactive,101057.95,0,Retained
806,France,Male,40,5,80613.93,1,1,Has Credit Card,1,Active,142838.64,0,Retained
757,Germany,Male,26,8,121581.56,2,1,Has Credit Card,1,Active,127059.04,0,Retained
570,France,Female,58,8,0.0,1,0,No Credit Card,1,Active,116503.92,1,Churned
555,Spain,Male,32,4,0.0,2,1,Has Credit Card,1,Active,54405.79,0,Retained
692,France,Male,54,5,0.0,2,1,Has Credit Card,1,Active,88721.84,0,Retained
774,France,Male,60,5,85891.55,1,1,Has Credit Card,0,Inactive,74135.48,1,Churned
638,Spain,Male,44,9,77637.35,2,1,Has Credit Card,1,Active,111346.22,0,Retained
543,Spain,Female,41,4,0.0,1,0,No Credit Card,0,Inactive,194902.16,0,Retained
584,France,Male,31,5,0.0,2,1,Has Credit Card,0,Inactive,31474.27,0,Retained
691,Germany,Male,30,7,116927.89,1,1,Has Credit Card,0,Inactive,21198.39,0,Retained
684,Germany,Female,40,6,137326.65,1,1,Has Credit Card,0,Inactive,186976.6,0,Retained
733,France,Male,22,5,0.0,2,1,Has Credit Card,1,Active,117202.19,0,Retained
599,Spain,Female,37,2,0.0,2,1,Has Credit Card,1,Active,143739.29,0,Retained
524,Germany,Female,31,10,67238.98,2,1,Has Credit Card,1,Active,161811.23,0,Retained
632,Germany,Female,38,6,86569.76,2,1,Has Credit Card,0,Inactive,98090.91,0,Retained
735,Spain,Male,34,5,0.0,2,0,No Credit Card,0,Inactive,71095.41,0,Retained
734,France,Male,34,6,133598.4,1,1,Has Credit Card,1,Active,13107.24,0,Retained
605,France,Female,51,3,136188.78,1,1,Has Credit Card,1,Active,67110.59,1,Churned
793,Spain,Male,38,9,0.0,2,1,Has Credit Card,0,Inactive,88225.02,0,Retained
468,France,Female,56,10,0.0,3,0,No Credit Card,1,Active,62256.87,1,Churned
779,Germany,Male,37,7,120092.52,2,1,Has Credit Card,0,Inactive,135925.72,0,Retained
698,France,Male,48,4,101238.24,2,0,No Credit Card,1,Active,177815.87,1,Churned
707,France,Male,58,6,89685.92,1,0,No Credit Card,1,Active,126471.13,0,Retained
850,France,Female,35,1,211774.31,1,1,Has Credit Card,0,Inactive,188574.12,1,Churned
850,France,Male,56,7,131317.48,1,1,Has Credit Card,1,Active,119175.45,0,Retained
527,Spain,Male,37,5,93722.73,2,1,Has Credit Card,1,Active,139093.73,0,Retained
696,Germany,Male,32,8,101160.99,1,1,Has Credit Card,1,Active,115916.55,0,Retained
661,France,Male,48,3,120320.54,1,0,No Credit Card,0,Inactive,96463.25,0,Retained
776,France,Female,31,2,0.0,2,1,Has Credit Card,1,Active,112349.51,0,Retained
701,France,Male,43,2,0.0,2,1,Has Credit Card,1,Active,165303.79,0,Retained
610,France,Male,26,8,0.0,2,1,Has Credit Card,0,Inactive,166031.08,0,Retained
572,Germany,Female,48,3,152827.99,1,1,Has Credit Card,0,Inactive,38411.79,1,Churned
673,France,Male,30,1,64097.75,1,1,Has Credit Card,1,Active,77783.35,0,Retained
519,Spain,Female,57,2,119035.35,2,1,Has Credit Card,1,Active,29871.79,0,Retained
702,Spain,Female,26,4,135219.57,1,0,No Credit Card,1,Active,59747.63,0,Retained
729,France,Male,32,6,93694.42,1,1,Has Credit Card,1,Active,79919.13,0,Retained
543,Spain,Male,35,10,59408.63,1,1,Has Credit Card,0,Inactive,76773.53,0,Retained
550,France,Female,40,7,114354.95,1,1,Has Credit Card,0,Inactive,54018.93,0,Retained
608,France,Male,59,1,0.0,1,1,Has Credit Card,0,Inactive,70649.64,1,Churned
639,Germany,Male,35,10,128173.9,2,1,Has Credit Card,0,Inactive,59093.39,0,Retained
686,Spain,Male,34,9,0.0,2,1,Has Credit Card,0,Inactive,127569.8,0,Retained
564,Germany,Female,62,5,114931.35,3,0,No Credit Card,1,Active,18260.98,1,Churned
745,Germany,Female,28,1,111071.36,1,1,Has Credit Card,0,Inactive,73275.96,1,Churned
833,France,Male,37,8,151226.18,2,1,Has Credit Card,1,Active,136129.49,0,Retained
622,France,Male,26,9,0.0,2,1,Has Credit Card,1,Active,153237.59,0,Retained
597,France,Female,42,4,64740.12,1,1,Has Credit Card,1,Active,106841.12,0,Retained
721,Spain,Male,51,0,169312.13,1,1,Has Credit Card,0,Inactive,109078.35,1,Churned
504,France,Female,49,7,0.0,3,0,No Credit Card,1,Active,87822.14,1,Churned
842,Spain,Female,44,2,112652.08,2,1,Has Credit Card,0,Inactive,126644.98,0,Retained
587,France,Male,38,0,0.0,2,1,Has Credit Card,0,Inactive,47414.15,0,Retained
479,Germany,Female,30,7,143964.36,2,1,Has Credit Card,0,Inactive,41879.99,0,Retained
508,France,Male,49,7,122451.46,2,1,Has Credit Card,1,Active,75808.1,0,Retained
749,France,Male,24,1,0.0,3,1,Has Credit Card,1,Active,47911.03,0,Retained
721,Germany,Female,36,3,65253.07,2,1,Has Credit Card,0,Inactive,28737.78,0,Retained
674,Germany,Male,47,6,106901.94,1,1,Has Credit Card,1,Active,2079.2,1,Churned
685,Spain,Female,25,10,128509.63,1,1,Has Credit Card,0,Inactive,121562.33,0,Retained
417,France,Male,34,7,0.0,2,1,Has Credit Card,0,Inactive,55003.79,0,Retained
574,Germany,Male,33,3,129834.67,1,1,Has Credit Card,0,Inactive,193131.42,0,Retained
590,Spain,Female,51,3,154962.99,3,0,No Credit Card,1,Active,191932.27,1,Churned
587,Germany,Male,40,5,138241.9,2,1,Has Credit Card,0,Inactive,159418.1,0,Retained
598,Germany,Male,41,3,91536.93,1,1,Has Credit Card,0,Inactive,191468.78,1,Churned
741,Spain,Male,53,3,0.0,2,1,Has Credit Card,1,Active,38913.68,0,Retained
850,Spain,Female,70,5,0.0,1,1,Has Credit Card,1,Active,705.18,0,Retained
584,Germany,Female,29,7,105204.01,1,0,No Credit Card,1,Active,138490.03,0,Retained
650,Spain,Male,61,1,152968.73,1,0,No Credit Card,1,Active,82970.69,0,Retained
607,Spain,Male,36,8,158261.68,1,1,Has Credit Card,1,Active,76744.72,0,Retained
509,France,Female,46,1,0.0,1,1,Has Credit Card,0,Inactive,71244.59,1,Churned
689,Spain,Female,38,6,121021.05,1,1,Has Credit Card,1,Active,12182.15,0,Retained
543,France,Male,36,4,0.0,2,1,Has Credit Card,1,Active,141210.5,0,Retained
438,Spain,Female,54,2,0.0,1,0,No Credit Card,0,Inactive,191763.07,1,Churned
687,Spain,Female,63,1,137715.66,1,1,Has Credit Card,1,Active,37938.74,0,Retained
737,Germany,Male,31,5,121192.22,2,1,Has Credit Card,1,Active,74890.58,0,Retained
761,France,Male,31,7,0.0,3,1,Has Credit Card,1,Active,166698.18,0,Retained
601,France,Male,44,1,100486.18,2,1,Has Credit Card,1,Active,62678.53,0,Retained
651,France,Male,45,1,0.0,1,1,Has Credit Card,0,Inactive,67740.08,1,Churned
745,France,Male,35,9,92566.53,2,1,Has Credit Card,0,Inactive,161519.77,0,Retained
648,Spain,Female,49,10,0.0,2,1,Has Credit Card,1,Active,159835.78,1,Churned
848,Spain,Male,40,3,110929.96,1,1,Has Credit Card,1,Active,30876.84,0,Retained
546,France,Female,27,8,0.0,2,1,Has Credit Card,1,Active,14858.1,0,Retained
439,Spain,Female,32,3,138901.61,1,1,Has Credit Card,0,Inactive,75685.97,0,Retained
755,France,Male,30,4,123217.66,2,0,No Credit Card,1,Active,144183.1,0,Retained
593,France,Female,41,6,0.0,1,1,Has Credit Card,0,Inactive,65170.66,0,Retained
701,France,Male,39,2,0.0,2,1,Has Credit Card,1,Active,82526.92,0,Retained
701,Spain,Male,36,8,0.0,2,1,Has Credit Card,0,Inactive,169161.46,0,Retained
607,Spain,Female,33,2,108431.87,2,0,No Credit Card,1,Active,109291.39,1,Churned
586,Spain,Female,57,3,0.0,2,0,No Credit Card,1,Active,6057.81,0,Retained
547,Germany,Female,30,9,72392.41,1,1,Has Credit Card,0,Inactive,77077.14,0,Retained
647,Germany,Female,51,1,119741.77,2,0,No Credit Card,0,Inactive,54954.51,1,Churned
760,France,Female,51,2,100946.71,1,0,No Credit Card,0,Inactive,179614.8,1,Churned
621,Spain,Male,53,9,170491.84,1,1,Has Credit Card,0,Inactive,35588.07,1,Churned
725,France,Male,44,5,0.0,1,1,Has Credit Card,1,Active,117356.14,0,Retained
526,France,Male,36,1,0.0,1,1,Has Credit Card,0,Inactive,160696.72,0,Retained
519,Spain,Female,47,6,157296.02,2,0,No Credit Card,0,Inactive,147278.43,1,Churned
713,Germany,Female,38,7,144606.22,1,1,Has Credit Card,1,Active,56594.36,1,Churned
700,France,Male,38,8,134811.3,1,1,Has Credit Card,0,Inactive,1299.75,0,Retained
666,France,Female,34,9,115897.12,1,1,Has Credit Card,1,Active,25095.03,0,Retained
630,Spain,Male,32,4,82034.0,1,0,No Credit Card,0,Inactive,146326.45,0,Retained
779,Spain,Female,26,4,174318.13,2,0,No Credit Card,1,Active,38296.21,0,Retained
611,Germany,Female,41,2,114206.84,1,1,Has Credit Card,0,Inactive,164061.6,0,Retained
685,Spain,Male,43,9,0.0,2,1,Has Credit Card,0,Inactive,107811.28,0,Retained
646,Germany,Male,39,9,111574.41,1,1,Has Credit Card,1,Active,30838.51,0,Retained
683,Germany,Female,57,5,162448.69,1,0,No Credit Card,0,Inactive,9221.78,1,Churned
484,Germany,Female,34,4,148249.54,1,0,No Credit Card,1,Active,33738.27,0,Retained
601,France,Female,43,8,0.0,3,0,No Credit Card,1,Active,110916.15,1,Churned
762,Spain,Female,26,7,123709.46,2,1,Has Credit Card,1,Active,169654.57,0,Retained
687,France,Female,72,9,0.0,1,0,No Credit Card,1,Active,69829.4,0,Retained
566,France,Male,30,5,0.0,1,1,Has Credit Card,0,Inactive,54926.51,1,Churned
702,France,Male,37,10,150525.8,1,1,Has Credit Card,1,Active,94728.49,0,Retained
601,France,Male,29,9,0.0,1,1,Has Credit Card,1,Active,80393.27,0,Retained
699,France,Male,53,4,0.0,2,0,No Credit Card,1,Active,111307.98,0,Retained
584,France,Male,28,10,0.0,2,1,Has Credit Card,0,Inactive,19834.32,0,Retained
699,France,Male,35,5,0.0,2,1,Has Credit Card,1,Active,78397.24,0,Retained
698,Germany,Female,51,2,111018.98,1,1,Has Credit Card,0,Inactive,86410.28,0,Retained
495,France,Male,30,10,129755.99,1,0,No Credit Card,0,Inactive,172749.65,0,Retained
650,France,Female,27,6,0.0,2,1,Has Credit Card,0,Inactive,1002.39,0,Retained
605,France,Female,64,2,129555.7,1,1,Has Credit Card,1,Active,13601.79,0,Retained
667,Spain,Male,38,1,87202.38,1,1,Has Credit Card,1,Active,77866.91,0,Retained
688,Germany,Male,26,8,146133.39,1,1,Has Credit Card,1,Active,175296.76,0,Retained
727,Spain,Female,31,0,0.0,1,1,Has Credit Card,0,Inactive,121751.04,1,Churned
754,Spain,Male,39,6,170184.99,2,1,Has Credit Card,0,Inactive,89593.26,0,Retained
612,Germany,Female,62,8,140745.33,1,1,Has Credit Card,0,Inactive,193437.89,1,Churned
546,Spain,Male,42,7,139070.51,1,1,Has Credit Card,1,Active,86945.0,0,Retained
673,Spain,Female,37,8,0.0,2,1,Has Credit Card,1,Active,183318.79,0,Retained
593,France,Male,35,9,114193.24,1,1,Has Credit Card,0,Inactive,71154.1,0,Retained
656,Spain,Female,40,10,167878.5,1,0,No Credit Card,1,Active,151887.16,0,Retained
535,Germany,Female,53,5,141616.55,2,1,Has Credit Card,1,Active,75888.65,0,Retained
678,Germany,Male,36,3,145747.67,2,0,No Credit Card,1,Active,89566.74,0,Retained
477,Spain,Female,48,2,129120.64,1,0,No Credit Card,1,Active,26475.79,0,Retained
850,Spain,Male,35,7,110349.82,1,0,No Credit Card,0,Inactive,126355.8,0,Retained
427,France,Male,29,1,141325.56,1,1,Has Credit Card,1,Active,93839.3,0,Retained
752,France,Male,49,2,78653.84,1,1,Has Credit Card,0,Inactive,7698.6,0,Retained
649,France,Male,47,1,0.0,2,1,Has Credit Card,1,Active,145593.85,0,Retained
799,Spain,Female,28,3,142253.65,1,1,Has Credit Card,0,Inactive,45042.56,0,Retained
589,France,Female,61,1,0.0,1,1,Has Credit Card,0,Inactive,61108.56,1,Churned
583,Germany,Female,54,6,115988.86,1,1,Has Credit Card,0,Inactive,57553.98,1,Churned
839,Spain,Female,33,10,75592.43,1,1,Has Credit Card,0,Inactive,62674.42,0,Retained
540,Germany,Male,44,3,164113.04,2,1,Has Credit Card,1,Active,12120.79,0,Retained
850,France,Male,31,6,67996.23,2,0,No Credit Card,0,Inactive,50129.87,1,Churned
696,Spain,Female,51,5,0.0,2,1,Has Credit Card,0,Inactive,55022.43,0,Retained
660,Spain,Female,33,1,0.0,2,0,No Credit Card,0,Inactive,117834.91,0,Retained
682,France,Male,48,1,138778.15,1,0,No Credit Card,1,Active,168840.23,0,Retained
744,France,Female,43,10,147832.15,1,0,No Credit Card,1,Active,24234.11,0,Retained
785,France,Female,36,4,135438.4,1,0,No Credit Card,0,Inactive,190627.01,0,Retained
752,Spain,Male,48,5,116060.08,1,1,Has Credit Card,0,Inactive,156618.38,1,Churned
706,France,Female,29,5,112564.62,1,1,Has Credit Card,0,Inactive,42334.38,0,Retained
583,France,Female,27,1,125406.58,1,1,Has Credit Card,1,Active,110784.42,0,Retained
660,Germany,Female,39,5,135134.99,1,1,Has Credit Card,0,Inactive,173683.0,1,Churned
819,France,Female,39,9,133102.92,1,1,Has Credit Card,0,Inactive,27046.46,1,Churned
673,France,Female,34,8,42157.08,1,1,Has Credit Card,0,Inactive,20598.59,1,Churned
752,France,Female,30,3,0.0,2,1,Has Credit Card,1,Active,104991.28,0,Retained
578,France,Male,38,7,82259.29,1,1,Has Credit Card,0,Inactive,8996.97,0,Retained
438,France,Female,36,4,0.0,2,1,Has Credit Card,0,Inactive,64420.5,0,Retained
652,France,Male,38,6,0.0,2,1,Has Credit Card,1,Active,145700.22,0,Retained
629,France,Female,49,4,0.0,2,1,Has Credit Card,1,Active,196335.48,0,Retained
720,France,Male,52,7,0.0,1,1,Has Credit Card,1,Active,14781.12,0,Retained
668,France,Male,42,3,150461.07,1,1,Has Credit Card,0,Inactive,108139.23,0,Retained
459,Germany,Male,48,4,133994.52,1,1,Has Credit Card,1,Active,19287.06,1,Churned
729,Spain,Male,31,8,164870.81,2,1,Has Credit Card,1,Active,9567.39,0,Retained
498,Germany,Male,25,8,121702.73,1,1,Has Credit Card,1,Active,132210.49,0,Retained
549,Spain,Male,25,6,193858.2,1,0,No Credit Card,1,Active,21600.11,0,Retained
601,Germany,Female,54,1,131039.97,2,1,Has Credit Card,1,Active,199661.5,0,Retained
544,France,Male,64,9,113829.45,1,1,Has Credit Card,1,Active,124341.49,0,Retained
751,France,Female,30,6,0.0,2,1,Has Credit Card,0,Inactive,15766.1,0,Retained
632,Germany,Female,41,3,81877.38,1,1,Has Credit Card,1,Active,33642.21,0,Retained
694,Spain,Male,57,8,116326.07,1,1,Has Credit Card,1,Active,117704.65,0,Retained
678,France,Male,31,2,0.0,2,1,Has Credit Card,1,Active,58803.28,0,Retained
695,France,Male,46,4,0.0,2,1,Has Credit Card,1,Active,137537.22,0,Retained
661,France,Female,41,1,0.0,2,0,No Credit Card,1,Active,131300.68,0,Retained
661,France,Male,33,9,0.0,2,1,Has Credit Card,1,Active,84174.81,0,Retained
559,France,Female,31,3,127070.73,1,0,No Credit Card,1,Active,160941.78,0,Retained
503,France,Male,29,3,0.0,2,1,Has Credit Card,1,Active,143954.99,0,Retained
695,Spain,Male,46,3,122549.64,1,1,Has Credit Card,1,Active,56297.85,0,Retained
640,France,Female,42,5,176099.13,1,1,Has Credit Card,1,Active,8404.73,0,Retained
624,Germany,Female,48,3,122388.38,2,0,No Credit Card,0,Inactive,30020.09,0,Retained
667,France,Male,42,9,0.0,2,0,No Credit Card,1,Active,58137.42,0,Retained
642,France,Male,26,0,0.0,1,0,No Credit Card,0,Inactive,47472.68,0,Retained
640,Spain,Female,32,6,118879.35,2,1,Has Credit Card,1,Active,19131.71,0,Retained
529,Spain,Male,35,5,0.0,2,1,Has Credit Card,1,Active,187288.5,0,Retained
563,France,Female,39,5,0.0,2,1,Has Credit Card,1,Active,17603.81,0,Retained
593,Spain,Female,38,4,88736.44,2,1,Has Credit Card,0,Inactive,67020.03,0,Retained
739,Germany,Male,45,7,102703.62,1,0,No Credit Card,1,Active,147802.94,1,Churned
788,Spain,Female,70,1,0.0,2,1,Has Credit Card,1,Active,41610.62,0,Retained
684,Spain,Female,38,3,0.0,2,1,Has Credit Card,0,Inactive,44255.65,0,Retained
482,France,Male,55,5,97318.25,1,0,No Credit Card,1,Active,78416.14,0,Retained
591,Spain,Male,58,5,128468.69,1,0,No Credit Card,1,Active,137254.55,0,Retained
651,Germany,Female,41,4,133432.59,1,0,No Credit Card,1,Active,151303.48,0,Retained
749,Germany,Female,40,8,141782.57,2,0,No Credit Card,0,Inactive,86333.63,0,Retained
583,France,Male,24,9,135125.28,1,0,No Credit Card,0,Inactive,89801.9,0,Retained
661,Spain,Male,42,2,178820.91,1,0,No Credit Card,0,Inactive,29358.57,1,Churned
715,France,Female,31,2,112212.14,2,1,Has Credit Card,1,Active,181600.72,0,Retained
769,Germany,Female,45,5,126674.81,1,1,Has Credit Card,0,Inactive,124118.71,1,Churned
625,France,Female,51,7,136294.97,1,1,Has Credit Card,0,Inactive,38867.46,1,Churned
641,France,Female,36,5,66392.64,1,1,Has Credit Card,0,Inactive,31106.67,0,Retained
716,Germany,Male,27,1,122552.34,2,1,Has Credit Card,0,Inactive,67611.36,0,Retained
767,France,Male,43,1,76408.85,2,1,Has Credit Card,0,Inactive,77837.63,0,Retained
745,Germany,Male,36,8,145071.24,1,0,No Credit Card,0,Inactive,6078.46,0,Retained
589,France,Male,34,6,0.0,2,1,Has Credit Card,1,Active,177896.92,0,Retained
796,France,Female,45,2,109730.22,1,1,Has Credit Card,1,Active,123882.73,0,Retained
664,France,Male,57,6,0.0,2,1,Has Credit Card,1,Active,15304.08,0,Retained
445,Spain,Male,62,1,64119.38,1,1,Has Credit Card,1,Active,76569.64,1,Churned
543,Germany,Female,57,1,106138.33,2,1,Has Credit Card,1,Active,120657.32,1,Churned
746,Spain,Male,36,2,0.0,2,1,Has Credit Card,1,Active,16436.56,0,Retained
742,Germany,Male,33,0,181656.51,1,1,Has Credit Card,1,Active,107667.91,0,Retained
750,France,Female,32,5,0.0,2,1,Has Credit Card,0,Inactive,95611.47,0,Retained
669,France,Male,30,7,95128.86,1,0,No Credit Card,0,Inactive,19799.26,0,Retained
594,Spain,Female,49,2,126615.94,2,0,No Credit Card,1,Active,123214.74,0,Retained
574,Spain,Male,36,1,0.0,2,0,No Credit Card,1,Active,71709.12,0,Retained
659,Germany,Male,36,2,76190.48,2,1,Has Credit Card,1,Active,149066.14,0,Retained
750,Germany,Male,40,5,168286.81,3,1,Has Credit Card,0,Inactive,20451.99,1,Churned
626,Germany,Male,35,4,88109.81,1,1,Has Credit Card,1,Active,32825.5,0,Retained
620,France,Male,42,4,0.0,2,1,Has Credit Card,0,Inactive,6232.31,0,Retained
580,France,Female,35,8,0.0,2,0,No Credit Card,1,Active,10357.03,0,Retained
686,France,Female,34,3,123971.51,2,1,Has Credit Card,0,Inactive,147794.63,0,Retained
540,France,Male,48,0,148116.48,1,0,No Credit Card,0,Inactive,116973.48,0,Retained
634,Germany,Male,35,6,116269.01,1,1,Has Credit Card,0,Inactive,129964.94,0,Retained
632,Spain,Male,38,1,120599.21,1,1,Has Credit Card,0,Inactive,92816.86,0,Retained
501,France,Female,41,3,144260.5,1,1,Has Credit Card,0,Inactive,172114.67,0,Retained
650,Spain,Female,25,3,86605.5,3,1,Has Credit Card,0,Inactive,16649.31,1,Churned
786,France,Male,34,9,0.0,2,1,Has Credit Card,0,Inactive,144517.19,0,Retained
554,Germany,Female,37,4,58629.97,1,0,No Credit Card,0,Inactive,182038.6,0,Retained
701,Spain,Female,42,5,0.0,2,0,No Credit Card,0,Inactive,24210.56,0,Retained
474,France,Male,45,10,0.0,2,0,No Credit Card,0,Inactive,172175.9,0,Retained
621,France,Female,43,5,0.0,1,1,Has Credit Card,1,Active,47578.45,0,Retained
672,Spain,Female,56,2,209767.31,2,1,Has Credit Card,1,Active,150694.42,1,Churned
459,Spain,Female,42,6,129634.25,2,1,Has Credit Card,1,Active,177683.02,1,Churned
669,France,Male,23,1,0.0,2,0,No Credit Card,0,Inactive,66088.83,0,Retained
776,France,Female,38,2,169824.46,1,1,Has Credit Card,0,Inactive,169291.7,0,Retained
694,France,Male,36,3,97530.25,1,1,Has Credit Card,1,Active,117140.41,0,Retained
787,France,Female,42,10,145988.65,2,1,Has Credit Card,1,Active,79510.37,0,Retained
580,France,Male,37,9,0.0,2,0,No Credit Card,1,Active,77108.66,0,Retained
711,France,Female,25,7,0.0,3,1,Has Credit Card,1,Active,9679.28,0,Retained
673,France,Female,40,5,137494.28,1,1,Has Credit Card,0,Inactive,81753.92,0,Retained
499,France,Female,57,1,0.0,1,0,No Credit Card,0,Inactive,131372.38,1,Churned
591,France,Male,24,6,147360.0,1,1,Has Credit Card,1,Active,25310.82,0,Retained
769,France,Female,25,10,0.0,2,0,No Credit Card,0,Inactive,187925.75,0,Retained
657,Spain,Male,31,3,125167.02,1,0,No Credit Card,0,Inactive,98820.39,0,Retained
738,Germany,Male,43,9,121152.05,2,1,Has Credit Card,0,Inactive,64166.7,1,Churned
545,Germany,Female,60,7,128981.07,1,0,No Credit Card,1,Active,176924.21,1,Churned
497,France,Male,47,6,0.0,1,1,Has Credit Card,1,Active,90055.08,0,Retained
816,Spain,Male,67,6,151858.98,1,1,Has Credit Card,1,Active,72814.31,0,Retained
525,France,Male,36,2,114628.4,1,0,No Credit Card,1,Active,168290.06,0,Retained
725,France,Male,46,6,0.0,2,1,Has Credit Card,0,Inactive,161767.38,0,Retained
692,France,Female,28,8,95059.02,2,1,Has Credit Card,0,Inactive,44420.18,0,Retained
618,France,Female,24,7,128736.39,1,0,No Credit Card,1,Active,37147.61,0,Retained
546,France,Male,24,8,156325.38,1,1,Has Credit Card,1,Active,125381.02,0,Retained
635,France,Male,29,7,105405.97,1,1,Has Credit Card,1,Active,149853.89,0,Retained
611,France,Female,49,2,88915.37,3,0,No Credit Card,0,Inactive,161435.02,1,Churned
650,France,Male,60,8,0.0,2,1,Has Credit Card,1,Active,102925.76,0,Retained
606,France,Male,40,5,0.0,2,1,Has Credit Card,1,Active,70899.27,0,Retained
844,France,Male,18,2,160980.03,1,0,No Credit Card,0,Inactive,145936.28,0,Retained
450,Spain,Female,46,5,177619.71,1,1,Has Credit Card,0,Inactive,54227.06,0,Retained
727,Spain,Male,38,2,62276.99,1,1,Has Credit Card,1,Active,59280.79,0,Retained
460,Germany,Male,46,4,127559.97,2,1,Has Credit Card,1,Active,126952.5,0,Retained
649,France,Male,41,0,0.0,2,0,No Credit Card,1,Active,130567.02,0,Retained
758,Germany,Female,47,9,95523.16,1,1,Has Credit Card,0,Inactive,73294.48,0,Retained
490,France,Female,35,7,107749.03,1,1,Has Credit Card,1,Active,3937.37,0,Retained
815,Germany,Male,37,2,110777.26,2,1,Has Credit Card,0,Inactive,2383.59,0,Retained
838,Spain,Female,39,5,166733.92,2,1,Has Credit Card,0,Inactive,14279.44,0,Retained
803,France,Male,31,9,157120.86,2,1,Has Credit Card,0,Inactive,141300.53,0,Retained
664,Germany,Female,36,2,127160.78,2,1,Has Credit Card,0,Inactive,78140.75,0,Retained
736,Spain,Female,28,2,0.0,2,1,Has Credit Card,1,Active,117431.1,0,Retained
633,France,Female,37,9,156091.97,1,1,Has Credit Card,0,Inactive,72008.61,0,Retained
664,France,Male,58,5,98668.18,1,1,Has Credit Card,1,Active,60887.58,0,Retained
600,France,Female,43,5,134022.06,1,1,Has Credit Card,0,Inactive,194764.83,0,Retained
693,France,Female,35,5,124151.09,1,1,Has Credit Card,0,Inactive,88705.14,1,Churned
663,Germany,Female,36,6,77253.5,1,0,No Credit Card,0,Inactive,35817.97,1,Churned
742,Germany,Female,21,1,114292.48,1,1,Has Credit Card,0,Inactive,31520.4,0,Retained
710,Germany,Male,43,2,140080.32,3,1,Has Credit Card,1,Active,157908.19,1,Churned
710,Spain,Female,27,2,135277.96,1,1,Has Credit Card,0,Inactive,142200.15,0,Retained
700,France,Female,82,2,0.0,2,0,No Credit Card,1,Active,182055.36,0,Retained
720,Germany,Male,60,9,115920.62,2,0,No Credit Card,0,Inactive,157552.08,1,Churned
684,Spain,Male,41,2,119782.72,2,0,No Credit Card,0,Inactive,120284.67,0,Retained
531,France,Female,63,1,114715.71,1,0,No Credit Card,1,Active,24506.95,1,Churned
742,Germany,Female,36,2,129748.54,2,0,No Credit Card,0,Inactive,47271.61,1,Churned
717,France,Male,31,4,129722.57,1,0,No Credit Card,0,Inactive,41176.6,0,Retained
589,France,Male,32,2,0.0,2,0,No Credit Card,1,Active,9468.64,0,Retained
767,France,Male,36,3,139180.2,1,0,No Credit Card,0,Inactive,123880.19,0,Retained
636,Germany,Male,49,6,113599.74,2,1,Has Credit Card,0,Inactive,158887.09,1,Churned
648,France,Male,33,7,134944.0,1,1,Has Credit Card,1,Active,117036.38,0,Retained
622,Germany,Female,58,7,116922.25,1,1,Has Credit Card,0,Inactive,120415.61,1,Churned
692,Spain,Male,28,9,118945.09,1,0,No Credit Card,0,Inactive,16064.25,1,Churned
754,France,Male,28,8,0.0,2,1,Has Credit Card,1,Active,52615.62,0,Retained
679,Spain,Female,35,8,119182.73,1,0,No Credit Card,0,Inactive,121210.09,0,Retained
639,France,Male,27,8,0.0,2,1,Has Credit Card,0,Inactive,192247.35,0,Retained
774,France,Female,28,1,71264.02,2,0,No Credit Card,1,Active,68759.57,0,Retained
517,France,Male,41,2,0.0,2,0,No Credit Card,1,Active,75937.47,0,Retained
571,France,Female,35,8,0.0,2,0,No Credit Card,0,Inactive,84569.13,0,Retained
747,Germany,Male,58,7,116313.57,1,1,Has Credit Card,1,Active,190696.35,1,Churned
792,Spain,Male,36,5,92140.15,1,0,No Credit Card,1,Active,67468.67,0,Retained
688,France,Male,26,1,0.0,2,1,Has Credit Card,1,Active,104435.94,0,Retained
714,Germany,Male,42,2,177640.09,1,0,No Credit Card,1,Active,47166.55,0,Retained
562,Spain,Female,35,0,0.0,2,1,Has Credit Card,0,Inactive,119899.52,0,Retained
704,Spain,Male,48,8,167997.6,1,1,Has Credit Card,1,Active,173498.45,0,Retained
698,France,Male,36,2,82275.35,2,1,Has Credit Card,1,Active,93249.26,0,Retained
611,France,Male,49,3,0.0,2,1,Has Credit Card,1,Active,142917.54,0,Retained
850,Germany,Female,48,6,111962.99,1,1,Has Credit Card,0,Inactive,111755.8,0,Retained
743,Germany,Female,34,1,131736.88,1,1,Has Credit Card,1,Active,108543.21,0,Retained
654,France,Male,29,1,0.0,1,1,Has Credit Card,0,Inactive,180345.44,0,Retained
761,Germany,Male,36,8,108239.11,2,0,No Credit Card,0,Inactive,99444.02,0,Retained
702,France,Female,46,9,98444.19,1,0,No Credit Card,1,Active,109563.28,0,Retained
488,Germany,Male,32,3,114540.38,1,1,Has Credit Card,0,Inactive,92568.07,0,Retained
683,France,Female,35,6,187530.66,2,1,Has Credit Card,1,Active,37976.36,0,Retained
601,Germany,Female,42,9,133636.16,1,0,No Credit Card,1,Active,103315.74,0,Retained
605,France,Male,52,7,0.0,2,1,Has Credit Card,1,Active,173952.5,0,Retained
671,Germany,Female,44,0,84745.03,2,0,No Credit Card,1,Active,34673.98,0,Retained
614,Germany,Female,31,7,120599.38,2,1,Has Credit Card,1,Active,46163.44,0,Retained
511,Spain,Female,29,9,0.0,2,0,No Credit Card,1,Active,140676.98,0,Retained
850,France,Male,39,4,127771.35,2,0,No Credit Card,1,Active,151738.54,0,Retained
790,Spain,Female,46,9,0.0,1,0,No Credit Card,0,Inactive,14679.81,1,Churned
793,France,Female,33,0,0.0,1,0,No Credit Card,0,Inactive,175544.02,0,Retained
628,France,Male,69,5,0.0,2,1,Has Credit Card,1,Active,181964.6,0,Retained
598,Germany,Male,53,10,167772.96,1,1,Has Credit Card,1,Active,136886.86,0,Retained
657,France,Female,37,6,95845.6,1,1,Has Credit Card,0,Inactive,122218.23,0,Retained
618,France,Female,35,10,0.0,2,1,Has Credit Card,0,Inactive,180439.75,0,Retained
681,Spain,Male,65,7,134714.7,2,0,No Credit Card,1,Active,190419.81,0,Retained
516,Spain,Female,33,3,0.0,2,1,Has Credit Card,1,Active,58685.59,0,Retained
421,Germany,Male,28,8,122384.22,3,1,Has Credit Card,1,Active,89017.38,1,Churned
700,France,Female,26,2,0.0,2,0,No Credit Card,0,Inactive,50051.42,0,Retained
745,France,Male,25,5,157993.15,2,1,Has Credit Card,0,Inactive,146041.45,0,Retained
696,France,Male,29,8,0.0,2,1,Has Credit Card,0,Inactive,191166.09,0,Retained
580,Germany,Female,42,2,123331.36,1,0,No Credit Card,0,Inactive,103516.08,1,Churned
497,Spain,Male,27,9,75263.16,1,1,Has Credit Card,1,Active,164825.04,0,Retained
720,France,Female,43,6,137824.03,2,1,Has Credit Card,0,Inactive,172557.77,0,Retained
659,Germany,Male,36,4,132578.92,2,1,Has Credit Card,0,Inactive,84320.94,0,Retained
841,France,Female,36,5,156021.31,1,0,No Credit Card,0,Inactive,122662.98,0,Retained
642,Spain,Male,34,8,0.0,1,1,Has Credit Card,0,Inactive,72085.1,0,Retained
732,Spain,Female,69,9,137453.43,1,0,No Credit Card,1,Active,110932.24,1,Churned
600,Spain,Male,36,4,0.0,2,1,Has Credit Card,0,Inactive,143635.36,0,Retained
464,Germany,Male,33,8,164284.72,2,1,Has Credit Card,1,Active,3710.34,0,Retained
680,France,Female,47,5,0.0,2,1,Has Credit Card,1,Active,179843.33,0,Retained
758,Spain,Male,56,1,0.0,2,1,Has Credit Card,1,Active,10643.38,0,Retained
630,Germany,Female,31,2,112373.49,2,1,Has Credit Card,1,Active,131167.98,0,Retained
577,France,Female,39,10,0.0,2,1,Has Credit Card,0,Inactive,10553.31,0,Retained
684,France,Female,34,6,0.0,2,1,Has Credit Card,1,Active,130928.22,0,Retained
708,Spain,Female,41,5,0.0,1,0,No Credit Card,1,Active,157003.99,0,Retained
732,Germany,Female,29,1,154333.82,1,1,Has Credit Card,1,Active,138527.56,0,Retained
634,Germany,Male,37,3,111432.77,2,1,Has Credit Card,1,Active,167032.49,0,Retained
633,France,Female,30,6,0.0,2,0,No Credit Card,0,Inactive,41642.29,0,Retained
559,France,Male,34,2,137390.11,2,1,Has Credit Card,0,Inactive,9677.0,0,Retained
694,Spain,Female,37,3,0.0,2,1,Has Credit Card,1,Active,147012.22,0,Retained
686,Germany,Female,56,5,111642.08,1,1,Has Credit Card,1,Active,80553.87,0,Retained
553,Spain,Female,48,3,0.0,1,0,No Credit Card,1,Active,30730.95,1,Churned
507,France,Male,36,4,83543.37,1,0,No Credit Card,0,Inactive,140134.43,0,Retained
732,Germany,Male,50,6,145338.76,1,0,No Credit Card,0,Inactive,91936.1,1,Churned
818,France,Female,31,1,186796.37,1,0,No Credit Card,0,Inactive,178252.63,0,Retained
660,Germany,Male,35,8,58641.43,1,0,No Credit Card,1,Active,198674.08,0,Retained
773,Spain,Female,41,5,0.0,1,1,Has Credit Card,0,Inactive,28266.9,1,Churned
640,France,Male,44,3,137148.68,1,1,Has Credit Card,0,Inactive,92381.01,0,Retained
505,France,Male,49,7,80001.23,1,0,No Credit Card,0,Inactive,135180.11,0,Retained
714,Germany,Male,21,6,86402.52,2,0,No Credit Card,0,Inactive,27330.59,0,Retained
468,France,Female,42,5,0.0,2,1,Has Credit Card,0,Inactive,125305.34,0,Retained
611,Spain,Male,51,1,122874.74,1,1,Has Credit Card,1,Active,149648.45,0,Retained
705,France,Male,25,0,97544.29,1,0,No Credit Card,1,Active,59887.15,0,Retained
646,Germany,Male,46,1,170826.55,2,1,Has Credit Card,0,Inactive,45041.32,0,Retained
667,Germany,Female,48,1,97133.92,2,0,No Credit Card,0,Inactive,113316.77,1,Churned
511,Germany,Female,41,8,153895.65,1,1,Has Credit Card,1,Active,39087.42,0,Retained
653,France,Female,43,6,0.0,2,1,Has Credit Card,1,Active,7330.59,0,Retained
675,France,Female,57,8,0.0,2,0,No Credit Card,1,Active,95463.29,0,Retained
523,Spain,Male,32,4,0.0,2,1,Has Credit Card,0,Inactive,167848.02,0,Retained
567,Germany,Female,49,5,134956.02,1,1,Has Credit Card,0,Inactive,93953.84,1,Churned
741,Spain,Male,39,7,143637.58,2,0,No Credit Card,1,Active,174227.66,0,Retained
456,Spain,Male,32,9,147506.25,1,1,Has Credit Card,1,Active,135399.21,0,Retained
598,France,Male,64,1,0.0,2,1,Has Credit Card,0,Inactive,195635.3,1,Churned
667,France,Male,43,8,190227.46,1,1,Has Credit Card,0,Inactive,97508.04,1,Churned
548,France,Female,32,2,172448.77,1,1,Has Credit Card,0,Inactive,188083.77,1,Churned
725,France,Male,41,7,113980.21,1,1,Has Credit Card,1,Active,116704.25,0,Retained
717,France,Male,53,6,0.0,2,0,No Credit Card,1,Active,97614.87,0,Retained
594,France,Male,38,4,0.0,2,0,No Credit Card,0,Inactive,186884.04,0,Retained
678,Germany,Female,25,10,76968.12,2,0,No Credit Card,1,Active,131501.72,0,Retained
545,France,Male,38,1,88293.13,2,1,Has Credit Card,1,Active,24302.95,0,Retained
636,France,Female,48,1,170833.46,1,1,Has Credit Card,0,Inactive,110510.28,1,Churned
603,Germany,Male,44,6,108122.39,2,1,Has Credit Card,0,Inactive,108488.33,1,Churned
435,France,Male,36,4,0.0,1,1,Has Credit Card,1,Active,197015.2,0,Retained
535,France,Female,40,8,0.0,1,1,Has Credit Card,1,Active,27689.77,0,Retained
629,Germany,Female,45,7,129818.39,3,1,Has Credit Card,0,Inactive,9217.55,1,Churned
722,France,Female,35,2,163943.89,2,1,Has Credit Card,1,Active,15068.18,0,Retained
561,France,Male,28,7,0.0,2,1,Has Credit Card,0,Inactive,7797.01,0,Retained
645,France,Female,38,5,101430.3,2,0,No Credit Card,1,Active,4400.32,0,Retained
501,France,Female,39,9,117301.66,1,0,No Credit Card,0,Inactive,182025.95,0,Retained
502,Germany,Female,32,1,173340.83,1,0,No Credit Card,1,Active,122763.95,0,Retained
652,Spain,Female,42,4,0.0,2,1,Has Credit Card,1,Active,38152.01,0,Retained
574,France,Female,33,3,134348.57,1,1,Has Credit Card,0,Inactive,63163.99,0,Retained
518,France,Female,45,9,105525.65,2,1,Has Credit Card,1,Active,73418.29,0,Retained
749,France,Female,60,6,0.0,1,1,Has Credit Card,0,Inactive,17978.68,1,Churned
679,France,Female,43,4,0.0,3,1,Has Credit Card,0,Inactive,115136.51,1,Churned
565,France,Male,36,6,106192.1,1,1,Has Credit Card,0,Inactive,149575.59,0,Retained
643,France,Female,45,4,45144.43,1,1,Has Credit Card,0,Inactive,60917.24,1,Churned
515,France,Male,65,7,92113.61,1,1,Has Credit Card,1,Active,142548.33,0,Retained
521,France,Male,25,7,0.0,2,1,Has Credit Card,1,Active,157878.67,0,Retained
739,Spain,Male,38,0,128366.44,1,1,Has Credit Card,0,Inactive,12796.43,0,Retained
585,France,Male,42,2,0.0,2,1,Has Credit Card,1,Active,18657.77,0,Retained
733,Germany,Male,74,3,106545.53,1,1,Has Credit Card,1,Active,134589.58,0,Retained
542,France,Female,43,8,145618.37,1,0,No Credit Card,1,Active,10350.74,0,Retained
788,Spain,Male,37,8,141541.25,1,0,No Credit Card,0,Inactive,66013.27,0,Retained
435,Germany,Male,32,2,57017.06,2,1,Has Credit Card,1,Active,5907.11,0,Retained
577,France,Male,42,9,0.0,1,1,Has Credit Card,0,Inactive,74077.91,0,Retained
703,France,Female,51,3,0.0,3,1,Has Credit Card,1,Active,77294.56,1,Churned
728,Germany,Female,35,8,125884.95,2,1,Has Credit Card,0,Inactive,54359.02,1,Churned
728,Germany,Male,32,5,61825.5,1,1,Has Credit Card,1,Active,156124.93,0,Retained
718,France,Male,35,8,0.0,2,1,Has Credit Card,0,Inactive,94820.85,0,Retained
621,France,Female,40,6,0.0,1,1,Has Credit Card,0,Inactive,155155.25,0,Retained
523,France,Female,40,2,102967.41,1,1,Has Credit Card,0,Inactive,128702.1,1,Churned
657,Germany,Male,25,2,171770.55,1,1,Has Credit Card,0,Inactive,22745.5,0,Retained
727,Germany,Male,40,1,93051.64,2,1,Has Credit Card,0,Inactive,71865.31,1,Churned
643,France,Male,36,7,161064.64,2,0,No Credit Card,1,Active,84294.82,0,Retained
645,France,Female,48,7,90612.34,1,1,Has Credit Card,1,Active,149139.13,0,Retained
568,France,Male,28,5,145105.64,2,1,Has Credit Card,0,Inactive,185489.11,0,Retained
599,France,Male,58,4,0.0,1,0,No Credit Card,0,Inactive,176407.15,1,Churned
672,France,Female,45,9,0.0,1,1,Has Credit Card,1,Active,92027.69,1,Churned
685,France,Male,33,6,174912.72,1,1,Has Credit Card,1,Active,43932.54,0,Retained
516,France,Female,46,1,104947.72,1,1,Has Credit Card,0,Inactive,115789.25,1,Churned
685,Spain,Male,31,10,135213.71,1,1,Has Credit Card,1,Active,125777.28,0,Retained
806,Spain,Male,25,7,0.0,2,1,Has Credit Card,0,Inactive,18461.9,0,Retained
604,France,Male,36,6,116229.85,2,1,Has Credit Card,1,Active,79633.38,0,Retained
648,Spain,Female,53,6,111201.41,1,1,Has Credit Card,1,Active,121542.29,0,Retained
545,Spain,Female,32,4,0.0,1,1,Has Credit Card,0,Inactive,94739.2,0,Retained
756,Germany,Male,27,1,131899.0,1,1,Has Credit Card,0,Inactive,93302.29,0,Retained
569,France,Male,35,10,124525.52,1,1,Has Credit Card,1,Active,193793.78,0,Retained
596,France,Male,47,6,0.0,1,1,Has Credit Card,0,Inactive,74835.65,0,Retained
475,France,Male,39,6,0.0,1,1,Has Credit Card,1,Active,56999.9,1,Churned
646,France,Female,45,3,47134.75,1,1,Has Credit Card,1,Active,57236.44,0,Retained
784,Spain,Male,35,3,0.0,2,0,No Credit Card,0,Inactive,81483.64,0,Retained
552,Spain,Male,45,9,0.0,2,1,Has Credit Card,0,Inactive,26752.56,0,Retained
729,France,Male,44,5,0.0,2,0,No Credit Card,1,Active,9200.54,0,Retained
609,Spain,Male,61,1,0.0,1,1,Has Credit Card,0,Inactive,22447.85,1,Churned
555,France,Male,51,5,0.0,3,1,Has Credit Card,0,Inactive,189122.89,1,Churned
572,Germany,Female,19,1,138657.08,1,1,Has Credit Card,1,Active,16161.82,0,Retained
785,France,Female,34,9,70302.48,1,1,Has Credit Card,1,Active,68600.36,0,Retained
714,Germany,Female,36,1,101609.01,2,1,Has Credit Card,1,Active,447.73,0,Retained
738,Spain,Male,35,3,0.0,1,1,Has Credit Card,1,Active,15650.73,0,Retained
639,Germany,Male,38,5,130170.82,1,1,Has Credit Card,1,Active,149599.62,0,Retained
520,Germany,Male,61,8,133802.29,2,1,Has Credit Card,1,Active,90304.01,0,Retained
764,France,Female,24,7,106234.02,1,0,No Credit Card,0,Inactive,115676.38,0,Retained
661,Spain,Male,39,6,132628.98,1,0,No Credit Card,0,Inactive,38812.67,0,Retained
564,Germany,Male,41,9,103522.75,2,1,Has Credit Card,1,Active,34338.21,0,Retained
708,Germany,Female,42,8,192390.52,2,1,Has Credit Card,0,Inactive,823.36,0,Retained
512,Spain,Male,36,1,0.0,1,0,No Credit Card,1,Active,135482.26,1,Churned
592,Spain,Male,37,9,0.0,3,1,Has Credit Card,1,Active,10656.89,0,Retained
619,France,Female,38,3,0.0,2,0,No Credit Card,1,Active,116467.35,0,Retained
775,France,Male,52,8,109922.61,1,1,Has Credit Card,1,Active,96823.32,1,Churned
850,Germany,Female,44,5,128605.32,1,0,No Credit Card,1,Active,171096.2,0,Retained
577,France,Female,37,4,0.0,1,1,Has Credit Card,1,Active,79881.39,0,Retained
724,France,Female,37,10,68598.56,1,1,Has Credit Card,0,Inactive,157862.82,0,Retained
710,Spain,Male,35,1,106518.52,1,1,Has Credit Card,1,Active,127951.81,0,Retained
696,France,Female,31,8,0.0,2,0,No Credit Card,0,Inactive,191074.11,0,Retained
376,France,Female,46,6,0.0,1,1,Has Credit Card,0,Inactive,157333.69,1,Churned
675,Germany,Female,29,8,121326.42,1,1,Has Credit Card,0,Inactive,133457.52,0,Retained
745,France,Male,36,8,67226.37,1,1,Has Credit Card,0,Inactive,130789.6,0,Retained
697,Spain,Female,25,5,82931.85,2,1,Has Credit Card,1,Active,128373.88,0,Retained
599,Spain,Female,39,4,0.0,1,1,Has Credit Card,0,Inactive,194273.2,1,Churned
715,France,Female,38,5,118590.41,1,1,Has Credit Card,1,Active,5684.17,1,Churned
659,France,Male,67,4,145981.87,1,1,Has Credit Card,1,Active,131043.2,0,Retained
684,France,Female,48,3,73309.38,1,0,No Credit Card,0,Inactive,21228.34,1,Churned
635,France,Female,48,8,130796.33,2,1,Has Credit Card,1,Active,43250.3,0,Retained
789,Germany,Male,33,8,151607.56,1,1,Has Credit Card,0,Inactive,4389.4,0,Retained
571,Germany,Female,66,9,111577.01,1,0,No Credit Card,1,Active,189271.9,0,Retained
694,Spain,Male,39,0,107042.74,1,1,Has Credit Card,1,Active,102284.2,0,Retained
665,Spain,Female,42,2,156371.61,2,0,No Credit Card,1,Active,156774.94,1,Churned
706,France,Female,44,4,129605.99,1,0,No Credit Card,0,Inactive,69865.49,0,Retained
807,Spain,Female,43,0,0.0,2,0,No Credit Card,1,Active,85523.24,0,Retained
771,Spain,Female,67,8,0.0,2,1,Has Credit Card,1,Active,51219.8,0,Retained
531,Spain,Male,27,8,132576.25,1,0,No Credit Card,0,Inactive,7222.92,0,Retained
629,France,Female,37,6,129101.3,1,1,Has Credit Card,1,Active,23971.33,0,Retained
850,Germany,Female,31,1,108822.4,1,1,Has Credit Card,1,Active,132173.31,0,Retained
685,Spain,Male,35,4,137948.51,1,1,Has Credit Card,0,Inactive,113639.64,0,Retained
642,Spain,Male,32,7,100433.8,1,1,Has Credit Card,1,Active,39768.59,0,Retained
529,Spain,Male,63,4,96134.11,3,1,Has Credit Card,0,Inactive,108732.96,1,Churned
683,Germany,Female,43,4,115888.04,1,1,Has Credit Card,1,Active,117349.19,1,Churned
663,France,Female,42,5,124626.07,1,1,Has Credit Card,1,Active,78004.5,0,Retained
563,France,Female,34,6,139810.34,1,1,Has Credit Card,1,Active,152417.79,0,Retained
637,Spain,Female,34,9,0.0,2,0,No Credit Card,0,Inactive,26057.08,0,Retained
544,France,Male,37,3,84496.71,1,0,No Credit Card,0,Inactive,79972.09,0,Retained
649,Germany,Male,70,9,116854.71,2,0,No Credit Card,1,Active,107125.79,0,Retained
638,France,Female,48,10,138333.03,1,1,Has Credit Card,1,Active,47679.14,0,Retained
723,France,Male,25,3,0.0,2,1,Has Credit Card,1,Active,134509.47,0,Retained
635,Germany,Male,43,5,78992.75,2,0,No Credit Card,0,Inactive,153265.31,0,Retained
750,Spain,Female,38,7,97257.41,2,0,No Credit Card,1,Active,179883.04,0,Retained
730,France,Male,34,5,122453.37,2,1,Has Credit Card,0,Inactive,138882.98,0,Retained
750,Spain,Female,36,8,112940.07,1,0,No Credit Card,1,Active,9855.81,0,Retained
586,France,Female,43,8,132558.26,1,1,Has Credit Card,0,Inactive,67046.83,1,Churned
520,France,Female,38,4,0.0,2,1,Has Credit Card,0,Inactive,56388.63,0,Retained
652,France,Female,48,8,133297.24,1,1,Has Credit Card,0,Inactive,77764.37,0,Retained
550,France,Female,46,7,0.0,2,1,Has Credit Card,0,Inactive,130590.35,0,Retained
594,France,Male,27,0,197041.8,1,0,No Credit Card,0,Inactive,151912.49,0,Retained
749,Germany,Female,44,0,71497.79,2,0,No Credit Card,0,Inactive,151083.8,0,Retained
668,France,Male,32,7,0.0,2,1,Has Credit Card,1,Active,777.37,0,Retained
614,Germany,Female,35,6,128100.28,1,0,No Credit Card,0,Inactive,69454.24,1,Churned
773,France,Male,25,1,124532.78,2,0,No Credit Card,1,Active,11723.57,0,Retained
551,Germany,Male,31,9,82293.82,2,1,Has Credit Card,1,Active,91565.25,0,Retained
566,France,Male,36,1,142120.91,1,1,Has Credit Card,0,Inactive,79616.37,0,Retained
569,Spain,Male,34,0,151839.26,1,1,Has Credit Card,0,Inactive,102299.81,1,Churned
659,Spain,Male,31,7,149620.88,2,1,Has Credit Card,1,Active,104533.51,0,Retained
722,France,Female,49,3,168197.66,1,1,Has Credit Card,0,Inactive,140765.57,1,Churned
655,France,Male,37,5,93147.0,2,1,Has Credit Card,0,Inactive,66214.13,0,Retained
615,France,Female,35,2,97440.02,2,1,Has Credit Card,1,Active,139816.1,0,Retained
752,Germany,Female,42,3,65046.08,2,0,No Credit Card,1,Active,140139.28,0,Retained
661,Spain,Female,28,7,95357.49,1,0,No Credit Card,0,Inactive,102297.15,0,Retained
838,Spain,Male,43,9,123105.88,2,1,Has Credit Card,0,Inactive,145765.83,0,Retained
610,Spain,Male,29,9,0.0,3,0,No Credit Card,1,Active,83912.24,0,Retained
811,Spain,Male,44,3,0.0,2,0,No Credit Card,1,Active,78439.73,0,Retained
587,Spain,Male,62,7,121286.27,1,0,No Credit Card,1,Active,6776.92,0,Retained
811,Germany,Female,28,4,167738.82,2,1,Has Credit Card,1,Active,9903.42,0,Retained
759,France,Female,38,1,104091.29,1,0,No Credit Card,0,Inactive,91561.91,0,Retained
648,Germany,Female,42,8,121980.56,2,1,Has Credit Card,0,Inactive,4027.02,0,Retained
788,France,Female,43,10,0.0,2,1,Has Credit Card,1,Active,116111.51,0,Retained
725,Germany,Male,39,1,50880.98,2,1,Has Credit Card,1,Active,184023.54,0,Retained
646,France,Female,42,3,175159.9,2,0,No Credit Card,0,Inactive,67124.48,1,Churned
601,Germany,Female,26,7,105514.69,2,1,Has Credit Card,0,Inactive,50070.59,0,Retained
521,Germany,Male,52,5,116497.31,3,0,No Credit Card,0,Inactive,53793.1,1,Churned
561,Spain,Female,33,6,0.0,2,1,Has Credit Card,0,Inactive,45261.47,0,Retained
564,France,Male,42,7,99824.45,1,1,Has Credit Card,1,Active,36721.4,0,Retained
444,France,Male,45,6,0.0,1,1,Has Credit Card,0,Inactive,130009.85,1,Churned
650,Spain,Male,71,0,0.0,1,1,Has Credit Card,1,Active,175380.77,0,Retained
724,France,Male,40,10,0.0,1,1,Has Credit Card,0,Inactive,127847.25,1,Churned
719,Spain,Male,35,3,122964.88,1,1,Has Credit Card,1,Active,138231.7,0,Retained
548,France,Female,29,4,0.0,2,0,No Credit Card,1,Active,48673.18,0,Retained
635,Spain,Male,24,4,0.0,2,1,Has Credit Card,1,Active,70668.77,0,Retained
496,Spain,Female,43,3,0.0,2,0,No Credit Card,1,Active,199505.53,0,Retained
676,France,Female,37,5,89634.69,1,1,Has Credit Card,1,Active,169583.18,1,Churned
541,Germany,Male,40,7,95710.11,2,1,Has Credit Card,0,Inactive,49063.42,0,Retained
778,Germany,Male,41,7,139706.31,1,1,Has Credit Card,0,Inactive,63337.19,0,Retained
850,Germany,Female,45,5,103909.86,1,1,Has Credit Card,0,Inactive,60083.11,1,Churned
633,France,Male,31,1,0.0,1,1,Has Credit Card,0,Inactive,48606.71,0,Retained
625,France,Male,49,6,173434.9,1,1,Has Credit Card,0,Inactive,165580.93,1,Churned
485,Spain,Male,32,6,102238.01,2,1,Has Credit Card,1,Active,194010.12,0,Retained
547,France,Female,48,1,179380.74,2,0,No Credit Card,1,Active,69263.1,0,Retained
642,France,Male,32,3,0.0,2,1,Has Credit Card,1,Active,88698.83,0,Retained
718,France,Female,25,4,108691.95,1,1,Has Credit Card,0,Inactive,63030.97,0,Retained
582,France,Female,32,4,0.0,2,1,Has Credit Card,0,Inactive,59668.81,0,Retained
628,France,Male,33,6,0.0,2,0,No Credit Card,0,Inactive,184230.23,0,Retained
737,Germany,Male,35,0,133377.8,1,0,No Credit Card,1,Active,64050.19,0,Retained
828,Spain,Male,34,9,0.0,2,1,Has Credit Card,1,Active,81853.98,0,Retained
609,Spain,Male,53,10,0.0,1,1,Has Credit Card,1,Active,154642.91,0,Retained
730,France,Male,39,1,116537.6,1,0,No Credit Card,0,Inactive,145679.6,0,Retained
631,France,Female,22,3,0.0,2,0,No Credit Card,0,Inactive,30781.77,0,Retained
830,Spain,Male,40,4,0.0,2,0,No Credit Card,1,Active,81622.52,0,Retained
645,France,Male,29,1,130131.08,2,0,No Credit Card,1,Active,196474.35,0,Retained
663,France,Male,46,3,0.0,2,0,No Credit Card,1,Active,176276.1,0,Retained
678,Spain,Male,30,0,0.0,1,1,Has Credit Card,0,Inactive,35113.08,0,Retained
521,France,Male,30,2,107316.09,1,1,Has Credit Card,0,Inactive,64299.82,0,Retained
625,France,Female,24,1,0.0,2,1,Has Credit Card,1,Active,180969.55,0,Retained
523,France,Male,30,1,83181.29,1,1,Has Credit Card,1,Active,138176.78,0,Retained
714,France,Female,72,3,0.0,1,1,Has Credit Card,1,Active,86733.61,0,Retained
580,Spain,Male,67,3,153946.14,1,1,Has Credit Card,1,Active,7418.92,0,Retained
722,France,Male,30,5,0.0,2,1,Has Credit Card,0,Inactive,166376.54,0,Retained
630,Spain,Female,39,7,135483.17,1,1,Has Credit Card,0,Inactive,140881.2,1,Churned
579,France,Male,35,1,0.0,2,1,Has Credit Card,0,Inactive,4460.2,0,Retained
670,France,Female,38,4,119624.54,2,1,Has Credit Card,1,Active,110472.12,0,Retained
588,Spain,Male,34,6,121132.26,2,1,Has Credit Card,0,Inactive,86460.28,0,Retained
807,Spain,Female,42,1,0.0,1,1,Has Credit Card,0,Inactive,16500.66,1,Churned
726,France,Female,48,4,0.0,1,1,Has Credit Card,0,Inactive,114020.06,1,Churned
812,Germany,Male,25,5,54817.55,1,1,Has Credit Card,0,Inactive,131660.31,0,Retained
631,Germany,Male,40,3,107949.45,1,1,Has Credit Card,0,Inactive,52449.62,1,Churned
682,France,Male,30,4,0.0,1,0,No Credit Card,1,Active,161465.31,0,Retained
625,Spain,Female,49,2,80816.45,1,1,Has Credit Card,1,Active,20018.79,0,Retained
607,Germany,Male,38,3,98205.77,1,1,Has Credit Card,0,Inactive,176318.27,0,Retained
600,Spain,Female,50,6,94684.27,1,1,Has Credit Card,1,Active,50488.91,0,Retained
602,Spain,Female,22,7,141604.76,1,1,Has Credit Card,0,Inactive,30379.6,0,Retained
545,Spain,Female,74,3,0.0,2,1,Has Credit Card,1,Active,161326.73,0,Retained
675,Spain,Male,33,3,0.0,2,1,Has Credit Card,0,Inactive,45348.08,0,Retained
581,France,Female,47,1,122949.14,1,0,No Credit Card,0,Inactive,180251.68,1,Churned
640,Germany,Male,33,8,81677.22,2,0,No Credit Card,0,Inactive,34925.56,0,Retained
850,France,Male,38,7,80293.98,1,0,No Credit Card,0,Inactive,126555.74,0,Retained
490,Spain,Female,48,8,155413.06,1,1,Has Credit Card,0,Inactive,187921.3,0,Retained
710,Spain,Female,38,4,0.0,2,1,Has Credit Card,1,Active,136390.88,0,Retained
613,Germany,Male,38,9,67111.65,1,1,Has Credit Card,0,Inactive,78566.64,1,Churned
812,France,Male,34,5,103818.43,1,1,Has Credit Card,1,Active,166038.27,0,Retained
723,France,Female,20,4,0.0,2,1,Has Credit Card,1,Active,140385.33,0,Retained
512,France,Male,36,4,152169.12,2,0,No Credit Card,0,Inactive,38629.3,1,Churned
731,France,Female,52,10,0.0,1,1,Has Credit Card,1,Active,24998.75,1,Churned
650,Germany,Male,26,4,214346.96,2,1,Has Credit Card,0,Inactive,128815.33,0,Retained
594,France,Male,57,6,0.0,1,1,Has Credit Card,0,Inactive,19376.56,1,Churned
844,France,Male,40,7,113348.14,1,1,Has Credit Card,0,Inactive,31904.31,1,Churned
686,Germany,Female,47,5,170935.94,1,1,Has Credit Card,0,Inactive,173179.79,1,Churned
695,Germany,Male,52,8,103023.26,1,1,Has Credit Card,1,Active,22485.64,0,Retained
624,Spain,Female,23,6,0.0,2,0,No Credit Card,1,Active,196668.51,0,Retained
503,Spain,Male,37,6,0.0,2,0,No Credit Card,0,Inactive,136506.86,0,Retained
535,France,Female,31,7,111855.04,2,1,Has Credit Card,1,Active,36278.89,0,Retained
743,Germany,Female,32,6,140348.56,2,1,Has Credit Card,1,Active,163254.39,0,Retained
702,Spain,Male,39,8,0.0,2,1,Has Credit Card,0,Inactive,99654.13,0,Retained
658,France,Male,29,3,145512.84,1,1,Has Credit Card,0,Inactive,20207.02,0,Retained
677,Germany,Female,41,8,146720.98,2,1,Has Credit Card,1,Active,4195.84,0,Retained
664,France,Male,32,10,107209.73,1,1,Has Credit Card,1,Active,112340.2,0,Retained
766,Germany,Female,38,7,130933.74,1,0,No Credit Card,1,Active,2035.94,0,Retained
461,Spain,Female,35,8,0.0,1,1,Has Credit Card,0,Inactive,132295.95,0,Retained
688,Spain,Male,36,0,89772.3,1,1,Has Credit Card,0,Inactive,177383.68,1,Churned
678,France,Female,32,5,0.0,2,1,Has Credit Card,0,Inactive,90284.47,0,Retained
796,France,Male,24,8,0.0,2,1,Has Credit Card,0,Inactive,61349.37,0,Retained
803,France,Male,42,5,0.0,1,1,Has Credit Card,0,Inactive,196466.83,1,Churned
712,France,Male,36,2,100749.5,3,0,No Credit Card,0,Inactive,70758.37,1,Churned
498,France,Female,31,10,0.0,2,1,Has Credit Card,0,Inactive,13892.57,0,Retained
850,Spain,Male,22,2,0.0,2,1,Has Credit Card,1,Active,9684.52,0,Retained
628,France,Female,51,3,123981.31,2,1,Has Credit Card,1,Active,40546.15,0,Retained
539,Germany,Female,34,4,91622.42,1,1,Has Credit Card,1,Active,136603.42,0,Retained
732,France,Male,36,7,126195.81,1,1,Has Credit Card,1,Active,133172.48,0,Retained
715,France,Male,41,4,94267.9,1,0,No Credit Card,1,Active,152821.12,1,Churned
651,France,Male,40,4,0.0,2,1,Has Credit Card,1,Active,147715.83,0,Retained
813,France,Male,34,0,0.0,2,1,Has Credit Card,0,Inactive,43169.15,0,Retained
692,France,Male,29,4,0.0,1,1,Has Credit Card,0,Inactive,76755.99,1,Churned
756,Germany,Female,39,3,100717.85,3,1,Has Credit Card,1,Active,73406.04,1,Churned
543,France,Male,36,6,0.0,2,1,Has Credit Card,0,Inactive,176728.28,0,Retained
790,France,Female,26,4,141581.71,2,0,No Credit Card,0,Inactive,98309.27,0,Retained
494,Spain,Male,38,7,0.0,2,1,Has Credit Card,1,Active,6203.66,0,Retained
850,France,Female,39,2,148586.64,1,1,Has Credit Card,1,Active,176791.27,0,Retained
703,Spain,Male,29,9,0.0,2,1,Has Credit Card,0,Inactive,50679.48,0,Retained
432,Spain,Male,38,7,0.0,2,1,Has Credit Card,0,Inactive,150580.88,0,Retained
512,Germany,Female,32,2,123403.85,2,1,Has Credit Card,0,Inactive,80120.19,0,Retained
589,France,Male,28,7,0.0,2,1,Has Credit Card,0,Inactive,151645.96,0,Retained
514,France,Female,46,3,106511.85,1,1,Has Credit Card,0,Inactive,55072.32,0,Retained
678,France,Female,38,2,0.0,2,0,No Credit Card,0,Inactive,115068.99,0,Retained
420,Germany,Female,34,1,135549.9,1,0,No Credit Card,0,Inactive,149471.13,1,Churned
679,Germany,Male,38,7,110555.37,2,1,Has Credit Card,0,Inactive,46522.68,0,Retained
595,France,Male,31,4,0.0,2,1,Has Credit Card,0,Inactive,189995.86,0,Retained
713,France,Female,52,0,185891.54,1,1,Has Credit Card,1,Active,46369.57,1,Churned
833,Germany,Male,59,1,130854.59,1,1,Has Credit Card,1,Active,30722.52,1,Churned
690,France,Female,42,3,92578.14,2,0,No Credit Card,0,Inactive,70810.6,0,Retained
731,Germany,Female,21,8,132312.06,1,1,Has Credit Card,0,Inactive,106663.46,1,Churned
608,France,Female,62,8,144976.5,1,0,No Credit Card,0,Inactive,175836.03,1,Churned
479,Spain,Male,48,5,87070.23,1,0,No Credit Card,1,Active,85646.41,0,Retained
519,France,Male,42,8,0.0,2,1,Has Credit Card,1,Active,101485.72,0,Retained
731,France,Female,47,1,115414.19,3,0,No Credit Card,0,Inactive,191734.67,1,Churned
617,Spain,Male,61,7,91070.43,1,1,Has Credit Card,1,Active,101839.77,0,Retained
756,Spain,Male,29,2,117412.19,2,1,Has Credit Card,0,Inactive,4888.91,0,Retained
848,Germany,Male,31,4,90018.45,2,1,Has Credit Card,0,Inactive,193132.98,0,Retained
809,France,Female,24,4,0.0,2,1,Has Credit Card,0,Inactive,193518.76,0,Retained
698,Germany,Male,56,1,112414.81,2,0,No Credit Card,0,Inactive,93982.02,1,Churned
779,Germany,Male,33,1,158456.76,1,1,Has Credit Card,1,Active,197000.92,1,Churned
606,Spain,Male,35,7,0.0,1,1,Has Credit Card,0,Inactive,106837.06,1,Churned
612,Germany,Female,58,1,149641.53,1,1,Has Credit Card,1,Active,115161.28,0,Retained
663,Spain,Female,33,8,122528.18,1,1,Has Credit Card,0,Inactive,196260.3,0,Retained
549,Germany,Female,45,3,143734.01,2,1,Has Credit Card,1,Active,96404.38,0,Retained
675,France,Female,32,2,155663.31,1,1,Has Credit Card,0,Inactive,97658.66,0,Retained
669,France,Female,35,7,0.0,1,1,Has Credit Card,1,Active,49108.23,1,Churned
571,Germany,Female,34,1,101736.66,1,0,No Credit Card,1,Active,195651.66,0,Retained
500,Spain,Male,37,9,125822.21,1,1,Has Credit Card,0,Inactive,111698.0,0,Retained
628,France,Male,37,0,0.0,2,1,Has Credit Card,1,Active,171707.93,0,Retained
559,France,Male,34,4,0.0,2,1,Has Credit Card,1,Active,66721.98,0,Retained
769,France,Female,27,2,0.0,1,1,Has Credit Card,1,Active,57876.05,0,Retained
733,Germany,Male,31,6,157791.07,2,0,No Credit Card,0,Inactive,177994.81,0,Retained
750,France,Male,22,5,0.0,2,0,No Credit Card,1,Active,105125.65,0,Retained
583,France,Female,42,4,0.0,2,1,Has Credit Card,0,Inactive,17439.66,0,Retained
468,Germany,Male,42,9,181627.14,2,1,Has Credit Card,0,Inactive,172668.39,0,Retained
727,Spain,Female,57,1,109679.72,1,0,No Credit Card,1,Active,753.37,0,Retained
618,France,Female,37,5,96652.86,1,1,Has Credit Card,0,Inactive,98686.4,1,Churned
617,France,Male,40,5,190008.32,2,1,Has Credit Card,1,Active,107047.92,0,Retained
793,Spain,Male,41,9,0.0,2,1,Has Credit Card,0,Inactive,152153.74,0,Retained
630,France,Male,43,9,0.0,2,1,Has Credit Card,1,Active,34338.04,0,Retained
765,Germany,Male,43,4,148962.76,1,0,No Credit Card,1,Active,173878.87,1,Churned
546,France,Male,28,8,0.0,1,1,Has Credit Card,0,Inactive,159254.29,0,Retained
614,Germany,Female,30,3,131344.52,2,1,Has Credit Card,0,Inactive,54776.64,0,Retained
593,Germany,Female,29,5,101713.84,3,1,Has Credit Card,0,Inactive,134594.99,0,Retained
613,Spain,Male,34,3,0.0,1,1,Has Credit Card,1,Active,41724.72,0,Retained
655,France,Male,38,4,0.0,2,0,No Credit Card,0,Inactive,110527.71,0,Retained
700,France,Female,27,6,137963.07,1,0,No Credit Card,0,Inactive,8996.79,0,Retained
826,Spain,Female,29,4,129938.07,1,0,No Credit Card,1,Active,190200.53,0,Retained
652,Germany,Male,45,2,151421.44,1,0,No Credit Card,1,Active,115333.43,0,Retained
755,Germany,Female,45,7,135643.0,1,0,No Credit Card,0,Inactive,143619.52,1,Churned
538,Spain,Male,39,2,122773.5,2,1,Has Credit Card,1,Active,58467.08,0,Retained
729,France,Male,34,3,152303.8,1,1,Has Credit Card,0,Inactive,12128.69,0,Retained
615,France,Male,49,3,0.0,2,1,Has Credit Card,1,Active,49872.33,0,Retained
700,Spain,Male,54,1,79415.67,1,0,No Credit Card,1,Active,139735.54,0,Retained
434,Germany,Female,58,9,125801.03,2,1,Has Credit Card,0,Inactive,60891.8,1,Churned
729,Spain,Male,37,10,0.0,2,1,Has Credit Card,0,Inactive,100862.54,0,Retained
513,France,Male,35,8,0.0,1,1,Has Credit Card,0,Inactive,76640.29,1,Churned
755,France,Male,41,6,104817.41,1,1,Has Credit Card,0,Inactive,126013.58,1,Churned
615,France,Female,30,9,0.0,1,1,Has Credit Card,0,Inactive,87347.82,0,Retained
747,Germany,Female,32,5,67495.04,2,0,No Credit Card,1,Active,77370.37,0,Retained
850,France,Female,36,0,164850.54,1,1,Has Credit Card,1,Active,62722.44,0,Retained
712,Germany,Female,49,5,154776.42,2,0,No Credit Card,0,Inactive,196257.68,0,Retained
622,Germany,Female,28,1,143124.63,2,1,Has Credit Card,0,Inactive,81723.8,0,Retained
548,France,Female,35,10,0.0,1,1,Has Credit Card,1,Active,31299.71,0,Retained
607,France,Female,27,2,0.0,2,1,Has Credit Card,0,Inactive,63495.86,0,Retained
653,France,Female,38,8,102133.38,1,1,Has Credit Card,1,Active,166520.96,0,Retained
699,Spain,Male,26,6,79932.41,1,0,No Credit Card,0,Inactive,150242.44,0,Retained
693,Germany,Male,40,0,120711.73,1,0,No Credit Card,0,Inactive,27345.18,1,Churned
647,Germany,Female,43,3,122717.53,2,1,Has Credit Card,1,Active,87000.39,0,Retained
478,Spain,Female,36,3,92363.3,2,1,Has Credit Card,0,Inactive,44912.7,0,Retained
705,Spain,Female,40,5,203715.15,1,1,Has Credit Card,0,Inactive,179978.68,1,Churned
719,Spain,Male,39,5,0.0,2,1,Has Credit Card,0,Inactive,145759.7,0,Retained
726,France,Male,34,9,0.0,2,0,No Credit Card,0,Inactive,14121.61,0,Retained
626,France,Male,21,1,0.0,2,1,Has Credit Card,0,Inactive,66232.23,0,Retained
552,France,Male,49,4,0.0,1,1,Has Credit Card,1,Active,190296.76,1,Churned
807,Germany,Female,31,1,93460.47,2,0,No Credit Card,0,Inactive,172782.69,0,Retained
621,France,Male,34,6,0.0,2,1,Has Credit Card,1,Active,99128.13,0,Retained
651,Germany,Female,24,7,40224.7,1,1,Has Credit Card,1,Active,178341.33,0,Retained
673,France,Female,43,5,168069.73,1,1,Has Credit Card,1,Active,146992.24,1,Churned
652,France,Male,36,1,0.0,2,1,Has Credit Card,1,Active,151314.98,0,Retained
584,Germany,Male,47,7,130538.77,1,1,Has Credit Card,0,Inactive,92915.84,0,Retained
756,France,Male,37,3,132623.6,1,1,Has Credit Card,1,Active,58974.0,0,Retained
670,France,Female,35,3,103465.02,2,1,Has Credit Card,1,Active,174627.06,0,Retained
765,France,Female,50,9,126547.8,1,1,Has Credit Card,1,Active,79579.94,1,Churned
528,France,Male,30,2,128262.72,2,1,Has Credit Card,0,Inactive,50771.16,0,Retained
701,France,Male,40,5,169742.64,1,1,Has Credit Card,1,Active,153537.55,1,Churned
797,France,Female,29,1,0.0,2,1,Has Credit Card,1,Active,132975.39,0,Retained
639,Germany,Male,27,3,150795.81,1,0,No Credit Card,1,Active,85208.93,0,Retained
785,Spain,Female,61,4,129855.72,2,1,Has Credit Card,0,Inactive,170214.82,1,Churned
363,Spain,Female,28,6,146098.43,3,1,Has Credit Card,0,Inactive,100615.14,1,Churned
764,France,Female,24,7,0.0,2,1,Has Credit Card,0,Inactive,186105.99,0,Retained
676,France,Female,43,2,0.0,1,1,Has Credit Card,1,Active,55119.53,0,Retained
718,Germany,Male,28,4,65643.3,1,1,Has Credit Card,0,Inactive,28760.99,0,Retained
590,Spain,Female,34,6,0.0,2,1,Has Credit Card,0,Inactive,171021.44,0,Retained
584,France,Male,38,9,104584.16,1,1,Has Credit Card,0,Inactive,176678.72,0,Retained
645,France,Male,41,7,0.0,1,0,No Credit Card,1,Active,28667.56,0,Retained
772,Germany,Male,30,6,99785.28,2,0,No Credit Card,0,Inactive,197238.03,0,Retained
399,Germany,Male,46,2,127655.22,1,1,Has Credit Card,0,Inactive,139994.68,1,Churned
529,France,Male,22,5,0.0,1,1,Has Credit Card,0,Inactive,151169.83,0,Retained
463,France,Male,35,2,101257.16,1,1,Has Credit Card,1,Active,118113.64,0,Retained
630,France,Female,40,7,0.0,2,1,Has Credit Card,1,Active,34453.17,0,Retained
780,France,Male,76,10,121313.88,1,0,No Credit Card,1,Active,64872.33,0,Retained
584,Spain,Male,32,5,0.0,2,1,Has Credit Card,0,Inactive,10956.82,0,Retained
752,Germany,Male,30,4,81523.38,1,1,Has Credit Card,1,Active,36885.85,0,Retained
697,France,Female,47,6,128252.66,1,1,Has Credit Card,1,Active,168053.4,0,Retained
850,France,Female,32,7,0.0,2,0,No Credit Card,0,Inactive,155227.0,0,Retained
711,France,Male,51,7,0.0,3,1,Has Credit Card,0,Inactive,38409.79,1,Churned
452,France,Female,32,5,0.0,2,0,No Credit Card,1,Active,75279.39,0,Retained
610,Spain,Male,42,6,0.0,2,1,Has Credit Card,0,Inactive,158302.59,1,Churned
694,France,Female,22,4,0.0,2,1,Has Credit Card,1,Active,11525.72,0,Retained
579,Spain,Male,33,6,0.0,1,1,Has Credit Card,0,Inactive,94993.04,1,Churned
745,Spain,Female,54,8,0.0,1,1,Has Credit Card,0,Inactive,173912.29,1,Churned
572,France,Male,33,5,0.0,1,0,No Credit Card,1,Active,41139.05,0,Retained
505,Germany,Male,29,3,145541.56,2,1,Has Credit Card,1,Active,58019.95,0,Retained
706,France,Female,23,5,0.0,1,0,No Credit Card,0,Inactive,164128.41,1,Churned
693,Germany,Male,44,5,124601.58,2,1,Has Credit Card,1,Active,46998.13,1,Churned
725,Germany,Female,33,7,115182.84,2,1,Has Credit Card,1,Active,177279.41,0,Retained
791,France,Male,37,2,163789.49,2,1,Has Credit Card,0,Inactive,75832.53,0,Retained
536,France,Male,46,1,65733.41,1,1,Has Credit Card,0,Inactive,61094.53,0,Retained
699,Spain,Male,47,1,0.0,2,0,No Credit Card,1,Active,30117.44,0,Retained
500,Spain,Female,47,8,128486.11,1,1,Has Credit Card,0,Inactive,179227.12,0,Retained
707,Spain,Female,53,6,109663.47,1,1,Has Credit Card,1,Active,52110.45,0,Retained
531,Germany,Female,42,6,88324.31,2,1,Has Credit Card,0,Inactive,75248.75,0,Retained
557,France,Female,28,7,146445.24,2,1,Has Credit Card,0,Inactive,184317.74,0,Retained
659,France,Female,38,3,0.0,2,1,Has Credit Card,0,Inactive,158553.1,0,Retained
575,Spain,Female,31,6,0.0,2,1,Has Credit Card,1,Active,95686.42,0,Retained
775,Germany,Male,36,2,109949.05,2,0,No Credit Card,1,Active,71682.54,0,Retained
772,Spain,Male,30,4,78653.05,1,1,Has Credit Card,0,Inactive,1790.48,0,Retained
587,Germany,Male,46,9,107850.82,1,1,Has Credit Card,0,Inactive,139431.0,1,Churned
667,Germany,Female,39,4,83765.35,2,1,Has Credit Card,0,Inactive,118358.54,0,Retained
771,France,Female,66,7,143773.07,1,1,Has Credit Card,1,Active,130827.88,0,Retained
523,Germany,Male,63,6,116227.27,1,1,Has Credit Card,1,Active,119404.63,0,Retained
662,Germany,Male,33,0,103471.52,1,1,Has Credit Card,1,Active,162703.0,0,Retained
717,France,Male,42,5,0.0,2,1,Has Credit Card,0,Inactive,172665.21,0,Retained
746,France,Male,24,3,137492.35,2,0,No Credit Card,1,Active,170142.09,0,Retained
569,France,Male,28,7,0.0,2,1,Has Credit Card,0,Inactive,73977.23,0,Retained
579,France,Male,36,9,129829.59,1,1,Has Credit Card,1,Active,60906.12,0,Retained
519,France,Female,21,1,146329.57,2,1,Has Credit Card,1,Active,194867.27,0,Retained
696,Germany,Male,30,4,114027.7,1,1,Has Credit Card,1,Active,193716.56,0,Retained
693,Germany,Male,25,6,146580.69,1,0,No Credit Card,1,Active,14633.35,0,Retained
587,Germany,Female,38,0,132122.42,2,0,No Credit Card,0,Inactive,31730.32,0,Retained
626,France,Female,44,10,81553.93,1,1,Has Credit Card,0,Inactive,20063.63,1,Churned
666,France,Female,66,7,0.0,2,1,Has Credit Card,1,Active,99792.82,0,Retained
512,France,Male,24,6,0.0,2,1,Has Credit Card,0,Inactive,37654.31,0,Retained
689,Spain,Female,28,3,0.0,2,1,Has Credit Card,1,Active,192449.02,0,Retained
803,France,Female,26,4,0.0,2,1,Has Credit Card,1,Active,181208.47,0,Retained
548,Germany,Male,32,5,175214.71,1,1,Has Credit Card,1,Active,155165.61,0,Retained
588,Germany,Female,40,10,125534.51,1,1,Has Credit Card,0,Inactive,121504.18,1,Churned
693,France,Male,68,4,97705.99,1,1,Has Credit Card,1,Active,61569.07,0,Retained
499,Germany,Female,55,4,126817.65,2,1,Has Credit Card,0,Inactive,123269.71,0,Retained
628,France,Female,46,1,46870.43,4,1,Has Credit Card,0,Inactive,31272.14,1,Churned
624,Spain,Male,46,3,0.0,2,1,Has Credit Card,1,Active,62825.03,0,Retained
733,France,Male,42,9,120094.93,1,1,Has Credit Card,0,Inactive,184056.45,0,Retained
628,France,Female,38,3,0.0,2,1,Has Credit Card,1,Active,48924.73,0,Retained
633,France,Female,33,3,0.0,2,1,Has Credit Card,0,Inactive,191111.02,0,Retained
559,Germany,Female,36,1,104356.94,2,0,No Credit Card,1,Active,54184.06,0,Retained
704,Germany,Male,27,5,147004.34,1,1,Has Credit Card,0,Inactive,64381.33,1,Churned
744,Germany,Male,38,6,73023.17,2,1,Has Credit Card,0,Inactive,78770.86,0,Retained
665,Spain,Female,40,1,173432.55,1,0,No Credit Card,1,Active,116766.79,0,Retained
638,France,Female,42,7,165679.92,1,0,No Credit Card,0,Inactive,32916.29,0,Retained
837,Spain,Male,31,9,104678.62,1,0,No Credit Card,1,Active,50972.6,0,Retained
534,France,Female,55,8,116973.26,3,1,Has Credit Card,0,Inactive,122066.5,1,Churned
548,France,Female,36,3,0.0,1,1,Has Credit Card,0,Inactive,65996.9,0,Retained
837,Germany,Male,38,2,126732.85,1,1,Has Credit Card,1,Active,79577.38,0,Retained
658,France,Female,44,6,148481.09,1,1,Has Credit Card,0,Inactive,130529.13,0,Retained
554,France,Female,38,4,137654.05,2,1,Has Credit Card,1,Active,172629.67,0,Retained
724,Germany,Male,30,7,115315.04,1,1,Has Credit Card,0,Inactive,15216.53,0,Retained
723,France,Male,42,2,99095.73,1,1,Has Credit Card,1,Active,17512.53,0,Retained
585,Germany,Female,39,7,165610.41,2,0,No Credit Card,0,Inactive,131852.01,0,Retained
474,France,Male,33,5,0.0,2,1,Has Credit Card,0,Inactive,181945.52,1,Churned
562,Spain,Male,32,6,161628.66,1,1,Has Credit Card,0,Inactive,91482.5,0,Retained
719,France,Male,32,9,146605.27,1,1,Has Credit Card,1,Active,77119.45,0,Retained
635,Germany,Male,37,5,113488.68,1,1,Has Credit Card,0,Inactive,95611.74,1,Churned
743,France,Male,42,7,77002.2,2,1,Has Credit Card,1,Active,80428.42,0,Retained
681,Spain,Male,67,7,0.0,2,0,No Credit Card,1,Active,163714.92,0,Retained
521,France,Female,39,6,0.0,2,0,No Credit Card,1,Active,27375.15,0,Retained
741,Spain,Male,25,4,0.0,2,1,Has Credit Card,1,Active,73873.65,0,Retained
790,Spain,Male,46,8,182364.53,1,0,No Credit Card,0,Inactive,139266.48,1,Churned
622,France,Male,35,8,0.0,2,1,Has Credit Card,1,Active,131772.51,0,Retained
669,France,Male,45,7,149364.58,1,0,No Credit Card,1,Active,173454.07,0,Retained
583,France,Male,59,7,127450.14,1,0,No Credit Card,1,Active,67552.71,0,Retained
520,Spain,Female,63,5,162278.32,1,1,Has Credit Card,1,Active,34765.33,0,Retained
579,Spain,Male,37,5,152212.88,2,0,No Credit Card,0,Inactive,120219.14,0,Retained
698,Spain,Female,39,9,161993.89,1,0,No Credit Card,0,Inactive,90212.38,0,Retained
548,Spain,Male,39,7,131468.44,1,1,Has Credit Card,0,Inactive,164975.82,0,Retained
672,Germany,Male,40,10,102980.44,1,1,Has Credit Card,0,Inactive,1285.81,1,Churned
653,Germany,Male,31,9,143321.97,1,1,Has Credit Card,0,Inactive,83679.46,0,Retained
734,Spain,Female,37,2,130404.92,1,0,No Credit Card,0,Inactive,34548.74,0,Retained
794,France,Female,41,7,0.0,2,1,Has Credit Card,1,Active,74275.08,0,Retained
641,France,Male,30,2,87505.47,2,0,No Credit Card,1,Active,7278.57,0,Retained
824,France,Male,30,0,133634.02,1,1,Has Credit Card,1,Active,162053.92,0,Retained
534,Spain,Female,33,3,151233.62,1,0,No Credit Card,0,Inactive,199336.63,0,Retained
653,Spain,Male,55,2,70263.83,1,0,No Credit Card,1,Active,62347.71,0,Retained
498,France,Male,34,5,0.0,2,1,Has Credit Card,1,Active,91711.66,0,Retained
683,France,Male,30,10,57657.49,1,0,No Credit Card,0,Inactive,79240.9,0,Retained
618,Germany,Male,42,8,153572.31,2,1,Has Credit Card,1,Active,76679.6,0,Retained
538,France,Male,37,1,134752.08,1,1,Has Credit Card,0,Inactive,162511.55,0,Retained
643,Spain,Male,34,3,83132.09,1,1,Has Credit Card,1,Active,21360.88,0,Retained
428,France,Female,31,2,0.0,2,1,Has Credit Card,0,Inactive,54487.43,0,Retained
593,Germany,Female,32,9,134096.53,2,1,Has Credit Card,0,Inactive,53931.05,1,Churned
718,France,Female,31,0,118100.59,2,1,Has Credit Card,0,Inactive,103165.15,0,Retained
811,Germany,Male,52,10,76915.4,1,0,No Credit Card,0,Inactive,146359.81,1,Churned
823,Spain,Female,46,3,81576.75,1,1,Has Credit Card,1,Active,28370.95,1,Churned
645,Spain,Male,49,2,0.0,2,0,No Credit Card,0,Inactive,10023.15,0,Retained
710,France,Male,33,10,118327.17,2,1,Has Credit Card,1,Active,192928.82,0,Retained
591,Spain,Male,30,8,124857.69,2,0,No Credit Card,0,Inactive,50485.7,0,Retained
748,Germany,Female,27,2,90971.85,1,1,Has Credit Card,1,Active,131662.47,0,Retained
850,France,Female,37,7,153147.75,1,1,Has Credit Card,1,Active,152235.3,0,Retained
542,France,Male,38,8,65942.26,1,1,Has Credit Card,1,Active,68093.23,1,Churned
809,France,Male,38,3,0.0,2,1,Has Credit Card,1,Active,80061.31,0,Retained
675,France,Male,54,2,0.0,1,1,Has Credit Card,0,Inactive,149583.67,1,Churned
607,Spain,Female,27,5,100912.19,1,0,No Credit Card,0,Inactive,7631.27,0,Retained
850,France,Female,31,4,0.0,2,1,Has Credit Card,1,Active,33082.81,0,Retained
789,France,Male,37,3,0.0,1,1,Has Credit Card,0,Inactive,121883.87,1,Churned
598,France,Female,43,5,0.0,3,1,Has Credit Card,1,Active,100722.72,1,Churned
756,Germany,Male,41,2,124439.49,2,0,No Credit Card,1,Active,47093.11,0,Retained
687,France,Female,47,7,0.0,2,1,Has Credit Card,1,Active,177624.01,0,Retained
724,France,Male,40,6,0.0,2,0,No Credit Card,0,Inactive,106149.48,0,Retained
700,France,Female,44,2,58781.76,1,1,Has Credit Card,0,Inactive,16874.92,0,Retained
635,Spain,Male,50,7,159453.64,2,0,No Credit Card,0,Inactive,54560.79,1,Churned
687,Germany,Male,26,2,142721.52,1,1,Has Credit Card,1,Active,153605.75,0,Retained
613,France,Female,46,8,167795.6,1,0,No Credit Card,1,Active,44390.38,0,Retained
781,France,Female,38,3,128345.69,2,1,Has Credit Card,0,Inactive,63218.85,0,Retained
703,Spain,Male,20,3,165260.98,1,1,Has Credit Card,1,Active,41626.78,0,Retained
593,Germany,Female,62,3,118233.81,1,0,No Credit Card,1,Active,24765.53,1,Churned
743,France,Female,40,6,0.0,1,1,Has Credit Card,0,Inactive,28280.8,1,Churned
640,Spain,Female,46,8,0.0,2,1,Has Credit Card,0,Inactive,89043.19,0,Retained
849,Germany,Male,37,7,143452.74,2,1,Has Credit Card,1,Active,17294.12,0,Retained
778,France,Male,38,3,145018.49,2,1,Has Credit Card,1,Active,126702.41,0,Retained
539,Germany,Female,38,8,82407.51,1,1,Has Credit Card,0,Inactive,13123.41,0,Retained
489,Germany,Male,28,1,79460.98,2,1,Has Credit Card,1,Active,167973.63,0,Retained
568,Spain,Female,43,9,0.0,1,1,Has Credit Card,0,Inactive,125870.79,1,Churned
618,Spain,Male,38,5,126473.99,1,1,Has Credit Card,0,Inactive,91972.49,0,Retained
710,Germany,Female,30,10,133537.1,2,1,Has Credit Card,0,Inactive,155593.74,0,Retained
625,France,Male,52,5,164978.01,1,1,Has Credit Card,1,Active,67788.49,0,Retained
682,Spain,Male,46,7,128029.72,1,1,Has Credit Card,1,Active,62615.35,0,Retained
727,Spain,Male,43,2,97403.18,1,1,Has Credit Card,1,Active,107415.02,1,Churned
794,France,Female,41,7,176845.41,3,1,Has Credit Card,0,Inactive,166526.26,1,Churned
652,Spain,Male,71,4,0.0,1,1,Has Credit Card,1,Active,120107.1,0,Retained
670,Spain,Male,42,3,81589.04,1,1,Has Credit Card,0,Inactive,188227.8,0,Retained
460,Germany,Female,40,6,119507.58,2,1,Has Credit Card,0,Inactive,91560.63,1,Churned
568,Spain,Female,26,6,0.0,2,0,No Credit Card,0,Inactive,166495.2,0,Retained
643,France,Male,30,5,94443.77,1,1,Has Credit Card,1,Active,165614.4,0,Retained
521,France,Male,37,2,0.0,2,1,Has Credit Card,1,Active,86372.24,0,Retained
615,France,Male,32,7,92199.84,1,1,Has Credit Card,1,Active,2755.53,0,Retained
575,Spain,Male,43,3,0.0,1,1,Has Credit Card,0,Inactive,83594.51,0,Retained
717,France,Female,41,3,135756.96,1,1,Has Credit Card,1,Active,103706.41,0,Retained
648,France,Female,54,9,120633.42,1,0,No Credit Card,0,Inactive,5924.38,1,Churned
535,Germany,Male,48,5,134542.73,1,1,Has Credit Card,1,Active,58203.67,1,Churned
626,Spain,Male,29,7,0.0,2,1,Has Credit Card,0,Inactive,49361.84,0,Retained
611,Spain,Male,52,7,0.0,1,0,No Credit Card,1,Active,73585.18,1,Churned
734,Spain,Male,39,6,0.0,1,1,Has Credit Card,1,Active,95135.27,0,Retained
709,France,Male,49,4,154344.49,2,1,Has Credit Card,1,Active,38794.57,0,Retained
591,France,Male,43,3,0.0,2,0,No Credit Card,1,Active,198926.36,0,Retained
664,France,Male,43,9,189026.53,2,1,Has Credit Card,1,Active,56099.86,0,Retained
431,France,Male,37,0,120764.08,1,1,Has Credit Card,1,Active,117023.08,0,Retained
647,Germany,Female,22,3,97975.82,2,0,No Credit Card,1,Active,62083.0,0,Retained
578,France,Male,32,4,0.0,2,1,Has Credit Card,1,Active,141822.8,0,Retained
555,Germany,Male,41,10,113270.2,2,1,Has Credit Card,1,Active,185387.14,0,Retained
775,Spain,Male,30,4,0.0,2,0,No Credit Card,1,Active,57461.13,0,Retained
850,Germany,Male,39,3,124548.99,2,1,Has Credit Card,1,Active,120380.12,0,Retained
625,France,Male,43,8,201696.07,1,1,Has Credit Card,0,Inactive,133020.9,1,Churned
645,Spain,Female,37,7,0.0,2,1,Has Credit Card,0,Inactive,13589.93,0,Retained
608,Germany,Male,44,7,114203.47,1,1,Has Credit Card,1,Active,77830.36,1,Churned
689,Spain,Female,31,4,0.0,2,1,Has Credit Card,1,Active,136610.02,0,Retained
652,Germany,Male,50,8,125437.64,1,1,Has Credit Card,1,Active,17160.94,1,Churned
769,France,Female,26,7,0.0,2,1,Has Credit Card,0,Inactive,176843.53,0,Retained
611,France,Female,43,8,64897.75,1,1,Has Credit Card,0,Inactive,114996.33,0,Retained
489,France,Male,38,8,0.0,2,0,No Credit Card,1,Active,196990.79,0,Retained
528,Germany,Female,46,9,135555.66,1,1,Has Credit Card,0,Inactive,133146.03,1,Churned
632,France,Male,44,3,107764.75,1,1,Has Credit Card,0,Inactive,185667.72,0,Retained
429,France,Female,27,6,117307.44,2,1,Has Credit Card,1,Active,24020.49,0,Retained
457,France,Male,41,8,73700.12,3,1,Has Credit Card,1,Active,185750.02,1,Churned
768,Spain,Female,44,6,60603.4,1,1,Has Credit Card,1,Active,178045.97,0,Retained
715,Spain,Female,35,4,40169.88,2,1,Has Credit Card,1,Active,199857.47,0,Retained
668,Germany,Female,32,10,92041.87,1,1,Has Credit Card,1,Active,43595.9,0,Retained
625,Germany,Male,26,3,130483.95,1,1,Has Credit Card,0,Inactive,122810.53,0,Retained
846,France,Female,41,5,0.0,3,1,Has Credit Card,0,Inactive,3440.47,1,Churned
661,Spain,Female,42,3,0.0,2,1,Has Credit Card,0,Inactive,35989.41,0,Retained
571,France,Female,23,10,151097.28,1,0,No Credit Card,1,Active,17163.75,0,Retained
582,Spain,Female,46,8,67563.31,1,1,Has Credit Card,0,Inactive,44506.09,1,Churned
716,France,Female,35,8,112808.18,1,0,No Credit Card,1,Active,17848.3,0,Retained
758,France,Female,42,7,0.0,2,0,No Credit Card,1,Active,76209.56,0,Retained
725,France,Male,66,4,86459.8,1,1,Has Credit Card,1,Active,141476.56,0,Retained
630,France,Female,40,0,118633.08,1,0,No Credit Card,1,Active,60032.46,1,Churned
627,France,Female,55,2,159441.27,1,1,Has Credit Card,0,Inactive,100686.11,1,Churned
653,France,Female,27,9,0.0,2,1,Has Credit Card,0,Inactive,96429.29,0,Retained
775,Germany,Female,38,4,125212.65,2,1,Has Credit Card,1,Active,15795.88,1,Churned
794,Spain,Male,45,8,88656.37,2,1,Has Credit Card,0,Inactive,116547.31,0,Retained
831,France,Female,32,2,146033.62,1,1,Has Credit Card,0,Inactive,191260.74,0,Retained
561,France,Male,29,9,120268.13,1,1,Has Credit Card,1,Active,173870.39,0,Retained
705,Spain,Male,46,7,0.0,2,1,Has Credit Card,0,Inactive,117273.35,0,Retained
636,Spain,Female,33,0,0.0,1,1,Has Credit Card,0,Inactive,92277.47,1,Churned
487,Germany,Female,46,4,135070.58,2,1,Has Credit Card,1,Active,44244.49,1,Churned
693,France,Female,38,3,0.0,2,0,No Credit Card,0,Inactive,78133.48,1,Churned
517,Spain,Female,29,5,0.0,2,1,Has Credit Card,0,Inactive,103402.88,0,Retained
684,France,Female,27,9,122550.05,2,0,No Credit Card,1,Active,137835.82,0,Retained
620,Spain,Female,43,2,0.0,2,1,Has Credit Card,0,Inactive,20670.1,0,Retained
757,France,Male,29,8,130306.49,1,1,Has Credit Card,0,Inactive,77469.38,0,Retained
739,France,Female,27,6,0.0,1,1,Has Credit Card,1,Active,57572.38,0,Retained
662,Spain,Female,41,4,90350.77,1,1,Has Credit Card,0,Inactive,75884.65,1,Churned
359,France,Female,44,6,128747.69,1,1,Has Credit Card,0,Inactive,146955.71,1,Churned
572,Spain,Male,23,2,126873.52,1,0,No Credit Card,1,Active,67040.12,0,Retained
721,France,Male,69,2,108424.19,1,1,Has Credit Card,1,Active,178418.35,0,Retained
707,France,Male,32,9,0.0,2,0,No Credit Card,0,Inactive,30807.02,0,Retained
444,France,Female,40,5,84350.07,1,1,Has Credit Card,0,Inactive,143835.76,0,Retained
523,France,Female,73,7,0.0,2,0,No Credit Card,0,Inactive,130883.9,1,Churned
685,Germany,Female,30,4,84958.6,2,0,No Credit Card,1,Active,194343.72,0,Retained
673,Germany,Female,29,4,99097.36,1,1,Has Credit Card,1,Active,9796.69,0,Retained
503,Germany,Male,30,10,136622.55,2,0,No Credit Card,0,Inactive,47310.24,0,Retained
485,Germany,Female,30,5,156771.68,1,1,Has Credit Card,1,Active,141148.21,0,Retained
799,Germany,Male,28,7,167658.33,2,1,Has Credit Card,1,Active,111138.25,0,Retained
585,Spain,Female,33,8,0.0,2,1,Has Credit Card,0,Inactive,114182.07,0,Retained
607,Germany,Female,24,2,109483.54,2,0,No Credit Card,1,Active,127560.77,0,Retained
521,Germany,Female,40,9,134504.78,1,1,Has Credit Card,0,Inactive,18082.06,0,Retained
535,France,Female,44,2,114427.86,1,1,Has Credit Card,1,Active,136330.26,0,Retained
724,Spain,Male,45,5,83888.54,1,0,No Credit Card,1,Active,34121.81,0,Retained
520,Germany,Male,32,5,110029.77,1,1,Has Credit Card,0,Inactive,56246.69,0,Retained
696,Spain,Male,41,9,127523.75,1,0,No Credit Card,1,Active,191417.42,0,Retained
657,Germany,Male,30,1,139762.13,2,1,Has Credit Card,1,Active,23317.88,0,Retained
603,Spain,Female,42,8,91611.12,1,0,No Credit Card,0,Inactive,144675.3,1,Churned
726,France,Female,42,2,109471.79,1,0,No Credit Card,1,Active,175161.05,0,Retained
591,France,Female,39,4,150500.64,1,1,Has Credit Card,0,Inactive,14928.8,0,Retained
792,Germany,Female,59,9,101609.77,1,0,No Credit Card,0,Inactive,161479.19,1,Churned
550,France,Male,57,5,0.0,1,1,Has Credit Card,1,Active,133501.94,0,Retained
601,France,Female,26,8,78892.23,1,1,Has Credit Card,1,Active,23703.52,0,Retained
820,France,Female,29,3,82344.84,1,0,No Credit Card,1,Active,115985.38,0,Retained
667,France,Male,48,2,0.0,1,1,Has Credit Card,0,Inactive,43229.2,0,Retained
573,Spain,Female,44,4,0.0,1,1,Has Credit Card,1,Active,94862.93,0,Retained
755,France,Male,62,1,127706.33,2,0,No Credit Card,1,Active,142377.69,0,Retained
552,France,Female,41,9,124349.34,1,1,Has Credit Card,0,Inactive,135635.25,0,Retained
598,Spain,Male,44,8,0.0,2,1,Has Credit Card,0,Inactive,148487.9,0,Retained
576,Germany,Male,28,1,119336.29,2,0,No Credit Card,1,Active,58976.85,0,Retained
670,France,Female,31,9,0.0,1,0,No Credit Card,1,Active,76254.83,0,Retained
504,Germany,Male,56,9,104217.3,1,0,No Credit Card,0,Inactive,55857.48,1,Churned
778,France,Female,65,7,0.0,1,1,Has Credit Card,1,Active,77867.23,0,Retained
558,Germany,Male,39,10,144757.02,1,1,Has Credit Card,0,Inactive,22878.16,1,Churned
627,Spain,Male,44,6,0.0,1,1,Has Credit Card,1,Active,114469.55,0,Retained
683,France,Male,43,8,0.0,1,1,Has Credit Card,0,Inactive,96754.8,0,Retained
556,France,Female,43,6,0.0,3,0,No Credit Card,0,Inactive,125154.57,1,Churned
583,France,Female,38,10,0.0,2,0,No Credit Card,1,Active,113597.64,0,Retained
705,France,Female,24,7,100169.51,1,1,Has Credit Card,0,Inactive,121408.55,0,Retained
637,France,Male,33,2,145731.83,1,0,No Credit Card,1,Active,109219.43,0,Retained
697,Spain,Male,56,5,110802.03,1,1,Has Credit Card,1,Active,50230.31,1,Churned
555,Germany,Female,46,4,120392.99,1,1,Has Credit Card,0,Inactive,177719.88,1,Churned
594,Germany,Female,26,6,135067.52,2,0,No Credit Card,0,Inactive,131211.86,0,Retained
632,Spain,Male,31,3,136556.44,1,1,Has Credit Card,0,Inactive,82152.83,1,Churned
551,France,Female,38,10,0.0,2,1,Has Credit Card,1,Active,216.27,0,Retained
687,France,Female,35,3,99587.43,1,1,Has Credit Card,1,Active,1713.1,1,Churned
672,France,Female,53,7,0.0,1,1,Has Credit Card,1,Active,136910.18,0,Retained
521,Spain,Female,34,7,70731.07,1,1,Has Credit Card,1,Active,20243.97,1,Churned
686,Germany,Male,35,2,109342.82,2,0,No Credit Card,1,Active,86043.27,0,Retained
639,Spain,Male,28,8,0.0,2,1,Has Credit Card,0,Inactive,126561.07,0,Retained
850,France,Male,66,4,0.0,2,0,No Credit Card,1,Active,64350.8,0,Retained
465,France,Male,25,2,78247.31,2,1,Has Credit Card,1,Active,10472.31,0,Retained
817,France,Female,55,10,117561.49,1,1,Has Credit Card,0,Inactive,95941.55,1,Churned
578,France,Male,23,10,88980.32,1,1,Has Credit Card,1,Active,125222.36,0,Retained
611,Spain,Male,34,4,0.0,2,1,Has Credit Card,0,Inactive,170950.58,0,Retained
616,Germany,Female,41,1,103560.57,1,1,Has Credit Card,0,Inactive,236.45,1,Churned
517,France,Male,37,5,113308.84,1,0,No Credit Card,1,Active,31517.16,0,Retained
637,Spain,Female,40,6,0.0,2,1,Has Credit Card,1,Active,181610.6,0,Retained
806,France,Female,32,3,63763.49,1,1,Has Credit Card,0,Inactive,156593.09,0,Retained
633,France,Female,29,7,169988.35,1,1,Has Credit Card,0,Inactive,4272.0,0,Retained
624,Germany,Female,35,0,180303.24,2,1,Has Credit Card,0,Inactive,163587.9,0,Retained
691,France,Male,52,3,0.0,1,1,Has Credit Card,0,Inactive,175843.68,1,Churned
819,Germany,Female,49,1,120656.86,4,0,No Credit Card,0,Inactive,166164.3,1,Churned
568,Germany,Female,31,1,61592.14,2,1,Has Credit Card,1,Active,61796.64,0,Retained
806,France,Male,48,4,164701.68,1,1,Has Credit Card,1,Active,21439.49,0,Retained
726,Spain,Female,26,1,80780.16,1,1,Has Credit Card,1,Active,19225.85,0,Retained
552,France,Male,36,8,0.0,2,0,No Credit Card,0,Inactive,132547.02,0,Retained
755,Germany,Female,30,6,154221.37,2,0,No Credit Card,1,Active,62688.55,0,Retained
634,France,Male,26,8,0.0,1,1,Has Credit Card,0,Inactive,21760.96,0,Retained
756,France,Female,26,5,101641.14,2,0,No Credit Card,1,Active,154460.68,0,Retained
776,France,Male,37,2,0.0,1,0,No Credit Card,1,Active,8065.0,0,Retained
649,France,Female,45,5,92786.66,1,1,Has Credit Card,0,Inactive,173365.9,1,Churned
595,Germany,Male,32,8,131081.66,2,1,Has Credit Card,1,Active,69428.79,0,Retained
646,France,Male,30,5,98014.74,1,1,Has Credit Card,1,Active,12757.14,0,Retained
592,Spain,Male,38,8,0.0,2,1,Has Credit Card,0,Inactive,180426.2,0,Retained
574,France,Male,26,8,97460.1,1,1,Has Credit Card,1,Active,43093.67,0,Retained
850,France,Male,36,1,104077.19,2,0,No Credit Card,1,Active,68594.0,0,Retained
850,Spain,Female,29,1,0.0,2,1,Has Credit Card,1,Active,197996.65,0,Retained
475,France,Female,46,10,0.0,2,0,No Credit Card,0,Inactive,122953.0,1,Churned
642,France,Female,39,4,0.0,1,1,Has Credit Card,1,Active,76821.24,0,Retained
710,Spain,Female,51,4,93656.95,1,0,No Credit Card,1,Active,141400.51,1,Churned
596,Spain,Male,30,6,121345.88,4,1,Has Credit Card,0,Inactive,41921.75,1,Churned
609,France,Female,39,8,141675.23,1,0,No Credit Card,1,Active,175664.25,0,Retained
797,Spain,Female,31,8,0.0,2,1,Has Credit Card,0,Inactive,117916.63,0,Retained
504,Germany,Female,43,7,102365.49,1,1,Has Credit Card,0,Inactive,194690.77,1,Churned
735,Spain,Male,50,9,0.0,1,0,No Credit Card,0,Inactive,166677.35,1,Churned
680,Spain,Female,30,3,0.0,1,1,Has Credit Card,0,Inactive,160131.58,0,Retained
449,France,Male,52,6,0.0,2,0,No Credit Card,1,Active,123622.0,0,Retained
685,Germany,Male,57,7,101868.51,1,0,No Credit Card,1,Active,113483.96,0,Retained
569,Spain,Male,38,8,0.0,2,0,No Credit Card,0,Inactive,79618.79,0,Retained
631,France,Male,35,9,112392.45,2,1,Has Credit Card,0,Inactive,24472.23,0,Retained
595,Germany,Female,25,7,106570.34,2,0,No Credit Card,1,Active,177025.79,0,Retained
461,France,Female,28,8,0.0,1,1,Has Credit Card,1,Active,103349.74,0,Retained
630,France,Male,50,1,81947.76,1,0,No Credit Card,1,Active,63606.22,1,Churned
661,France,Female,31,7,144162.3,2,1,Has Credit Card,1,Active,14490.79,0,Retained
796,Germany,Male,39,5,86350.87,2,0,No Credit Card,0,Inactive,105080.53,0,Retained
710,France,Male,47,5,158623.14,1,0,No Credit Card,0,Inactive,83499.89,1,Churned
741,France,Male,32,8,0.0,2,1,Has Credit Card,0,Inactive,143598.7,0,Retained
606,Germany,Male,48,4,132403.56,1,0,No Credit Card,0,Inactive,36091.91,1,Churned
747,France,Male,27,10,0.0,2,0,No Credit Card,0,Inactive,13007.89,0,Retained
549,Germany,Female,43,3,134985.66,1,1,Has Credit Card,0,Inactive,6101.41,0,Retained
576,France,Male,36,6,0.0,2,1,Has Credit Card,1,Active,48314.0,0,Retained
528,France,Male,37,6,103772.45,1,1,Has Credit Card,0,Inactive,197111.99,0,Retained
535,France,Male,33,2,133040.32,1,1,Has Credit Card,1,Active,110299.78,0,Retained
575,Spain,Female,37,0,0.0,2,0,No Credit Card,0,Inactive,30114.32,0,Retained
656,France,Male,39,10,0.0,2,1,Has Credit Card,1,Active,98894.64,0,Retained
440,France,Male,42,2,0.0,2,1,Has Credit Card,0,Inactive,49826.68,0,Retained
539,Spain,Male,38,8,71460.67,2,1,Has Credit Card,1,Active,10074.05,0,Retained
850,Spain,Male,39,6,133214.13,1,0,No Credit Card,1,Active,20769.88,0,Retained
646,France,Female,37,7,96558.66,1,0,No Credit Card,0,Inactive,163427.18,0,Retained
744,France,Male,54,6,93806.31,2,0,No Credit Card,1,Active,140068.77,0,Retained
710,Spain,Female,36,8,0.0,2,0,No Credit Card,0,Inactive,83206.19,0,Retained
544,France,Female,64,3,124043.8,1,1,Has Credit Card,1,Active,111402.97,1,Churned
723,Germany,Male,52,5,131694.97,1,0,No Credit Card,1,Active,92873.5,1,Churned
507,Spain,Female,29,6,0.0,2,0,No Credit Card,1,Active,94780.9,0,Retained
787,France,Female,35,1,106266.8,1,1,Has Credit Card,1,Active,16607.15,0,Retained
598,Spain,Male,41,8,0.0,2,1,Has Credit Card,1,Active,161954.43,0,Retained
796,France,Male,51,6,0.0,2,0,No Credit Card,1,Active,194733.28,0,Retained
569,Spain,Female,41,4,139840.36,1,1,Has Credit Card,1,Active,163524.7,0,Retained
711,France,Male,34,8,0.0,2,0,No Credit Card,0,Inactive,48260.19,0,Retained
661,Germany,Male,35,8,124098.54,1,1,Has Credit Card,0,Inactive,86678.48,0,Retained
415,France,Male,32,5,145807.59,1,1,Has Credit Card,1,Active,3064.65,0,Retained
578,Spain,Male,23,8,0.0,2,1,Has Credit Card,0,Inactive,112124.98,0,Retained
611,France,Female,26,2,107508.93,2,1,Has Credit Card,1,Active,120801.65,0,Retained
600,France,Female,28,6,0.0,2,0,No Credit Card,1,Active,52193.23,0,Retained
661,Germany,Female,32,1,145980.23,1,0,No Credit Card,1,Active,56636.28,0,Retained
850,France,Female,37,3,212778.2,1,0,No Credit Card,1,Active,69372.88,0,Retained
573,Germany,Female,47,4,152522.47,1,0,No Credit Card,1,Active,164038.07,1,Churned
764,Spain,Female,33,9,168964.77,1,0,No Credit Card,1,Active,118982.51,0,Retained
838,France,Female,34,8,0.0,2,1,Has Credit Card,0,Inactive,27472.07,0,Retained
821,France,Female,28,8,0.0,1,1,Has Credit Card,1,Active,36754.13,0,Retained
607,Spain,Female,36,4,98266.3,1,1,Has Credit Card,1,Active,46416.36,0,Retained
558,France,Male,38,8,113000.92,1,1,Has Credit Card,1,Active,152872.39,0,Retained
530,Germany,Male,23,1,137060.88,2,1,Has Credit Card,1,Active,165227.23,0,Retained
654,Germany,Male,37,5,112146.12,1,1,Has Credit Card,0,Inactive,75927.35,0,Retained
530,France,Female,33,4,129307.32,1,1,Has Credit Card,1,Active,172930.28,0,Retained
656,Spain,Male,69,6,163975.09,1,1,Has Credit Card,1,Active,36108.5,0,Retained
520,Spain,Male,43,7,0.0,2,1,Has Credit Card,1,Active,36202.74,0,Retained
602,Germany,Female,42,6,158414.85,1,1,Has Credit Card,1,Active,131886.46,0,Retained
701,Germany,Female,48,1,92072.68,1,1,Has Credit Card,1,Active,133992.36,0,Retained
653,Spain,Female,30,2,88243.29,2,1,Has Credit Card,1,Active,96658.26,0,Retained
668,Spain,Male,25,8,0.0,2,1,Has Credit Card,1,Active,135112.09,0,Retained
652,France,Male,48,4,59486.31,1,1,Has Credit Card,0,Inactive,163944.18,1,Churned
639,Spain,Female,54,2,0.0,2,1,Has Credit Card,1,Active,53843.71,0,Retained
730,Spain,Female,52,7,0.0,2,0,No Credit Card,1,Active,122398.84,0,Retained
780,France,Male,34,1,0.0,1,1,Has Credit Card,1,Active,64804.04,0,Retained
592,France,Female,38,8,119278.01,2,0,No Credit Card,1,Active,19370.73,0,Retained
628,France,Male,34,4,158741.43,2,1,Has Credit Card,1,Active,126192.54,0,Retained
658,France,Female,40,7,140596.95,1,0,No Credit Card,1,Active,135459.02,1,Churned
850,Spain,Female,29,10,0.0,2,1,Has Credit Card,1,Active,94815.04,0,Retained
515,Germany,Male,37,2,90432.92,1,1,Has Credit Card,1,Active,188366.04,1,Churned
571,France,Female,35,1,104783.81,2,0,No Credit Card,1,Active,178512.52,0,Retained
760,Germany,Male,42,0,77992.97,2,1,Has Credit Card,1,Active,97906.38,0,Retained
720,Germany,Female,43,10,110822.9,1,0,No Credit Card,0,Inactive,72861.94,0,Retained
632,Germany,Male,42,4,119624.6,2,1,Has Credit Card,1,Active,195978.86,0,Retained
694,Germany,Male,31,6,109052.59,2,1,Has Credit Card,1,Active,19448.93,1,Churned
559,Spain,Female,40,5,139129.44,1,0,No Credit Card,1,Active,32635.54,0,Retained
773,Germany,Female,42,8,152324.66,2,1,Has Credit Card,0,Inactive,171733.22,0,Retained
581,France,Male,38,1,0.0,2,1,Has Credit Card,0,Inactive,46176.22,0,Retained
524,Germany,Female,37,9,127480.58,2,1,Has Credit Card,0,Inactive,179634.69,0,Retained
713,France,Male,53,6,115029.4,1,0,No Credit Card,0,Inactive,191521.32,1,Churned
676,France,Male,40,8,114005.78,1,1,Has Credit Card,1,Active,67998.45,0,Retained
651,Germany,Female,42,1,116646.76,1,1,Has Credit Card,0,Inactive,44731.8,1,Churned
717,Spain,Female,49,1,110864.38,2,1,Has Credit Card,1,Active,124532.9,1,Churned
594,France,Male,23,5,156267.59,1,1,Has Credit Card,0,Inactive,160968.44,0,Retained
716,France,Female,44,3,109528.28,1,1,Has Credit Card,0,Inactive,27341.63,1,Churned
668,France,Female,35,6,102482.76,1,1,Has Credit Card,1,Active,53994.64,0,Retained
678,Germany,Male,23,10,115563.71,1,1,Has Credit Card,1,Active,91633.53,0,Retained
545,France,Male,23,2,0.0,2,1,Has Credit Card,0,Inactive,189613.12,0,Retained
613,France,Female,40,9,95624.36,2,1,Has Credit Card,1,Active,60706.33,0,Retained
687,Spain,Female,21,8,0.0,2,1,Has Credit Card,1,Active,154767.34,0,Retained
715,France,Male,28,7,160376.61,1,0,No Credit Card,0,Inactive,196853.11,0,Retained
618,Germany,Male,41,8,37702.79,1,1,Has Credit Card,1,Active,195775.48,0,Retained
721,France,Female,35,6,118273.83,1,0,No Credit Card,1,Active,3086.89,0,Retained
445,Germany,Female,34,7,131082.17,2,1,Has Credit Card,1,Active,70618.0,0,Retained
690,France,Male,38,1,94456.0,2,0,No Credit Card,1,Active,55034.02,0,Retained
709,France,Female,43,8,0.0,2,0,No Credit Card,0,Inactive,168035.62,1,Churned
671,Spain,Female,42,3,0.0,2,1,Has Credit Card,1,Active,128449.33,0,Retained
538,France,Male,33,6,93791.38,1,1,Has Credit Card,1,Active,199249.29,0,Retained
735,France,Female,33,4,0.0,2,1,Has Credit Card,0,Inactive,149474.69,0,Retained
592,France,Female,37,7,0.0,2,1,Has Credit Card,1,Active,126726.33,0,Retained
747,France,Male,61,7,155973.13,1,0,No Credit Card,1,Active,147554.26,0,Retained
675,Germany,Male,36,7,89409.95,1,1,Has Credit Card,1,Active,149399.7,0,Retained
632,Spain,Female,39,5,97854.37,2,1,Has Credit Card,0,Inactive,93536.38,0,Retained
621,France,Male,39,6,0.0,2,1,Has Credit Card,1,Active,58883.91,0,Retained
521,Spain,Male,29,3,60280.62,1,1,Has Credit Card,0,Inactive,154271.41,0,Retained
591,Spain,Male,36,7,135216.8,1,1,Has Credit Card,1,Active,122022.89,0,Retained
706,Germany,Female,28,6,124923.35,2,1,Has Credit Card,1,Active,50299.14,0,Retained
677,France,Male,38,4,0.0,2,1,Has Credit Card,0,Inactive,187800.63,0,Retained
769,Germany,Male,27,7,188614.07,1,1,Has Credit Card,0,Inactive,171344.09,0,Retained
771,France,Male,32,5,62321.62,1,1,Has Credit Card,1,Active,40920.59,0,Retained
601,Germany,Female,48,8,120782.7,1,1,Has Credit Card,0,Inactive,63940.68,1,Churned
670,France,Female,42,1,115961.58,2,0,No Credit Card,1,Active,29483.87,0,Retained
517,France,Male,28,2,115062.61,1,1,Has Credit Card,0,Inactive,179056.23,0,Retained
834,France,Female,49,8,160602.25,2,1,Has Credit Card,0,Inactive,129273.94,0,Retained
571,France,Female,42,4,108825.34,3,1,Has Credit Card,0,Inactive,55558.51,1,Churned
576,Germany,Female,36,8,166287.85,1,1,Has Credit Card,1,Active,23305.85,0,Retained
718,France,Female,31,1,152663.77,1,0,No Credit Card,1,Active,17128.64,0,Retained
636,Germany,Female,31,9,80844.69,2,1,Has Credit Card,1,Active,74641.9,0,Retained
566,Germany,Female,40,2,97001.36,2,1,Has Credit Card,0,Inactive,154486.01,0,Retained
711,France,Male,64,4,0.0,2,1,Has Credit Card,1,Active,3185.67,0,Retained
574,France,Female,39,2,122524.61,2,1,Has Credit Card,0,Inactive,88463.63,0,Retained
619,France,Female,35,8,132292.63,1,1,Has Credit Card,0,Inactive,65682.93,0,Retained
588,France,Female,24,0,0.0,2,1,Has Credit Card,1,Active,140586.08,0,Retained
760,Germany,Female,49,9,91502.99,1,1,Has Credit Card,0,Inactive,117232.9,1,Churned
665,France,Male,52,3,0.0,1,1,Has Credit Card,0,Inactive,116137.01,1,Churned
739,Germany,Male,29,3,59385.98,2,1,Has Credit Card,1,Active,105533.96,0,Retained
641,France,Male,77,9,0.0,3,1,Has Credit Card,1,Active,81514.06,0,Retained
685,Germany,Female,21,6,97956.5,1,1,Has Credit Card,1,Active,164966.27,0,Retained
594,France,Female,49,4,0.0,2,1,Has Credit Card,1,Active,23631.55,0,Retained
557,Spain,Female,40,4,0.0,2,0,No Credit Card,1,Active,105433.53,0,Retained
697,France,Male,27,8,141223.68,2,1,Has Credit Card,0,Inactive,90591.15,0,Retained
656,France,Male,18,10,151762.74,1,0,No Credit Card,1,Active,127014.32,0,Retained
712,Germany,Male,43,1,141749.74,2,0,No Credit Card,1,Active,90905.26,0,Retained
689,Spain,Male,38,5,75075.14,1,1,Has Credit Card,1,Active,8651.92,1,Churned
697,France,Female,25,4,165686.11,2,1,Has Credit Card,0,Inactive,15467.98,0,Retained
589,France,Male,38,2,0.0,1,1,Has Credit Card,0,Inactive,79915.28,0,Retained
525,Spain,Female,25,10,0.0,2,1,Has Credit Card,0,Inactive,69361.95,0,Retained
680,France,Male,44,3,0.0,2,1,Has Credit Card,0,Inactive,86935.08,0,Retained
617,France,Female,28,0,0.0,2,1,Has Credit Card,1,Active,7597.83,1,Churned
680,France,Male,32,5,92961.61,1,1,Has Credit Card,0,Inactive,116957.6,0,Retained
662,Spain,Female,30,9,0.0,2,0,No Credit Card,1,Active,157884.83,0,Retained
736,Germany,Male,46,5,130812.91,1,1,Has Credit Card,1,Active,77981.54,1,Churned
657,Germany,Male,57,8,107174.58,1,1,Has Credit Card,1,Active,126369.55,1,Churned
350,Spain,Male,54,1,152677.48,1,1,Has Credit Card,1,Active,191973.49,1,Churned
617,France,Male,30,3,132005.77,1,1,Has Credit Card,0,Inactive,142940.39,0,Retained
562,France,Male,35,7,0.0,1,0,No Credit Card,0,Inactive,48869.67,0,Retained
705,Spain,Female,23,5,0.0,2,1,Has Credit Card,1,Active,73131.73,0,Retained
516,France,Female,33,7,127305.5,1,1,Has Credit Card,1,Active,120037.36,0,Retained
573,France,Female,37,6,0.0,2,1,Has Credit Card,0,Inactive,193995.37,0,Retained
538,Spain,Female,31,0,0.0,2,0,No Credit Card,0,Inactive,179453.66,0,Retained
699,France,Male,39,9,0.0,1,1,Has Credit Card,0,Inactive,80963.92,0,Retained
504,Germany,Male,32,8,170291.22,2,0,No Credit Card,1,Active,15658.99,0,Retained
583,Spain,Male,47,5,102562.23,1,1,Has Credit Card,0,Inactive,92708.1,0,Retained
712,Spain,Male,53,2,111061.01,2,0,No Credit Card,0,Inactive,26542.17,0,Retained
626,Spain,Male,62,3,0.0,1,1,Has Credit Card,1,Active,65010.74,0,Retained
631,France,Female,34,4,124379.14,1,1,Has Credit Card,0,Inactive,106892.91,0,Retained
663,France,Female,37,7,0.0,1,1,Has Credit Card,1,Active,185210.63,0,Retained
506,Germany,Female,41,3,57745.76,1,1,Has Credit Card,0,Inactive,4035.46,0,Retained
570,Germany,Female,50,5,129293.74,1,1,Has Credit Card,0,Inactive,177805.44,1,Churned
703,France,Female,45,7,0.0,2,1,Has Credit Card,1,Active,68831.72,0,Retained
698,Germany,Female,40,8,150777.1,1,1,Has Credit Card,0,Inactive,114732.62,0,Retained
731,Spain,Male,41,4,0.0,2,1,Has Credit Card,0,Inactive,22299.27,0,Retained
625,France,Male,34,6,0.0,2,0,No Credit Card,0,Inactive,197283.2,0,Retained
634,Spain,Male,31,9,108632.48,1,1,Has Credit Card,1,Active,179485.96,1,Churned
616,France,Male,59,5,153861.1,1,1,Has Credit Card,1,Active,17699.48,0,Retained
500,France,Male,56,1,100374.58,1,1,Has Credit Card,0,Inactive,118490.8,1,Churned
446,France,Male,32,8,0.0,2,0,No Credit Card,0,Inactive,133292.94,0,Retained
669,France,Female,47,9,61196.54,1,1,Has Credit Card,0,Inactive,58170.24,0,Retained
581,Germany,Male,31,6,116891.72,1,1,Has Credit Card,0,Inactive,107137.3,0,Retained
704,Germany,Female,54,6,133656.91,3,1,Has Credit Card,0,Inactive,145071.33,1,Churned
748,France,Male,44,2,92911.52,1,0,No Credit Card,1,Active,85495.24,0,Retained
680,Spain,Female,31,9,119825.75,2,1,Has Credit Card,1,Active,101139.3,0,Retained
655,France,Female,37,7,111852.84,2,1,Has Credit Card,0,Inactive,10511.13,0,Retained
690,Germany,Male,32,0,106683.52,2,1,Has Credit Card,1,Active,137916.49,0,Retained
695,Germany,Male,40,7,139022.24,1,0,No Credit Card,1,Active,193383.13,0,Retained
700,Germany,Female,40,4,148571.07,1,1,Has Credit Card,0,Inactive,189826.96,1,Churned
773,France,Male,52,4,0.0,1,0,No Credit Card,1,Active,144113.42,0,Retained
749,France,Male,42,1,129776.72,2,0,No Credit Card,1,Active,143538.51,0,Retained
611,France,Female,46,5,0.0,1,1,Has Credit Card,0,Inactive,77677.14,1,Churned
606,Spain,Female,46,8,0.0,2,1,Has Credit Card,1,Active,183717.94,0,Retained
554,France,Male,24,10,0.0,1,0,No Credit Card,0,Inactive,92180.62,0,Retained
567,France,Female,37,7,0.0,2,1,Has Credit Card,1,Active,28690.9,0,Retained
559,Spain,Male,24,3,114739.92,1,1,Has Credit Card,0,Inactive,85891.02,1,Churned
594,Germany,Male,41,2,122545.65,2,1,Has Credit Card,1,Active,42050.24,0,Retained
513,France,Female,37,6,0.0,2,1,Has Credit Card,0,Inactive,110142.34,0,Retained
652,Germany,Female,26,1,131908.35,1,1,Has Credit Card,1,Active,179269.79,0,Retained
680,Germany,Female,42,7,105722.69,1,1,Has Credit Card,1,Active,90558.24,1,Churned
784,Spain,Male,33,10,0.0,2,1,Has Credit Card,0,Inactive,162022.47,0,Retained
812,Spain,Female,44,8,0.0,3,1,Has Credit Card,0,Inactive,66926.83,1,Churned
784,Spain,Female,40,8,0.0,2,1,Has Credit Card,0,Inactive,108891.3,0,Retained
570,France,Female,18,4,82767.42,1,1,Has Credit Card,0,Inactive,71811.9,0,Retained
712,France,Female,42,1,87842.98,1,0,No Credit Card,0,Inactive,92223.59,0,Retained
705,Spain,Male,39,6,133261.13,1,1,Has Credit Card,1,Active,78065.9,0,Retained
681,Spain,Female,32,3,0.0,2,1,Has Credit Card,1,Active,59679.9,0,Retained
620,France,Male,41,0,97925.11,1,1,Has Credit Card,0,Inactive,85000.32,0,Retained
711,France,Male,52,5,0.0,1,1,Has Credit Card,1,Active,159808.95,0,Retained
613,France,Female,24,7,140453.91,1,1,Has Credit Card,0,Inactive,129001.3,0,Retained
613,Germany,Female,20,0,117356.19,1,0,No Credit Card,0,Inactive,113557.7,1,Churned
682,Spain,Male,36,5,0.0,2,1,Has Credit Card,1,Active,147758.51,0,Retained
850,Spain,Male,37,4,137204.77,1,1,Has Credit Card,1,Active,28865.59,0,Retained
601,France,Female,41,1,0.0,2,0,No Credit Card,1,Active,160607.06,0,Retained
595,Spain,Male,35,8,0.0,1,1,Has Credit Card,0,Inactive,100015.79,1,Churned
675,Spain,Male,36,3,54098.18,2,0,No Credit Card,1,Active,54478.52,0,Retained
591,Spain,Male,31,8,0.0,1,1,Has Credit Card,1,Active,141677.33,0,Retained
602,France,Male,23,7,113758.48,2,0,No Credit Card,0,Inactive,84077.6,0,Retained
554,Spain,Female,34,8,0.0,1,0,No Credit Card,1,Active,106981.03,0,Retained
541,France,Male,37,9,118636.92,1,1,Has Credit Card,1,Active,73551.44,0,Retained
506,France,Male,34,7,0.0,2,0,No Credit Card,0,Inactive,115842.1,0,Retained
814,Germany,Male,44,8,95488.82,2,0,No Credit Card,0,Inactive,107013.59,0,Retained
683,France,Male,30,8,110829.52,2,0,No Credit Card,0,Inactive,24938.84,0,Retained
485,Germany,Male,51,7,144244.59,2,1,Has Credit Card,0,Inactive,51113.14,0,Retained
696,Germany,Female,31,8,122021.92,2,1,Has Credit Card,0,Inactive,33828.64,0,Retained
608,France,Female,30,8,0.0,2,1,Has Credit Card,0,Inactive,128875.86,0,Retained
792,France,Male,50,9,0.0,4,1,Has Credit Card,1,Active,194700.81,1,Churned
686,Spain,Male,22,5,0.0,2,1,Has Credit Card,0,Inactive,158974.45,0,Retained
790,Germany,Male,42,1,85839.62,1,1,Has Credit Card,0,Inactive,198182.73,0,Retained
654,France,Female,29,4,96974.97,1,0,No Credit Card,1,Active,141404.07,0,Retained
452,France,Male,35,4,148172.44,1,1,Has Credit Card,1,Active,4175.68,0,Retained
719,Spain,Male,38,0,0.0,1,1,Has Credit Card,0,Inactive,126876.47,0,Retained
707,France,Female,40,5,0.0,2,1,Has Credit Card,0,Inactive,41052.82,0,Retained
699,France,Female,49,2,0.0,1,0,No Credit Card,0,Inactive,105760.01,0,Retained
850,Spain,Male,30,2,0.0,2,0,No Credit Card,1,Active,27937.12,0,Retained
828,Spain,Male,28,8,134766.85,1,1,Has Credit Card,0,Inactive,79355.87,0,Retained
850,Germany,Male,30,5,123210.56,2,1,Has Credit Card,1,Active,102180.27,0,Retained
712,Spain,Male,47,1,139887.01,1,1,Has Credit Card,1,Active,95719.73,0,Retained
634,France,Male,44,9,149961.11,1,1,Has Credit Card,0,Inactive,57121.51,0,Retained
730,Germany,Male,45,6,152880.97,1,0,No Credit Card,0,Inactive,162478.11,0,Retained
685,Germany,Male,43,9,108589.47,2,0,No Credit Card,1,Active,194808.51,0,Retained
809,Spain,Male,33,9,0.0,1,1,Has Credit Card,1,Active,124045.65,0,Retained
707,Spain,Female,35,3,56674.48,1,1,Has Credit Card,0,Inactive,17987.4,1,Churned
648,Spain,Male,32,8,0.0,1,1,Has Credit Card,0,Inactive,133653.38,0,Retained
760,Spain,Female,57,1,0.0,2,1,Has Credit Card,1,Active,25101.17,0,Retained
805,Germany,Female,33,3,105663.56,2,0,No Credit Card,1,Active,33330.89,0,Retained
585,France,Female,39,7,0.0,2,1,Has Credit Card,0,Inactive,2401.26,0,Retained
595,Spain,Female,30,5,100683.54,1,1,Has Credit Card,1,Active,178361.04,0,Retained
630,France,Male,42,6,0.0,2,1,Has Credit Card,0,Inactive,162697.93,0,Retained
627,Germany,Male,29,5,139541.58,2,1,Has Credit Card,0,Inactive,80607.33,0,Retained
631,Germany,Female,37,2,121801.72,2,0,No Credit Card,1,Active,23146.62,0,Retained
776,Germany,Male,38,5,112281.7,1,0,No Credit Card,1,Active,89893.6,0,Retained
676,Spain,Female,36,4,0.0,2,1,Has Credit Card,1,Active,3173.31,0,Retained
758,Spain,Female,40,5,93499.82,2,0,No Credit Card,0,Inactive,123218.81,0,Retained
637,France,Male,33,0,132255.99,2,0,No Credit Card,1,Active,74588.41,0,Retained
850,France,Male,20,7,0.0,2,1,Has Credit Card,0,Inactive,31288.77,0,Retained
601,Spain,Female,44,4,0.0,2,1,Has Credit Card,0,Inactive,58561.31,0,Retained
735,France,Male,49,5,121973.28,1,1,Has Credit Card,0,Inactive,148804.36,0,Retained
614,Germany,Male,32,7,99462.8,2,1,Has Credit Card,1,Active,51117.06,0,Retained
672,Germany,Female,21,3,165878.76,2,1,Has Credit Card,1,Active,164537.17,0,Retained
642,France,Male,30,8,117494.27,1,0,No Credit Card,0,Inactive,61977.82,0,Retained
633,Germany,Female,29,0,138577.34,1,1,Has Credit Card,0,Inactive,193362.99,0,Retained
769,Spain,Male,39,9,0.0,1,1,Has Credit Card,1,Active,47722.79,0,Retained
796,Spain,Male,41,8,107525.07,1,1,Has Credit Card,0,Inactive,18510.41,0,Retained
715,France,Male,23,7,139224.92,2,1,Has Credit Card,0,Inactive,65057.71,0,Retained
695,France,Female,42,7,121453.63,1,0,No Credit Card,0,Inactive,46374.64,0,Retained
747,France,Female,25,4,0.0,2,0,No Credit Card,1,Active,42039.67,0,Retained
584,Germany,Female,54,1,77354.37,1,0,No Credit Card,0,Inactive,138192.98,1,Churned
476,France,Male,40,6,0.0,1,1,Has Credit Card,1,Active,22735.45,0,Retained
850,France,Female,39,7,79259.99,1,0,No Credit Card,1,Active,186910.74,0,Retained
529,France,Male,30,2,116295.29,1,1,Has Credit Card,0,Inactive,75285.47,0,Retained
584,Spain,Female,59,1,0.0,1,0,No Credit Card,1,Active,130260.11,1,Churned
586,Germany,Male,34,9,74309.81,1,1,Has Credit Card,0,Inactive,15034.93,0,Retained
674,Germany,Male,34,2,152797.9,1,1,Has Credit Card,0,Inactive,175709.4,1,Churned
552,France,Male,42,9,133701.07,2,1,Has Credit Card,0,Inactive,101069.71,1,Churned
601,Germany,Female,33,7,114430.18,2,1,Has Credit Card,1,Active,153012.13,0,Retained
541,France,Male,29,7,127504.57,1,0,No Credit Card,0,Inactive,86173.92,0,Retained
744,Germany,Female,41,2,84113.41,1,1,Has Credit Card,0,Inactive,197548.63,0,Retained
595,Spain,Female,23,10,101126.66,2,0,No Credit Card,0,Inactive,37042.8,0,Retained
724,Germany,Male,33,5,103564.83,2,1,Has Credit Card,0,Inactive,121085.72,0,Retained
533,Spain,Female,52,7,0.0,1,0,No Credit Card,1,Active,194113.99,1,Churned
618,France,Male,37,2,168178.21,2,0,No Credit Card,1,Active,101273.23,0,Retained
523,Germany,Female,39,1,143903.11,1,1,Has Credit Card,1,Active,118711.75,1,Churned
642,Germany,Female,30,5,129753.69,1,1,Has Credit Card,0,Inactive,582.53,0,Retained
584,France,Male,35,9,0.0,2,1,Has Credit Card,0,Inactive,192381.21,0,Retained
521,France,Male,38,5,110641.18,1,0,No Credit Card,1,Active,136507.69,1,Churned
662,France,Female,36,4,166909.2,2,1,Has Credit Card,0,Inactive,138871.12,1,Churned
758,France,Female,34,1,154139.45,1,1,Has Credit Card,1,Active,60728.89,0,Retained
717,France,Male,38,7,97459.06,1,0,No Credit Card,0,Inactive,189175.71,0,Retained
611,France,Male,40,1,0.0,2,1,Has Credit Card,1,Active,102547.56,0,Retained
766,Germany,Male,43,6,112088.04,2,1,Has Credit Card,1,Active,36706.56,0,Retained
636,France,Female,34,3,0.0,2,1,Has Credit Card,1,Active,44756.25,0,Retained
814,France,Female,48,7,0.0,2,1,Has Credit Card,1,Active,132870.15,0,Retained
760,Spain,Male,28,1,141038.57,2,0,No Credit Card,0,Inactive,16287.38,0,Retained
607,Germany,Male,39,2,84468.67,2,1,Has Credit Card,1,Active,121945.42,0,Retained
725,Spain,Female,36,4,118520.26,1,0,No Credit Card,0,Inactive,131173.9,1,Churned
600,France,Male,37,1,142663.46,1,0,No Credit Card,1,Active,88669.89,0,Retained
656,Germany,Male,27,4,118627.16,2,1,Has Credit Card,1,Active,160835.3,0,Retained
640,Spain,Male,34,1,137523.02,1,0,No Credit Card,0,Inactive,24761.36,0,Retained
439,France,Male,28,7,110976.23,2,1,Has Credit Card,0,Inactive,138526.96,0,Retained
549,France,Female,38,8,107283.4,1,0,No Credit Card,0,Inactive,157442.75,0,Retained
622,France,Male,38,5,0.0,2,0,No Credit Card,0,Inactive,105295.77,0,Retained
715,France,Male,34,4,124314.45,1,0,No Credit Card,0,Inactive,97782.92,0,Retained
657,France,Female,41,5,95858.37,1,1,Has Credit Card,1,Active,68255.88,0,Retained
703,France,Male,36,2,0.0,2,1,Has Credit Card,0,Inactive,108790.95,0,Retained
802,France,Male,33,8,0.0,2,1,Has Credit Card,0,Inactive,143706.18,0,Retained
793,Spain,Female,36,0,0.0,1,0,No Credit Card,0,Inactive,148993.47,0,Retained
554,France,Female,35,6,117707.18,2,0,No Credit Card,0,Inactive,95277.15,1,Churned
533,Spain,Male,38,1,135289.33,2,0,No Credit Card,1,Active,152956.33,0,Retained
658,France,Male,36,8,174060.46,1,1,Has Credit Card,1,Active,94925.62,0,Retained
713,Germany,Male,40,3,114446.84,2,1,Has Credit Card,1,Active,87308.18,0,Retained
711,Spain,Male,37,2,0.0,2,1,Has Credit Card,0,Inactive,83978.86,1,Churned
669,France,Male,25,1,157848.53,1,0,No Credit Card,0,Inactive,37543.93,1,Churned
439,France,Female,43,8,0.0,1,0,No Credit Card,1,Active,104889.3,0,Retained
763,Spain,Female,37,6,0.0,2,1,Has Credit Card,1,Active,149705.25,0,Retained
697,Germany,Female,74,3,108071.36,2,1,Has Credit Card,1,Active,16445.79,0,Retained
702,Spain,Female,35,8,14262.8,2,1,Has Credit Card,0,Inactive,54689.16,0,Retained
686,Spain,Male,41,7,102749.72,1,0,No Credit Card,1,Active,194913.86,0,Retained
629,Spain,Male,36,1,161757.87,2,1,Has Credit Card,1,Active,146371.72,0,Retained
823,France,Male,38,1,0.0,2,1,Has Credit Card,0,Inactive,156603.7,0,Retained
683,Germany,Female,35,5,95698.79,1,0,No Credit Card,1,Active,182566.76,0,Retained
555,France,Male,37,9,124969.13,1,1,Has Credit Card,0,Inactive,60194.05,0,Retained
647,Germany,Male,44,4,93960.35,1,1,Has Credit Card,0,Inactive,36579.53,1,Churned
714,France,Female,51,4,88308.87,3,0,No Credit Card,0,Inactive,5862.53,1,Churned
850,Spain,Female,39,10,0.0,2,1,Has Credit Card,1,Active,143030.09,0,Retained
713,France,Female,59,3,0.0,2,1,Has Credit Card,1,Active,62700.08,0,Retained
452,France,Male,30,7,112935.87,1,1,Has Credit Card,1,Active,99017.34,0,Retained
683,Spain,Female,24,8,98567.1,1,1,Has Credit Card,0,Inactive,187987.01,0,Retained
577,France,Female,26,1,180530.51,1,0,No Credit Card,0,Inactive,123454.62,0,Retained
552,France,Male,33,5,140931.57,1,0,No Credit Card,1,Active,10921.5,0,Retained
769,Germany,Female,31,7,148913.72,2,1,Has Credit Card,0,Inactive,53817.23,0,Retained
691,France,Male,38,7,0.0,2,0,No Credit Card,0,Inactive,81617.4,0,Retained
818,France,Female,49,2,0.0,1,0,No Credit Card,1,Active,192298.84,1,Churned
739,France,Male,41,5,0.0,2,0,No Credit Card,0,Inactive,143882.25,0,Retained
639,France,Female,50,6,115335.32,2,1,Has Credit Card,1,Active,53130.41,0,Retained
651,France,Female,65,0,0.0,2,1,Has Credit Card,1,Active,190454.04,0,Retained
779,France,Female,26,0,0.0,2,0,No Credit Card,1,Active,111906.0,0,Retained
850,Germany,Female,33,7,134678.13,1,1,Has Credit Card,0,Inactive,113177.95,0,Retained
829,France,Male,38,9,0.0,2,1,Has Credit Card,0,Inactive,30529.88,0,Retained
579,Germany,Male,31,2,90547.48,2,1,Has Credit Card,1,Active,18800.13,0,Retained
510,France,Male,32,9,103324.78,1,1,Has Credit Card,1,Active,46127.7,0,Retained
531,France,Male,29,3,114590.58,1,0,No Credit Card,0,Inactive,75585.48,0,Retained
628,Germany,Female,36,3,91286.51,1,1,Has Credit Card,0,Inactive,63085.94,0,Retained
633,Spain,Male,32,5,163340.12,2,1,Has Credit Card,1,Active,74415.2,0,Retained
714,Spain,Male,45,8,150900.29,2,0,No Credit Card,1,Active,139889.15,0,Retained
604,Spain,Male,23,9,124577.33,1,1,Has Credit Card,1,Active,7267.25,0,Retained
630,Spain,Male,35,1,0.0,2,0,No Credit Card,0,Inactive,186826.22,0,Retained
850,Spain,Female,31,4,91292.7,1,1,Has Credit Card,1,Active,162149.07,0,Retained
788,Germany,Female,57,8,93716.72,1,1,Has Credit Card,1,Active,180150.49,1,Churned
798,France,Female,37,4,111723.08,1,1,Has Credit Card,1,Active,83478.12,0,Retained
770,Germany,Male,45,4,110765.68,1,1,Has Credit Card,0,Inactive,26163.74,1,Churned
569,Germany,Male,25,9,173459.45,2,1,Has Credit Card,1,Active,44381.06,0,Retained
425,Spain,Female,22,7,169649.73,2,0,No Credit Card,1,Active,136365.0,1,Churned
547,Spain,Female,31,9,0.0,2,0,No Credit Card,0,Inactive,99294.22,0,Retained
725,Germany,Male,45,8,116917.07,1,0,No Credit Card,0,Inactive,173464.43,1,Churned
506,France,Male,37,5,0.0,2,1,Has Credit Card,1,Active,127543.81,0,Retained
632,France,Female,36,7,0.0,2,1,Has Credit Card,1,Active,52526.65,0,Retained
620,France,Male,22,0,0.0,1,1,Has Credit Card,0,Inactive,32589.45,0,Retained
663,Germany,Male,32,8,130627.66,1,1,Has Credit Card,0,Inactive,47161.25,1,Churned
700,Spain,Female,46,5,56580.95,2,0,No Credit Card,1,Active,45424.13,0,Retained
696,Germany,Male,38,6,142316.14,1,1,Has Credit Card,1,Active,8018.49,0,Retained
767,Spain,Male,31,6,0.0,2,1,Has Credit Card,1,Active,195668.0,0,Retained
561,France,Male,56,7,152759.0,2,1,Has Credit Card,0,Inactive,133167.11,1,Churned
350,Germany,Male,39,0,109733.2,2,0,No Credit Card,0,Inactive,123602.11,1,Churned
706,France,Male,54,9,117444.51,1,1,Has Credit Card,1,Active,186238.85,0,Retained
464,Spain,Female,34,5,76001.57,1,1,Has Credit Card,1,Active,158668.87,0,Retained
501,France,Female,34,3,107747.57,1,1,Has Credit Card,0,Inactive,9249.36,0,Retained
745,Spain,Female,35,8,0.0,2,1,Has Credit Card,1,Active,116581.1,0,Retained
587,France,Female,36,1,134997.49,2,1,Has Credit Card,0,Inactive,44688.08,0,Retained
667,France,Female,48,2,0.0,2,1,Has Credit Card,1,Active,148608.39,0,Retained
737,France,Male,36,9,0.0,1,0,No Credit Card,1,Active,188670.9,1,Churned
485,Spain,Female,30,7,0.0,1,1,Has Credit Card,0,Inactive,107067.37,0,Retained
590,Spain,Female,37,0,64345.21,1,0,No Credit Card,1,Active,61759.33,1,Churned
518,Germany,Female,35,8,141665.63,1,0,No Credit Card,1,Active,192776.64,0,Retained
581,Spain,Female,29,8,0.0,2,1,Has Credit Card,0,Inactive,46735.19,0,Retained
785,Germany,Female,33,5,136624.6,2,1,Has Credit Card,1,Active,169117.74,0,Retained
799,France,Female,52,4,161209.66,1,1,Has Credit Card,1,Active,89081.41,0,Retained
698,Spain,Male,38,10,95010.92,1,1,Has Credit Card,1,Active,105227.86,0,Retained
730,France,Female,41,4,167545.32,1,1,Has Credit Card,0,Inactive,128246.81,0,Retained
740,Germany,Female,36,4,109044.6,1,0,No Credit Card,0,Inactive,94554.74,1,Churned
785,France,Female,47,9,122031.55,1,1,Has Credit Card,1,Active,33823.5,1,Churned
527,Spain,Female,29,2,27755.97,1,1,Has Credit Card,0,Inactive,97468.44,1,Churned
544,France,Female,29,1,118560.55,1,1,Has Credit Card,1,Active,164137.36,0,Retained
705,France,Male,61,4,0.0,2,1,Has Credit Card,1,Active,191313.7,0,Retained
684,France,Male,34,9,0.0,2,1,Has Credit Card,1,Active,65257.57,0,Retained
639,Spain,Female,28,8,97840.72,1,1,Has Credit Card,1,Active,178222.77,0,Retained
565,Germany,Female,38,2,158651.29,2,1,Has Credit Card,1,Active,179445.28,0,Retained
481,France,Male,44,9,175303.06,1,1,Has Credit Card,0,Inactive,65500.53,1,Churned
731,Spain,Male,25,8,96950.21,1,1,Has Credit Card,0,Inactive,97877.92,0,Retained
607,France,Male,45,7,123859.6,1,0,No Credit Card,1,Active,113051.57,0,Retained
760,France,Female,32,7,0.0,2,1,Has Credit Card,1,Active,105969.05,0,Retained
559,France,Female,70,9,0.0,1,1,Has Credit Card,1,Active,122996.76,0,Retained
715,France,Female,33,3,85227.84,1,1,Has Credit Card,1,Active,68087.15,0,Retained
656,France,Male,36,8,97786.08,2,0,No Credit Card,1,Active,21478.36,0,Retained
652,Germany,Male,33,7,128135.99,1,1,Has Credit Card,0,Inactive,158437.73,0,Retained
624,Spain,Male,33,6,0.0,2,0,No Credit Card,0,Inactive,76551.7,0,Retained
634,Spain,Male,36,2,85996.19,1,1,Has Credit Card,0,Inactive,15887.68,0,Retained
850,Spain,Female,50,10,0.0,2,1,Has Credit Card,1,Active,33741.84,0,Retained
659,Germany,Female,39,1,104502.11,1,1,Has Credit Card,0,Inactive,20652.69,0,Retained
529,Spain,Male,35,5,95772.97,1,1,Has Credit Card,1,Active,112781.5,0,Retained
572,Spain,Male,31,5,98108.79,1,0,No Credit Card,1,Active,119996.95,0,Retained
640,Germany,Male,39,9,131607.28,4,0,No Credit Card,1,Active,6981.43,1,Churned
770,Spain,Male,55,9,63127.41,2,1,Has Credit Card,0,Inactive,185211.28,1,Churned
648,Spain,Male,35,7,0.0,2,1,Has Credit Card,1,Active,78436.36,0,Retained
579,France,Male,31,9,0.0,1,0,No Credit Card,1,Active,139048.0,0,Retained
589,Germany,Female,36,9,140355.56,2,1,Has Credit Card,0,Inactive,136329.96,0,Retained
530,Spain,Female,36,2,0.0,2,1,Has Credit Card,1,Active,14721.8,0,Retained
831,France,Male,30,2,0.0,2,0,No Credit Card,1,Active,3430.38,0,Retained
790,Germany,Male,24,7,107418.27,1,0,No Credit Card,1,Active,160450.21,0,Retained
656,France,Male,35,6,0.0,2,1,Has Credit Card,0,Inactive,1485.27,0,Retained
563,Spain,Male,32,6,0.0,2,1,Has Credit Card,1,Active,19720.08,0,Retained
667,Spain,Male,39,7,167557.12,1,1,Has Credit Card,1,Active,41183.02,0,Retained
613,Spain,Male,34,8,117300.02,1,1,Has Credit Card,0,Inactive,139410.08,0,Retained
429,France,Male,60,7,0.0,2,1,Has Credit Card,1,Active,163691.48,0,Retained
665,France,Female,23,9,143672.9,1,1,Has Credit Card,1,Active,115147.33,0,Retained
731,France,Male,33,4,0.0,2,1,Has Credit Card,1,Active,74945.11,0,Retained
584,France,Female,37,1,0.0,2,1,Has Credit Card,1,Active,180363.56,0,Retained
634,Germany,Female,31,8,76798.92,1,0,No Credit Card,0,Inactive,196021.73,0,Retained
488,France,Male,34,3,0.0,2,1,Has Credit Card,1,Active,125979.36,0,Retained
535,Spain,Female,49,7,115309.75,1,1,Has Credit Card,0,Inactive,111421.77,0,Retained
776,France,Female,29,7,178171.04,2,1,Has Credit Card,1,Active,115818.51,0,Retained
850,Spain,Female,38,3,0.0,2,0,No Credit Card,1,Active,179360.76,0,Retained
673,Spain,Female,37,0,0.0,2,0,No Credit Card,0,Inactive,82351.06,0,Retained
850,Germany,Female,45,5,127258.79,1,1,Has Credit Card,1,Active,192744.23,1,Churned
627,Spain,Female,30,6,0.0,1,1,Has Credit Card,1,Active,113408.47,0,Retained
570,France,Female,33,8,0.0,1,1,Has Credit Card,1,Active,124641.42,0,Retained
796,Spain,Male,67,5,0.0,2,0,No Credit Card,1,Active,54871.02,0,Retained
773,Spain,Female,33,10,0.0,1,1,Has Credit Card,1,Active,98820.09,0,Retained
752,Spain,Male,36,2,0.0,2,1,Has Credit Card,1,Active,45570.84,0,Retained
625,Spain,Female,69,1,107569.96,1,1,Has Credit Card,1,Active,182336.45,0,Retained
535,Germany,Male,20,9,134874.4,1,1,Has Credit Card,1,Active,118825.56,0,Retained
786,France,Female,29,4,0.0,2,1,Has Credit Card,0,Inactive,103372.79,0,Retained
620,France,Female,67,3,0.0,2,1,Has Credit Card,1,Active,43486.73,0,Retained
605,Spain,Female,48,6,0.0,2,1,Has Credit Card,1,Active,40062.99,0,Retained
670,Spain,Female,32,3,0.0,2,1,Has Credit Card,0,Inactive,46175.7,0,Retained
617,Spain,Male,42,0,70105.87,1,1,Has Credit Card,1,Active,120830.73,0,Retained
595,France,Male,41,9,0.0,2,1,Has Credit Card,0,Inactive,5967.09,0,Retained
687,Germany,Female,29,4,78939.15,1,1,Has Credit Card,0,Inactive,122134.56,1,Churned
757,Germany,Male,30,6,105128.85,2,1,Has Credit Card,1,Active,62972.13,0,Retained
746,Spain,Male,31,2,113836.27,1,1,Has Credit Card,1,Active,174815.54,0,Retained
503,Spain,Male,25,7,0.0,1,0,No Credit Card,1,Active,192841.13,0,Retained
543,Germany,Male,48,1,100900.5,1,0,No Credit Card,0,Inactive,33310.72,1,Churned
428,Germany,Female,40,3,129248.11,2,1,Has Credit Card,0,Inactive,72876.43,1,Churned
768,France,Female,28,3,109118.05,2,0,No Credit Card,1,Active,50911.41,0,Retained
618,France,Male,56,7,0.0,1,1,Has Credit Card,1,Active,142400.27,1,Churned
591,France,Female,31,7,0.0,2,0,No Credit Card,1,Active,48778.46,0,Retained
658,France,Female,35,5,126397.66,1,0,No Credit Card,0,Inactive,156361.58,1,Churned
625,France,Male,36,9,108546.16,3,1,Has Credit Card,0,Inactive,133807.77,1,Churned
717,France,Male,36,2,148061.89,1,1,Has Credit Card,0,Inactive,179128.69,1,Churned
667,France,Male,44,8,122277.87,1,1,Has Credit Card,1,Active,91810.71,0,Retained
804,France,Male,24,3,0.0,2,1,Has Credit Card,0,Inactive,173195.33,0,Retained
693,France,Male,31,1,0.0,2,0,No Credit Card,1,Active,182270.88,0,Retained
729,Germany,Male,36,8,152899.24,2,1,Has Credit Card,0,Inactive,177130.33,0,Retained
484,Germany,Male,54,3,134388.11,1,0,No Credit Card,0,Inactive,49954.79,1,Churned
632,Spain,Female,40,3,109740.62,1,1,Has Credit Card,0,Inactive,141896.74,0,Retained
536,Germany,Male,23,6,92366.72,2,1,Has Credit Card,0,Inactive,120661.71,0,Retained
573,France,Female,26,4,129109.02,1,0,No Credit Card,0,Inactive,149814.68,1,Churned
655,Spain,Female,56,5,0.0,2,1,Has Credit Card,1,Active,41782.7,0,Retained
666,Germany,Male,74,7,105102.5,1,1,Has Credit Card,1,Active,46172.47,0,Retained
726,Germany,Male,30,5,111375.32,2,1,Has Credit Card,0,Inactive,2704.09,0,Retained
523,France,Male,39,3,0.0,2,1,Has Credit Card,0,Inactive,6726.53,0,Retained
728,Germany,Female,33,9,150412.14,2,1,Has Credit Card,0,Inactive,170764.08,0,Retained
701,France,Male,30,3,156660.72,2,1,Has Credit Card,0,Inactive,45742.42,0,Retained
518,France,Male,38,3,90957.81,1,0,No Credit Card,1,Active,162304.59,0,Retained
739,France,Male,37,7,104960.46,1,0,No Credit Card,1,Active,80883.82,0,Retained
531,Germany,Female,31,7,117052.82,1,1,Has Credit Card,0,Inactive,118508.09,1,Churned
452,Spain,Male,44,3,88915.85,1,1,Has Credit Card,0,Inactive,69697.74,0,Retained
684,France,Male,45,6,148071.39,1,1,Has Credit Card,0,Inactive,183575.01,0,Retained
728,Germany,Male,39,6,152182.83,1,0,No Credit Card,0,Inactive,161203.6,0,Retained
783,Spain,Male,39,9,0.0,2,1,Has Credit Card,0,Inactive,143752.77,0,Retained
734,France,Male,22,5,130056.23,1,0,No Credit Card,0,Inactive,121894.31,1,Churned
648,Germany,Male,34,3,95039.73,2,1,Has Credit Card,1,Active,147055.87,0,Retained
688,France,Male,52,1,0.0,2,1,Has Credit Card,1,Active,172033.57,0,Retained
680,Spain,Male,35,9,0.0,2,0,No Credit Card,0,Inactive,143774.06,0,Retained
516,France,Female,43,2,112773.73,2,1,Has Credit Card,1,Active,139366.58,0,Retained
680,France,Female,37,10,123806.28,1,1,Has Credit Card,0,Inactive,81776.84,1,Churned
604,France,Male,53,8,144453.75,1,1,Has Credit Card,0,Inactive,190998.96,1,Churned
624,Germany,Male,27,9,94667.29,2,0,No Credit Card,1,Active,4470.52,0,Retained
623,France,Male,21,10,0.0,2,0,No Credit Card,1,Active,135851.3,0,Retained
624,Spain,Male,51,5,174397.21,2,1,Has Credit Card,1,Active,172372.63,0,Retained
565,Germany,Female,58,3,108888.24,3,0,No Credit Card,1,Active,135875.51,1,Churned
565,France,Male,55,4,118803.35,2,1,Has Credit Card,1,Active,128124.7,1,Churned
710,France,Male,54,6,171137.62,1,1,Has Credit Card,1,Active,167023.95,1,Churned
645,France,Male,42,6,0.0,1,0,No Credit Card,0,Inactive,149807.01,0,Retained
707,France,Male,33,8,136678.52,1,1,Has Credit Card,0,Inactive,54290.62,0,Retained
655,Spain,Female,36,1,135515.76,1,1,Has Credit Card,0,Inactive,86013.96,0,Retained
705,Spain,Female,24,5,177799.83,2,0,No Credit Card,0,Inactive,79886.06,0,Retained
358,Spain,Female,52,8,143542.36,3,1,Has Credit Card,0,Inactive,141959.11,1,Churned
578,Germany,Male,34,8,147487.23,2,1,Has Credit Card,0,Inactive,66680.77,0,Retained
800,France,Female,40,5,97764.41,1,1,Has Credit Card,0,Inactive,98640.15,1,Churned
612,France,Female,33,9,0.0,1,0,No Credit Card,0,Inactive,142797.5,1,Churned
681,Germany,Female,48,8,139480.18,1,1,Has Credit Card,1,Active,163581.67,0,Retained
559,Spain,Male,25,5,0.0,2,1,Has Credit Card,1,Active,163221.22,0,Retained
488,Spain,Female,39,9,140553.46,1,0,No Credit Card,0,Inactive,12440.44,0,Retained
717,France,Female,36,5,0.0,2,1,Has Credit Card,1,Active,145551.6,0,Retained
666,France,Female,41,10,141162.08,1,1,Has Credit Card,0,Inactive,50908.48,0,Retained
582,Spain,Male,26,4,65848.36,2,1,Has Credit Card,0,Inactive,30149.21,0,Retained
733,Spain,Female,30,0,83319.28,1,0,No Credit Card,0,Inactive,57769.2,0,Retained
693,France,Male,41,4,0.0,2,0,No Credit Card,0,Inactive,156381.47,0,Retained
694,France,Female,33,4,129731.64,2,1,Has Credit Card,0,Inactive,178123.86,0,Retained
622,France,Female,35,5,0.0,2,1,Has Credit Card,0,Inactive,51112.8,0,Retained
598,Spain,Female,38,6,0.0,2,0,No Credit Card,0,Inactive,173783.38,0,Retained
717,Spain,Male,35,1,0.0,3,0,No Credit Card,0,Inactive,174770.14,1,Churned
494,Germany,Male,37,5,107106.33,2,1,Has Credit Card,0,Inactive,172063.09,0,Retained
644,France,Male,33,8,0.0,2,1,Has Credit Card,1,Active,155294.17,0,Retained
554,France,Female,30,9,0.0,2,1,Has Credit Card,1,Active,40320.3,0,Retained
476,Spain,Female,69,1,105303.73,1,0,No Credit Card,1,Active,134260.34,0,Retained
667,France,Male,28,6,165798.1,1,1,Has Credit Card,0,Inactive,147090.9,0,Retained
748,Spain,Female,40,4,0.0,2,1,Has Credit Card,0,Inactive,132368.47,0,Retained
531,Spain,Female,45,1,126495.57,2,1,Has Credit Card,1,Active,164741.5,0,Retained
719,Spain,Female,47,9,116393.59,1,1,Has Credit Card,0,Inactive,63051.32,1,Churned
845,Germany,Female,41,2,81733.74,2,0,No Credit Card,0,Inactive,199761.29,0,Retained
738,France,Male,54,4,0.0,1,0,No Credit Card,1,Active,55725.04,1,Churned
563,Spain,Female,46,8,106171.68,1,1,Has Credit Card,0,Inactive,163145.5,1,Churned
695,Spain,Male,28,0,96020.86,1,1,Has Credit Card,1,Active,57992.49,0,Retained
841,Spain,Male,41,1,0.0,2,0,No Credit Card,1,Active,193093.77,0,Retained
626,Germany,Male,36,2,181671.16,2,1,Has Credit Card,1,Active,57531.14,0,Retained
613,France,Female,29,6,185709.28,2,1,Has Credit Card,1,Active,77242.19,0,Retained
824,Germany,Male,60,8,134250.17,3,0,No Credit Card,0,Inactive,153046.16,1,Churned
705,France,Female,49,7,0.0,1,1,Has Credit Card,0,Inactive,63405.2,1,Churned
584,France,Female,44,5,95671.75,2,1,Has Credit Card,1,Active,106564.88,0,Retained
534,France,Male,62,2,0.0,2,0,No Credit Card,0,Inactive,42763.12,1,Churned
672,France,Female,34,1,142151.75,2,1,Has Credit Card,1,Active,168753.34,0,Retained
603,France,Male,43,5,127823.93,1,1,Has Credit Card,1,Active,19483.35,0,Retained
633,Germany,Male,43,3,144164.29,1,1,Has Credit Card,1,Active,158646.46,0,Retained
842,France,Male,58,1,63492.94,1,1,Has Credit Card,1,Active,83172.19,0,Retained
661,France,Female,27,3,0.0,2,1,Has Credit Card,1,Active,76889.79,0,Retained
601,France,Male,74,2,0.0,2,0,No Credit Card,1,Active,51554.58,0,Retained
632,France,Male,41,0,106134.46,1,0,No Credit Card,1,Active,105570.39,0,Retained
684,Germany,Male,29,8,127269.75,1,0,No Credit Card,1,Active,79495.01,0,Retained
785,Germany,Female,32,3,124493.03,2,0,No Credit Card,1,Active,52583.79,1,Churned
687,France,Male,39,7,0.0,2,1,Has Credit Card,0,Inactive,26848.25,0,Retained
705,Germany,Female,43,10,146547.78,1,0,No Credit Card,1,Active,10072.55,1,Churned
639,France,Male,43,6,99610.92,2,1,Has Credit Card,0,Inactive,187296.78,0,Retained
729,Germany,Male,46,5,117837.43,1,1,Has Credit Card,0,Inactive,104016.61,1,Churned
556,Spain,Female,48,8,168522.37,1,1,Has Credit Card,1,Active,151310.16,0,Retained
570,France,Male,32,9,117337.54,2,0,No Credit Card,1,Active,62810.91,0,Retained
841,France,Male,74,9,108131.53,1,0,No Credit Card,1,Active,60830.38,0,Retained
705,Germany,Male,35,4,136496.12,2,1,Has Credit Card,0,Inactive,116672.02,0,Retained
553,France,Male,32,3,116324.53,1,1,Has Credit Card,0,Inactive,77304.49,0,Retained
779,Germany,Female,40,2,75470.23,1,1,Has Credit Card,1,Active,52894.01,0,Retained
696,France,Male,28,4,172646.82,1,1,Has Credit Card,1,Active,116471.43,0,Retained
728,Spain,Female,37,4,0.0,1,0,No Credit Card,0,Inactive,4539.38,0,Retained
691,Germany,Male,27,3,160358.68,2,1,Has Credit Card,0,Inactive,142367.72,0,Retained
706,France,Male,30,3,98415.37,1,1,Has Credit Card,1,Active,110520.48,0,Retained
627,Germany,Female,30,6,57809.32,1,1,Has Credit Card,0,Inactive,188258.49,0,Retained
716,Germany,Female,18,3,128743.8,1,0,No Credit Card,0,Inactive,197322.13,0,Retained
501,Germany,Male,24,4,130806.42,2,1,Has Credit Card,0,Inactive,80241.14,0,Retained
601,France,Male,41,1,123971.16,1,0,No Credit Card,1,Active,172814.99,0,Retained
545,Spain,Female,39,6,0.0,1,0,No Credit Card,0,Inactive,38410.74,1,Churned
634,France,Male,45,9,0.0,2,0,No Credit Card,0,Inactive,17622.82,0,Retained
451,Spain,Female,23,9,0.0,2,0,No Credit Card,1,Active,48021.71,0,Retained
655,France,Female,59,7,0.0,1,1,Has Credit Card,0,Inactive,88958.49,1,Churned
458,France,Female,39,9,0.0,2,1,Has Credit Card,0,Inactive,116343.09,0,Retained
520,France,Male,33,4,156297.58,2,1,Has Credit Card,1,Active,166102.61,0,Retained
624,Spain,Female,28,2,0.0,2,0,No Credit Card,1,Active,104353.26,0,Retained
765,France,Male,51,3,123372.3,1,1,Has Credit Card,1,Active,115429.32,0,Retained
667,Germany,Female,37,5,92171.35,3,1,Has Credit Card,0,Inactive,178106.34,1,Churned
665,Spain,Male,41,8,0.0,2,1,Has Credit Card,0,Inactive,132152.32,0,Retained
709,Germany,Male,34,4,148375.19,2,1,Has Credit Card,1,Active,21521.38,0,Retained
583,France,Female,44,8,0.0,2,1,Has Credit Card,1,Active,27431.62,0,Retained
782,Spain,Male,34,6,147422.44,1,0,No Credit Card,1,Active,42143.61,0,Retained
668,Spain,Female,24,7,173962.32,1,0,No Credit Card,0,Inactive,106457.11,1,Churned
621,France,Male,47,0,0.0,1,1,Has Credit Card,1,Active,133831.37,1,Churned
579,Germany,Female,64,6,145215.43,1,1,Has Credit Card,1,Active,164083.72,0,Retained
547,France,Female,38,5,167539.97,1,0,No Credit Card,1,Active,159207.34,0,Retained
840,France,Female,39,1,94968.97,1,1,Has Credit Card,0,Inactive,84487.62,0,Retained
667,Germany,Female,27,3,106116.5,2,1,Has Credit Card,0,Inactive,3674.71,0,Retained
723,France,Male,34,5,0.0,2,0,No Credit Card,1,Active,12092.03,0,Retained
487,France,Male,45,2,0.0,2,1,Has Credit Card,0,Inactive,77475.73,0,Retained
668,France,Female,31,9,0.0,2,0,No Credit Card,0,Inactive,41291.73,0,Retained
520,Germany,Male,34,8,120018.86,2,1,Has Credit Card,1,Active,343.38,0,Retained
549,France,Male,37,2,112541.54,2,0,No Credit Card,0,Inactive,47432.43,0,Retained
567,France,Female,35,5,166118.45,2,1,Has Credit Card,0,Inactive,127827.18,0,Retained
720,France,Female,45,1,102882.4,2,1,Has Credit Card,1,Active,35633.15,1,Churned
492,France,Female,49,8,0.0,1,1,Has Credit Card,1,Active,182865.09,1,Churned
712,France,Female,37,1,106881.5,2,0,No Credit Card,0,Inactive,169386.81,0,Retained
689,Germany,Male,26,4,120727.97,1,0,No Credit Card,1,Active,149073.88,0,Retained
850,France,Male,63,8,169832.57,1,0,No Credit Card,0,Inactive,184107.26,1,Churned
747,France,Male,41,5,0.0,2,1,Has Credit Card,1,Active,22750.17,0,Retained
469,Germany,Male,38,9,113599.42,1,0,No Credit Card,0,Inactive,11950.29,0,Retained
539,Spain,Male,38,6,0.0,1,1,Has Credit Card,1,Active,152880.07,1,Churned
743,France,Male,32,9,0.0,2,1,Has Credit Card,0,Inactive,175252.78,0,Retained
707,France,Male,47,3,0.0,2,1,Has Credit Card,0,Inactive,174303.29,0,Retained
581,Spain,Female,50,4,0.0,2,1,Has Credit Card,1,Active,80701.72,0,Retained
737,Spain,Male,38,6,146282.79,2,1,Has Credit Card,0,Inactive,198516.2,0,Retained
445,Germany,Female,38,6,119413.62,2,1,Has Credit Card,0,Inactive,175756.36,0,Retained
703,Germany,Female,29,3,122084.63,1,0,No Credit Card,1,Active,82824.08,0,Retained
588,Germany,Female,35,1,103060.63,1,1,Has Credit Card,0,Inactive,179866.01,1,Churned
765,France,Male,44,6,0.0,2,1,Has Credit Card,1,Active,159899.97,0,Retained
626,France,Male,33,8,0.0,2,1,Has Credit Card,0,Inactive,138504.28,0,Retained
545,Germany,Male,37,9,110483.86,1,1,Has Credit Card,1,Active,127394.67,0,Retained
744,France,Male,31,9,120718.28,1,1,Has Credit Card,1,Active,58961.49,0,Retained
658,Spain,Female,31,2,36566.96,1,1,Has Credit Card,0,Inactive,103644.98,1,Churned
629,Germany,Male,28,8,108601.0,1,1,Has Credit Card,1,Active,119647.7,0,Retained
719,France,Female,42,4,0.0,1,1,Has Credit Card,0,Inactive,28465.86,1,Churned
686,Spain,Female,36,5,0.0,2,1,Has Credit Card,1,Active,152979.14,0,Retained
743,France,Male,36,4,0.0,2,1,Has Credit Card,1,Active,190911.02,0,Retained
626,Spain,Female,48,2,0.0,2,1,Has Credit Card,1,Active,95794.98,0,Retained
661,Germany,Male,44,1,141136.62,1,1,Has Credit Card,0,Inactive,189742.78,1,Churned
710,Germany,Male,45,9,108231.37,1,1,Has Credit Card,1,Active,188574.08,0,Retained
654,France,Male,40,6,0.0,1,0,No Credit Card,0,Inactive,183872.88,1,Churned
569,Spain,Female,34,6,144855.34,1,0,No Credit Card,0,Inactive,196555.32,0,Retained
640,France,Male,63,2,68432.45,2,1,Has Credit Card,1,Active,112503.24,1,Churned
562,France,Male,45,6,136855.24,1,1,Has Credit Card,0,Inactive,46864.0,0,Retained
721,France,Female,55,3,44020.89,1,1,Has Credit Card,0,Inactive,65864.4,1,Churned
456,Germany,Male,32,9,133060.63,1,1,Has Credit Card,1,Active,125167.92,0,Retained
811,Spain,Male,39,7,0.0,2,1,Has Credit Card,1,Active,177519.39,0,Retained
534,France,Male,24,1,0.0,1,1,Has Credit Card,1,Active,169653.32,0,Retained
423,France,Female,36,5,97665.61,1,1,Has Credit Card,0,Inactive,118372.55,1,Churned
594,Germany,Male,28,5,185013.02,1,1,Has Credit Card,0,Inactive,16481.12,0,Retained
725,Spain,Female,32,0,0.0,2,1,Has Credit Card,1,Active,138525.19,0,Retained
716,France,Female,52,7,65971.61,2,1,Has Credit Card,0,Inactive,14608.0,1,Churned
595,Germany,Female,41,9,150463.11,2,0,No Credit Card,1,Active,81548.38,0,Retained
679,France,Female,33,1,0.0,2,0,No Credit Card,0,Inactive,69608.48,0,Retained
667,Spain,Male,39,9,0.0,2,1,Has Credit Card,0,Inactive,68873.8,0,Retained
661,France,Female,37,5,136425.18,1,1,Has Credit Card,0,Inactive,81102.81,0,Retained
655,Spain,Male,38,3,250898.09,3,0,No Credit Card,1,Active,81054.0,1,Churned
555,France,Male,55,4,146798.81,1,1,Has Credit Card,1,Active,74149.77,0,Retained
531,Spain,Male,70,1,0.0,2,0,No Credit Card,0,Inactive,99503.19,0,Retained
611,Germany,Female,40,7,128486.91,2,1,Has Credit Card,0,Inactive,10109.47,0,Retained
600,France,Female,38,9,0.0,2,1,Has Credit Card,1,Active,58855.85,0,Retained
531,Spain,Male,37,1,143407.29,2,0,No Credit Card,1,Active,84402.46,0,Retained
601,France,Female,43,2,0.0,1,1,Has Credit Card,0,Inactive,49713.87,1,Churned
548,France,Male,57,6,76165.65,1,1,Has Credit Card,1,Active,133537.53,0,Retained
759,France,Male,40,4,0.0,2,1,Has Credit Card,0,Inactive,124615.59,0,Retained
678,Spain,Female,49,8,0.0,2,0,No Credit Card,1,Active,98090.69,0,Retained
755,Germany,Female,33,6,90560.3,2,1,Has Credit Card,1,Active,42607.69,0,Retained
594,France,Male,61,3,62391.22,1,1,Has Credit Card,1,Active,192434.11,0,Retained
768,France,Male,42,5,0.0,3,0,No Credit Card,0,Inactive,60686.4,0,Retained
492,France,Female,31,7,0.0,2,1,Has Credit Card,1,Active,49463.44,0,Retained
637,Germany,Female,55,1,123378.2,1,1,Has Credit Card,0,Inactive,81431.99,1,Churned
646,Spain,Female,42,3,99836.47,1,0,No Credit Card,1,Active,22909.56,0,Retained
593,Germany,Male,74,5,161434.36,2,1,Has Credit Card,1,Active,65532.17,0,Retained
596,Spain,Male,41,5,0.0,2,0,No Credit Card,1,Active,141053.85,0,Retained
722,Germany,Female,48,10,138311.76,1,1,Has Credit Card,1,Active,3472.63,1,Churned
642,France,Male,25,7,0.0,2,1,Has Credit Card,0,Inactive,102083.78,0,Retained
472,Spain,Female,28,4,0.0,2,1,Has Credit Card,0,Inactive,1801.77,0,Retained
738,Germany,Male,35,6,101744.84,1,0,No Credit Card,0,Inactive,85185.44,0,Retained
732,Spain,Male,33,8,0.0,1,1,Has Credit Card,0,Inactive,119882.7,0,Retained
404,Germany,Female,54,4,125456.07,1,1,Has Credit Card,0,Inactive,83715.66,1,Churned
701,France,Male,44,7,0.0,2,1,Has Credit Card,0,Inactive,23425.78,0,Retained
683,France,Male,31,2,0.0,2,0,No Credit Card,1,Active,77326.78,0,Retained
460,France,Female,27,7,0.0,2,1,Has Credit Card,0,Inactive,156150.08,1,Churned
690,France,Male,29,5,0.0,2,1,Has Credit Card,0,Inactive,108577.97,0,Retained
618,Germany,Female,54,4,118449.21,1,1,Has Credit Card,1,Active,133573.29,1,Churned
671,France,Male,30,2,0.0,1,0,No Credit Card,1,Active,102057.86,0,Retained
765,Spain,Female,32,9,178095.55,1,0,No Credit Card,0,Inactive,47247.56,0,Retained
651,Germany,Female,25,2,109175.14,2,1,Has Credit Card,0,Inactive,114566.47,0,Retained
704,France,Male,32,7,127785.17,4,0,No Credit Card,0,Inactive,184464.7,1,Churned
544,France,Female,45,6,0.0,2,0,No Credit Card,1,Active,151401.33,0,Retained
790,France,Female,40,9,0.0,2,1,Has Credit Card,1,Active,70607.1,0,Retained
710,Germany,Male,34,9,134260.36,2,1,Has Credit Card,0,Inactive,147074.67,0,Retained
743,France,Male,37,8,69143.91,2,0,No Credit Card,1,Active,105780.18,0,Retained
702,France,Male,34,4,100054.77,1,1,Has Credit Card,0,Inactive,109496.45,0,Retained
704,France,Female,45,6,0.0,1,1,Has Credit Card,1,Active,137739.45,0,Retained
614,France,Male,38,2,116248.88,1,1,Has Credit Card,0,Inactive,105140.92,0,Retained
609,Spain,Female,43,6,86053.52,2,1,Has Credit Card,1,Active,113276.46,1,Churned
688,France,Female,32,6,123157.95,1,1,Has Credit Card,0,Inactive,172531.23,0,Retained
713,France,Male,44,1,63438.91,1,1,Has Credit Card,0,Inactive,64375.4,0,Retained
736,Germany,Male,57,9,95295.39,1,1,Has Credit Card,0,Inactive,28434.44,1,Churned
727,France,Male,18,4,133550.67,1,1,Has Credit Card,1,Active,46941.41,0,Retained
850,France,Female,38,1,106871.81,2,1,Has Credit Card,0,Inactive,29333.01,0,Retained
718,Spain,Male,45,3,105266.32,2,1,Has Credit Card,1,Active,193724.51,0,Retained
643,France,Female,51,2,105229.53,1,1,Has Credit Card,0,Inactive,34967.75,1,Churned
653,France,Male,41,8,102768.42,1,1,Has Credit Card,0,Inactive,55663.85,0,Retained
674,France,Male,18,7,0.0,2,1,Has Credit Card,1,Active,55753.12,1,Churned
690,France,Male,35,6,112689.95,1,1,Has Credit Card,0,Inactive,176962.31,0,Retained
819,France,Male,38,9,122334.26,2,1,Has Credit Card,1,Active,181507.44,0,Retained
634,Spain,Male,34,1,0.0,2,1,Has Credit Card,0,Inactive,61995.57,0,Retained
633,Spain,Male,33,4,137847.41,2,1,Has Credit Card,0,Inactive,98349.13,0,Retained
850,France,Male,49,5,122486.47,1,0,No Credit Card,1,Active,59748.19,0,Retained
665,France,Male,33,2,101286.11,1,1,Has Credit Card,1,Active,159840.51,0,Retained
630,Spain,Male,26,7,0.0,2,1,Has Credit Card,1,Active,6656.64,0,Retained
836,Spain,Male,57,4,101247.06,1,1,Has Credit Card,0,Inactive,37141.62,1,Churned
668,France,Male,38,10,86977.96,1,0,No Credit Card,1,Active,37094.75,0,Retained
753,France,Male,57,7,0.0,1,1,Has Credit Card,0,Inactive,159475.08,1,Churned
745,France,Female,55,9,110123.59,1,0,No Credit Card,1,Active,51548.14,1,Churned
693,France,Male,36,8,178111.82,1,0,No Credit Card,0,Inactive,58719.63,1,Churned
606,Germany,Male,65,10,126306.64,3,0,No Credit Card,0,Inactive,7861.68,1,Churned
660,France,Female,35,6,100768.77,1,1,Has Credit Card,0,Inactive,19199.61,0,Retained
608,France,Male,42,5,0.0,2,1,Has Credit Card,0,Inactive,178504.29,0,Retained
744,France,Female,44,3,0.0,2,1,Has Credit Card,1,Active,189016.14,0,Retained
731,France,Female,40,7,118991.79,1,1,Has Credit Card,1,Active,156048.64,0,Retained
683,France,Male,72,3,140997.26,1,0,No Credit Card,1,Active,52876.41,0,Retained
727,France,Male,28,5,0.0,2,0,No Credit Card,1,Active,19653.08,0,Retained
561,Germany,Male,32,6,166824.59,1,1,Has Credit Card,0,Inactive,139451.98,0,Retained
700,France,Female,34,2,76322.69,1,1,Has Credit Card,0,Inactive,128136.29,0,Retained
605,France,Male,35,6,0.0,2,1,Has Credit Card,1,Active,45206.57,0,Retained
767,Spain,Male,77,8,149083.7,1,1,Has Credit Card,1,Active,190146.83,0,Retained
511,France,Male,33,7,0.0,2,0,No Credit Card,1,Active,158313.87,0,Retained
667,France,Male,40,9,0.0,1,1,Has Credit Card,1,Active,96670.2,0,Retained
787,France,Male,33,1,126588.81,2,0,No Credit Card,1,Active,62163.53,0,Retained
705,Germany,Female,56,2,143249.67,1,1,Has Credit Card,0,Inactive,88428.41,1,Churned
773,Germany,Male,43,8,81844.91,2,1,Has Credit Card,1,Active,35908.46,0,Retained
554,France,Male,40,4,0.0,1,0,No Credit Card,1,Active,168780.04,0,Retained
526,Germany,Male,58,9,190298.89,2,1,Has Credit Card,1,Active,191263.76,0,Retained
661,Germany,Male,35,2,117212.18,1,1,Has Credit Card,1,Active,83052.03,0,Retained
698,France,Female,46,0,0.0,2,1,Has Credit Card,1,Active,125962.02,0,Retained
646,France,Male,26,4,139848.17,1,1,Has Credit Card,0,Inactive,164696.27,0,Retained
757,Germany,Female,34,9,101861.36,2,0,No Credit Card,0,Inactive,187011.96,0,Retained
699,Spain,Male,35,2,167455.66,2,1,Has Credit Card,1,Active,55324.49,0,Retained
667,France,Female,24,4,0.0,2,0,No Credit Card,1,Active,34335.55,0,Retained
774,Spain,Female,43,1,116360.07,1,1,Has Credit Card,0,Inactive,17004.14,0,Retained
745,Spain,Male,40,3,88466.82,1,0,No Credit Card,0,Inactive,116331.42,0,Retained
649,France,Female,42,7,0.0,2,0,No Credit Card,1,Active,22974.01,0,Retained
634,Germany,Female,46,5,123642.36,1,1,Has Credit Card,1,Active,49725.16,1,Churned
665,Spain,Male,38,9,0.0,1,0,No Credit Card,1,Active,87412.74,0,Retained
713,France,Male,38,9,72286.84,2,1,Has Credit Card,1,Active,26136.89,0,Retained
652,France,Female,40,1,0.0,2,1,Has Credit Card,0,Inactive,126554.96,0,Retained
739,Spain,Male,40,1,109681.61,1,1,Has Credit Card,1,Active,193321.3,0,Retained
556,Germany,Male,37,9,145018.64,2,1,Has Credit Card,0,Inactive,90928.02,1,Churned
699,Spain,Male,34,8,0.0,1,1,Has Credit Card,1,Active,76510.46,0,Retained
708,Spain,Female,32,8,187487.63,1,1,Has Credit Card,1,Active,120115.5,0,Retained
480,France,Male,35,2,165692.91,1,1,Has Credit Card,1,Active,197984.58,0,Retained
700,Germany,Female,59,5,137648.41,1,1,Has Credit Card,0,Inactive,142977.05,1,Churned
525,Spain,Female,47,6,118560.0,1,1,Has Credit Card,0,Inactive,82522.61,1,Churned
845,France,Male,33,8,164385.53,1,1,Has Credit Card,0,Inactive,150664.97,0,Retained
613,France,Male,37,9,108286.5,1,1,Has Credit Card,1,Active,114153.44,0,Retained
850,France,Female,34,2,0.0,2,1,Has Credit Card,1,Active,171706.66,0,Retained
798,Spain,Female,58,9,0.0,2,0,No Credit Card,0,Inactive,119071.56,1,Churned
773,Germany,Male,47,2,118079.47,4,1,Has Credit Card,1,Active,143007.49,1,Churned
614,Spain,Male,35,2,127283.78,1,1,Has Credit Card,1,Active,31302.35,0,Retained
473,Spain,Male,48,8,0.0,2,1,Has Credit Card,0,Inactive,71139.8,0,Retained
762,France,Male,29,6,141389.06,1,1,Has Credit Card,0,Inactive,54122.89,0,Retained
701,France,Male,37,8,130091.5,1,1,Has Credit Card,1,Active,120031.29,0,Retained
600,France,Male,35,4,143744.77,2,1,Has Credit Card,0,Inactive,104076.51,0,Retained
850,Spain,Male,28,9,97408.03,1,1,Has Credit Card,1,Active,175853.64,0,Retained
613,Spain,Male,30,9,111927.45,1,1,Has Credit Card,1,Active,175795.87,0,Retained
509,France,Male,31,3,0.0,2,1,Has Credit Card,0,Inactive,15360.91,0,Retained
509,Spain,Male,38,2,0.0,1,0,No Credit Card,0,Inactive,168460.12,0,Retained
609,France,Male,34,1,0.0,1,1,Has Credit Card,1,Active,181177.9,0,Retained
456,France,Female,33,1,188285.68,1,0,No Credit Card,0,Inactive,58363.94,0,Retained
728,France,Female,46,2,109705.52,1,1,Has Credit Card,0,Inactive,20276.87,1,Churned
663,Spain,Male,33,9,0.0,2,0,No Credit Card,0,Inactive,91514.62,0,Retained
673,Germany,Female,34,1,127122.79,3,0,No Credit Card,1,Active,76703.1,0,Retained
717,France,Male,40,0,98241.04,1,1,Has Credit Card,0,Inactive,110887.14,0,Retained
741,Germany,Female,37,8,170840.08,2,0,No Credit Card,0,Inactive,109843.16,0,Retained
498,Germany,Female,41,4,87541.06,2,1,Has Credit Card,1,Active,12577.21,1,Churned
850,France,Female,26,4,62610.96,2,0,No Credit Card,1,Active,179365.1,0,Retained
493,France,Male,36,9,0.0,2,1,Has Credit Card,1,Active,65816.53,0,Retained
686,France,Female,47,5,113328.93,1,1,Has Credit Card,0,Inactive,124170.9,0,Retained
666,Spain,Male,35,2,104832.49,1,1,Has Credit Card,0,Inactive,175015.12,0,Retained
733,Spain,Female,31,9,102289.85,1,1,Has Credit Card,1,Active,115441.66,0,Retained
631,Germany,Female,34,6,125227.82,2,0,No Credit Card,1,Active,128247.03,0,Retained
714,Germany,Female,49,5,140510.89,1,1,Has Credit Card,0,Inactive,141914.94,0,Retained
767,Germany,Female,35,6,132253.22,1,1,Has Credit Card,0,Inactive,115566.57,1,Churned
711,Germany,Male,43,2,39043.29,2,1,Has Credit Card,1,Active,175423.69,0,Retained
722,France,Male,34,8,0.0,2,1,Has Credit Card,1,Active,133447.49,0,Retained
631,Spain,Male,55,9,99685.06,1,1,Has Credit Card,0,Inactive,114474.98,0,Retained
701,Germany,Male,38,3,125385.49,2,0,No Credit Card,1,Active,52044.66,0,Retained
790,Spain,Male,46,2,131365.37,2,1,Has Credit Card,1,Active,180290.68,0,Retained
633,Spain,Male,58,6,98308.51,1,1,Has Credit Card,1,Active,132034.13,0,Retained
644,France,Female,37,8,0.0,2,1,Has Credit Card,0,Inactive,20968.88,0,Retained
757,Spain,Male,44,5,140856.16,2,1,Has Credit Card,0,Inactive,158735.1,0,Retained
696,France,Female,30,8,0.0,2,1,Has Credit Card,1,Active,196134.44,0,Retained
746,France,Male,35,2,172274.01,1,1,Has Credit Card,0,Inactive,22374.97,0,Retained
649,Spain,Male,36,8,0.0,2,1,Has Credit Card,0,Inactive,161668.15,0,Retained
565,Spain,Male,38,0,122447.76,1,0,No Credit Card,0,Inactive,67339.34,0,Retained
720,France,Female,38,10,0.0,2,1,Has Credit Card,1,Active,56229.72,1,Churned
648,Spain,Female,56,6,157559.59,2,1,Has Credit Card,0,Inactive,140991.23,1,Churned
632,Germany,Male,41,3,126550.7,1,0,No Credit Card,0,Inactive,177644.52,1,Churned
622,France,Female,30,2,158584.82,3,1,Has Credit Card,0,Inactive,142342.55,1,Churned
835,France,Male,28,2,163569.61,2,1,Has Credit Card,1,Active,154559.28,0,Retained
493,France,Female,31,3,0.0,1,1,Has Credit Card,1,Active,176570.28,1,Churned
785,Germany,Female,33,6,127211.45,1,0,No Credit Card,0,Inactive,191961.83,0,Retained
681,Germany,Male,42,3,118199.97,2,1,Has Credit Card,0,Inactive,9452.88,1,Churned
621,Germany,Female,30,2,101014.08,2,1,Has Credit Card,1,Active,165257.31,0,Retained
756,Spain,Male,38,6,119208.85,1,1,Has Credit Card,0,Inactive,169763.89,1,Churned
515,France,Female,66,6,0.0,2,1,Has Credit Card,1,Active,160663.11,0,Retained
625,France,Female,58,10,53772.73,1,1,Has Credit Card,1,Active,192072.1,1,Churned
717,Spain,Female,39,6,0.0,2,1,Has Credit Card,0,Inactive,93275.61,0,Retained
595,Germany,Female,41,2,138878.81,1,0,No Credit Card,1,Active,112269.67,0,Retained
539,Spain,Female,37,1,130922.81,2,0,No Credit Card,0,Inactive,2186.83,0,Retained
762,France,Male,35,9,0.0,2,1,Has Credit Card,1,Active,43075.7,0,Retained
706,Spain,Male,20,8,0.0,2,1,Has Credit Card,1,Active,12368.11,0,Retained
677,Spain,Female,25,8,130866.19,1,1,Has Credit Card,0,Inactive,42410.21,0,Retained
733,Germany,Female,33,7,187257.94,1,0,No Credit Card,1,Active,190430.81,0,Retained
684,Spain,Female,41,7,0.0,1,1,Has Credit Card,1,Active,138394.37,0,Retained
679,France,Male,36,6,147733.64,1,0,No Credit Card,1,Active,172501.38,0,Retained
478,Spain,Male,43,1,0.0,2,1,Has Credit Card,1,Active,197916.43,0,Retained
696,France,Male,33,2,163139.27,1,1,Has Credit Card,1,Active,7035.36,0,Retained
686,Spain,Female,35,4,0.0,2,1,Has Credit Card,1,Active,159676.55,0,Retained
466,France,Female,36,5,119540.15,1,0,No Credit Card,1,Active,80603.99,0,Retained
686,France,Female,41,4,129553.76,2,1,Has Credit Card,0,Inactive,187599.8,0,Retained
576,France,Male,55,9,0.0,2,1,Has Credit Card,1,Active,94450.97,0,Retained
763,Germany,Female,61,1,66101.89,1,1,Has Credit Card,1,Active,143981.27,0,Retained
572,France,Male,43,2,140431.98,1,1,Has Credit Card,0,Inactive,26450.57,1,Churned
757,France,Female,49,2,0.0,2,0,No Credit Card,0,Inactive,164482.92,0,Retained
582,France,Female,29,0,0.0,1,1,Has Credit Card,1,Active,84012.81,0,Retained
623,France,Female,35,5,0.0,2,1,Has Credit Card,0,Inactive,101192.08,0,Retained
617,Germany,Female,37,4,116471.43,2,1,Has Credit Card,0,Inactive,175324.74,1,Churned
425,France,Male,39,4,0.0,2,1,Has Credit Card,0,Inactive,197226.32,0,Retained
659,France,Female,56,9,123785.24,1,1,Has Credit Card,0,Inactive,99504.03,1,Churned
605,France,Female,33,4,0.0,2,0,No Credit Card,1,Active,83700.66,0,Retained
538,France,Female,38,8,88758.95,2,0,No Credit Card,0,Inactive,28226.15,1,Churned
665,Germany,Male,25,5,153611.83,2,1,Has Credit Card,0,Inactive,35321.65,0,Retained
491,Germany,Female,57,4,112044.72,1,1,Has Credit Card,1,Active,41229.73,1,Churned
726,Spain,Female,27,7,123826.07,1,0,No Credit Card,1,Active,78970.58,0,Retained
580,France,Female,65,9,106804.26,3,1,Has Credit Card,0,Inactive,107890.69,1,Churned
550,France,Female,48,6,0.0,2,1,Has Credit Card,1,Active,191870.28,0,Retained
542,France,Female,59,2,68892.77,2,1,Has Credit Card,0,Inactive,7905.06,1,Churned
732,France,Female,43,6,0.0,2,1,Has Credit Card,0,Inactive,65731.53,0,Retained
473,France,Female,33,5,125827.43,1,0,No Credit Card,1,Active,145698.73,0,Retained
745,Spain,Male,34,9,0.0,2,1,Has Credit Card,0,Inactive,50046.25,0,Retained
732,France,Male,36,7,0.0,2,1,Has Credit Card,1,Active,60830.24,0,Retained
848,Germany,Female,40,5,148495.64,1,0,No Credit Card,0,Inactive,158853.98,0,Retained
572,France,Male,37,1,133043.66,1,0,No Credit Card,0,Inactive,111243.09,0,Retained
702,France,Male,45,9,74989.58,1,1,Has Credit Card,1,Active,171014.69,0,Retained
664,Germany,Male,39,7,60263.23,1,1,Has Credit Card,0,Inactive,170835.32,0,Retained
630,Germany,Male,50,3,129370.91,4,1,Has Credit Card,1,Active,47775.34,1,Churned
618,Germany,Male,44,5,157955.83,2,0,No Credit Card,0,Inactive,139297.71,0,Retained
556,France,Male,26,4,0.0,1,1,Has Credit Card,0,Inactive,195167.38,0,Retained
619,France,Female,30,7,70729.17,1,1,Has Credit Card,1,Active,160948.87,0,Retained
644,France,Male,48,8,0.0,2,0,No Credit Card,1,Active,44965.54,1,Churned
658,Spain,Male,50,2,0.0,2,1,Has Credit Card,0,Inactive,52137.73,0,Retained
598,Spain,Male,27,8,90721.52,2,1,Has Credit Card,0,Inactive,109296.18,0,Retained
677,France,Male,27,2,0.0,2,1,Has Credit Card,1,Active,20092.89,0,Retained
689,Spain,Female,45,0,57784.22,1,1,Has Credit Card,0,Inactive,197804.0,1,Churned
591,France,Male,33,9,131765.72,1,1,Has Credit Card,0,Inactive,118782.06,0,Retained
699,France,Male,40,7,0.0,1,0,No Credit Card,1,Active,152876.13,1,Churned
749,Germany,Male,47,9,110022.74,1,0,No Credit Card,1,Active,135655.29,1,Churned
709,France,Female,40,9,131569.63,1,1,Has Credit Card,1,Active,103970.58,0,Retained
607,Germany,Male,61,2,164523.5,2,1,Has Credit Card,1,Active,35786.76,0,Retained
650,Germany,Female,25,2,114330.95,1,1,Has Credit Card,1,Active,25325.07,0,Retained
651,Spain,Female,45,10,135923.16,1,1,Has Credit Card,0,Inactive,18732.84,0,Retained
676,France,Female,61,8,0.0,2,1,Has Credit Card,1,Active,118522.73,0,Retained
723,France,Female,49,4,0.0,2,0,No Credit Card,1,Active,89972.25,0,Retained
714,Spain,Male,45,0,124693.48,1,0,No Credit Card,1,Active,187194.15,0,Retained
759,Spain,Female,35,7,147936.42,1,1,Has Credit Card,1,Active,106785.7,0,Retained
582,France,Male,29,0,0.0,1,1,Has Credit Card,0,Inactive,142516.35,0,Retained
697,France,Female,34,2,126558.92,1,1,Has Credit Card,0,Inactive,73334.43,0,Retained
610,Germany,Male,57,6,106938.11,2,0,No Credit Card,1,Active,186612.47,0,Retained
488,Germany,Female,33,4,140002.35,1,1,Has Credit Card,0,Inactive,123613.81,0,Retained
599,Germany,Male,46,9,123444.72,1,1,Has Credit Card,1,Active,31368.08,1,Churned
781,France,Male,32,6,147107.91,1,1,Has Credit Card,1,Active,40066.95,0,Retained
645,France,Male,19,9,128514.84,1,0,No Credit Card,0,Inactive,175969.19,0,Retained
545,France,Female,55,5,0.0,1,0,No Credit Card,0,Inactive,10034.77,1,Churned
597,Germany,Female,40,9,106756.01,2,1,Has Credit Card,0,Inactive,151167.94,0,Retained
561,Spain,Female,28,3,0.0,2,1,Has Credit Card,0,Inactive,191387.76,0,Retained
662,France,Female,37,6,0.0,2,1,Has Credit Card,0,Inactive,51229.17,0,Retained
649,Germany,Female,50,5,155393.32,1,1,Has Credit Card,1,Active,87351.42,1,Churned
630,France,Female,36,2,110414.48,1,1,Has Credit Card,1,Active,48984.95,0,Retained
672,Spain,Male,33,2,0.0,2,1,Has Credit Card,1,Active,182738.0,0,Retained
636,Germany,Female,37,9,157098.52,1,1,Has Credit Card,1,Active,153535.27,0,Retained
593,Germany,Female,38,5,85626.6,1,1,Has Credit Card,1,Active,125079.65,0,Retained
545,Germany,Male,45,6,93796.42,2,1,Has Credit Card,1,Active,162321.26,0,Retained
567,Spain,Female,41,1,0.0,2,1,Has Credit Card,0,Inactive,3414.72,0,Retained
583,France,Male,51,6,125268.03,2,1,Has Credit Card,0,Inactive,165082.25,0,Retained
681,France,Female,29,2,148143.84,1,1,Has Credit Card,1,Active,52021.39,0,Retained
762,Spain,Male,29,10,115545.33,2,1,Has Credit Card,0,Inactive,148256.43,0,Retained
648,Spain,Male,35,7,0.0,2,0,No Credit Card,0,Inactive,122899.01,0,Retained
644,France,Male,30,5,44928.88,1,1,Has Credit Card,1,Active,10771.46,0,Retained
706,Spain,Male,29,2,0.0,2,1,Has Credit Card,1,Active,18255.51,0,Retained
850,France,Male,35,3,162442.35,1,1,Has Credit Card,0,Inactive,183566.78,0,Retained
484,Spain,Female,39,5,0.0,2,1,Has Credit Card,1,Active,175224.12,0,Retained
508,Germany,Male,28,0,96213.82,2,1,Has Credit Card,0,Inactive,147913.56,0,Retained
439,France,Female,29,6,156569.43,1,1,Has Credit Card,0,Inactive,180598.66,0,Retained
484,Spain,Male,36,8,0.0,2,1,Has Credit Card,0,Inactive,186136.48,0,Retained
803,Spain,Female,37,1,0.0,2,0,No Credit Card,0,Inactive,7455.2,0,Retained
724,Germany,Female,48,6,110463.25,2,1,Has Credit Card,1,Active,80552.11,1,Churned
640,France,Male,33,7,154575.76,1,1,Has Credit Card,0,Inactive,25722.28,1,Churned
701,Spain,Female,35,9,0.0,2,0,No Credit Card,0,Inactive,170996.86,0,Retained
537,France,Male,37,3,0.0,2,1,Has Credit Card,1,Active,20603.32,0,Retained
651,Germany,Male,26,5,147037.32,1,0,No Credit Card,0,Inactive,141763.26,0,Retained
523,Germany,Male,41,0,119276.31,1,0,No Credit Card,0,Inactive,122284.38,1,Churned
717,France,Female,25,7,108664.85,2,1,Has Credit Card,0,Inactive,190011.85,0,Retained
593,Spain,Male,44,5,0.0,1,1,Has Credit Card,0,Inactive,128046.98,0,Retained
706,Germany,Male,38,5,163034.82,2,1,Has Credit Card,1,Active,135662.17,0,Retained
714,Germany,Female,49,4,93059.34,1,1,Has Credit Card,0,Inactive,7571.51,1,Churned
794,Spain,Male,38,9,179581.31,1,1,Has Credit Card,0,Inactive,23596.24,0,Retained
518,Germany,Male,46,4,113625.93,1,0,No Credit Card,0,Inactive,92727.42,1,Churned
589,Germany,Male,55,7,119961.48,1,1,Has Credit Card,0,Inactive,65156.83,1,Churned
824,France,Male,45,3,129209.48,1,0,No Credit Card,0,Inactive,60151.77,0,Retained
719,Germany,Female,42,5,137227.04,3,1,Has Credit Card,0,Inactive,149097.38,1,Churned
617,Germany,Female,58,3,119024.75,2,1,Has Credit Card,0,Inactive,35199.24,1,Churned
651,France,Male,35,7,74623.5,3,1,Has Credit Card,0,Inactive,129451.29,1,Churned
637,Spain,Female,45,2,157929.45,1,1,Has Credit Card,1,Active,145134.49,1,Churned
554,France,Female,26,7,92606.86,2,1,Has Credit Card,0,Inactive,192709.69,0,Retained
731,Germany,Male,35,2,127862.93,2,1,Has Credit Card,0,Inactive,139083.7,0,Retained
569,Spain,Female,42,1,0.0,1,1,Has Credit Card,1,Active,83629.6,1,Churned
625,Germany,Female,37,4,142711.81,1,1,Has Credit Card,0,Inactive,35625.41,0,Retained
592,France,Female,38,4,0.0,2,1,Has Credit Card,0,Inactive,35338.96,0,Retained
669,France,Male,43,1,163159.85,1,0,No Credit Card,1,Active,15602.8,0,Retained
663,Germany,Male,32,3,108586.86,1,1,Has Credit Card,1,Active,182355.21,0,Retained
518,Germany,Female,41,5,110624.99,1,1,Has Credit Card,0,Inactive,89327.67,0,Retained
686,Germany,Female,43,5,154846.24,2,1,Has Credit Card,1,Active,151903.6,0,Retained
709,Germany,Male,45,4,122917.71,1,1,Has Credit Card,1,Active,11.58,1,Churned
571,France,Female,33,9,0.0,2,0,No Credit Card,1,Active,77519.62,0,Retained
707,France,Female,31,2,82787.93,2,0,No Credit Card,0,Inactive,91423.69,0,Retained
701,Germany,Male,32,5,102500.34,1,0,No Credit Card,0,Inactive,106287.77,0,Retained
672,France,Male,34,9,0.0,2,1,Has Credit Card,0,Inactive,161800.77,0,Retained
620,Germany,Male,39,9,159492.79,1,1,Has Credit Card,0,Inactive,80582.34,1,Churned
557,Spain,Male,48,10,0.0,2,1,Has Credit Card,1,Active,185094.48,0,Retained
648,Spain,Female,54,7,118241.02,1,1,Has Credit Card,0,Inactive,172586.89,1,Churned
479,France,Female,35,2,113090.4,1,1,Has Credit Card,0,Inactive,195649.79,0,Retained
730,France,Female,22,9,65763.57,1,1,Has Credit Card,1,Active,145792.01,0,Retained
737,Germany,Female,43,1,125537.38,1,1,Has Credit Card,0,Inactive,138510.01,1,Churned
616,France,Male,31,3,94263.91,2,1,Has Credit Card,0,Inactive,168895.06,0,Retained
639,Spain,Male,29,4,133434.57,2,1,Has Credit Card,0,Inactive,97983.44,0,Retained
815,Spain,Female,39,6,0.0,1,1,Has Credit Card,1,Active,85167.88,0,Retained
786,Spain,Male,31,9,0.0,2,1,Has Credit Card,1,Active,18210.36,0,Retained
549,France,Male,50,9,94748.76,2,0,No Credit Card,1,Active,13608.18,0,Retained
622,France,Female,38,4,98640.74,1,1,Has Credit Card,1,Active,110457.99,0,Retained
624,France,Male,26,9,74681.9,2,0,No Credit Card,0,Inactive,31231.35,0,Retained
841,France,Male,34,4,0.0,2,1,Has Credit Card,0,Inactive,141582.66,0,Retained
614,Spain,Female,41,7,179915.85,1,0,No Credit Card,0,Inactive,14666.35,1,Churned
676,France,Male,30,1,128207.23,1,1,Has Credit Card,1,Active,55400.17,0,Retained
697,France,Male,42,9,132739.26,2,0,No Credit Card,0,Inactive,174667.65,0,Retained
732,France,Female,40,10,0.0,2,1,Has Credit Card,0,Inactive,154189.08,0,Retained
623,France,Male,27,4,120509.81,1,0,No Credit Card,0,Inactive,142170.44,0,Retained
541,France,Male,46,4,124547.13,2,1,Has Credit Card,0,Inactive,94499.06,0,Retained
773,Spain,Female,39,4,0.0,2,0,No Credit Card,1,Active,182081.45,0,Retained
762,Germany,Male,34,4,88815.56,2,1,Has Credit Card,0,Inactive,68562.26,1,Churned
655,Spain,Female,35,1,82231.51,2,1,Has Credit Card,0,Inactive,88798.02,0,Retained
602,Germany,Male,32,7,184715.86,2,1,Has Credit Card,0,Inactive,113781.99,0,Retained
850,France,Male,31,3,0.0,2,1,Has Credit Card,0,Inactive,121866.87,0,Retained
649,Spain,Male,51,4,0.0,1,1,Has Credit Card,1,Active,150390.57,0,Retained
850,Germany,Male,28,4,147972.19,1,1,Has Credit Card,0,Inactive,60708.72,1,Churned
543,France,Male,43,9,0.0,2,1,Has Credit Card,1,Active,78858.07,0,Retained
672,France,Male,52,8,170008.84,1,0,No Credit Card,0,Inactive,56407.42,1,Churned
600,France,Female,27,3,0.0,2,0,No Credit Card,1,Active,125698.97,0,Retained
671,Spain,Female,34,10,0.0,1,1,Has Credit Card,0,Inactive,23235.38,0,Retained
706,Spain,Female,42,8,95386.82,1,1,Has Credit Card,1,Active,75732.25,0,Retained
541,Germany,Male,51,7,90373.28,2,1,Has Credit Card,0,Inactive,179861.79,0,Retained
711,Germany,Male,34,4,133467.77,2,1,Has Credit Card,1,Active,42976.64,0,Retained
630,Spain,Male,30,3,0.0,2,0,No Credit Card,1,Active,10486.69,0,Retained
531,France,Male,31,3,96288.26,1,1,Has Credit Card,0,Inactive,56794.73,0,Retained
641,France,Female,26,4,91547.84,2,0,No Credit Card,1,Active,28157.34,0,Retained
631,Germany,Male,37,8,138292.64,2,0,No Credit Card,0,Inactive,152422.91,1,Churned
685,France,Male,35,9,0.0,1,1,Has Credit Card,0,Inactive,167033.83,0,Retained
702,Spain,Male,32,8,71667.74,1,1,Has Credit Card,1,Active,126082.18,0,Retained
708,Germany,Female,43,0,118994.84,1,1,Has Credit Card,0,Inactive,181499.77,1,Churned
653,Spain,Male,55,7,0.0,2,1,Has Credit Card,1,Active,41967.03,0,Retained
654,Germany,Male,37,2,145610.07,2,0,No Credit Card,0,Inactive,186300.59,0,Retained
596,France,Female,33,1,138162.81,1,1,Has Credit Card,0,Inactive,85412.54,0,Retained
549,Germany,Female,31,9,135020.21,2,1,Has Credit Card,1,Active,23343.18,0,Retained
754,France,Male,38,2,0.0,2,1,Has Credit Card,0,Inactive,180698.32,0,Retained
815,Germany,Female,25,8,135161.67,1,1,Has Credit Card,1,Active,136071.05,0,Retained
556,France,Female,52,9,0.0,1,1,Has Credit Card,0,Inactive,175149.2,1,Churned
706,France,Male,32,6,94486.47,1,1,Has Credit Card,1,Active,146949.74,0,Retained
850,France,Male,46,9,117640.39,1,1,Has Credit Card,0,Inactive,88920.68,0,Retained
732,Spain,Female,33,8,111379.55,1,1,Has Credit Card,1,Active,45098.62,0,Retained
614,France,Male,40,6,0.0,1,1,Has Credit Card,1,Active,20339.79,1,Churned
580,Spain,Female,57,0,136820.99,1,0,No Credit Card,1,Active,108528.74,0,Retained
593,France,Female,46,7,98752.51,1,1,Has Credit Card,0,Inactive,145560.38,0,Retained
653,Germany,Female,25,2,158266.42,3,1,Has Credit Card,1,Active,199357.24,0,Retained
746,France,Female,29,4,105599.67,1,1,Has Credit Card,1,Active,43106.17,0,Retained
662,France,Female,29,10,0.0,2,1,Has Credit Card,0,Inactive,137508.31,0,Retained
573,France,Male,31,2,0.0,2,1,Has Credit Card,1,Active,91957.39,0,Retained
684,Spain,Female,39,4,139723.9,1,1,Has Credit Card,1,Active,120612.11,0,Retained
793,France,Female,41,3,141806.46,1,1,Has Credit Card,0,Inactive,102921.17,0,Retained
798,Germany,Female,49,5,132571.67,1,1,Has Credit Card,1,Active,31686.33,1,Churned
524,France,Male,40,2,180516.9,1,1,Has Credit Card,0,Inactive,180002.42,0,Retained
816,France,Male,31,8,0.0,2,1,Has Credit Card,1,Active,28407.4,0,Retained
742,Germany,Female,41,4,92805.72,1,0,No Credit Card,1,Active,73743.95,1,Churned
540,France,Male,22,4,0.0,3,1,Has Credit Card,1,Active,186233.26,1,Churned
537,Germany,Male,39,3,135309.36,1,1,Has Credit Card,0,Inactive,31728.86,1,Churned
759,Spain,Female,74,6,128917.84,1,1,Has Credit Card,1,Active,48244.64,0,Retained
774,France,Female,52,2,56580.93,1,1,Has Credit Card,0,Inactive,113266.28,1,Churned
608,Germany,Male,42,8,131390.75,2,1,Has Credit Card,0,Inactive,71178.09,0,Retained
704,Spain,Male,37,4,0.0,2,0,No Credit Card,0,Inactive,25684.93,0,Retained
581,France,Male,41,8,0.0,2,0,No Credit Card,0,Inactive,29737.14,0,Retained
628,Germany,Female,61,1,97361.66,1,1,Has Credit Card,1,Active,149922.38,1,Churned
566,France,Female,42,6,0.0,1,1,Has Credit Card,0,Inactive,180702.12,1,Churned
701,Spain,Male,59,7,0.0,2,0,No Credit Card,1,Active,27597.59,0,Retained
735,Spain,Male,29,10,0.0,2,1,Has Credit Card,1,Active,95025.27,0,Retained
680,France,Female,34,1,0.0,2,1,Has Credit Card,0,Inactive,167035.07,0,Retained
560,France,Male,57,0,0.0,2,0,No Credit Card,1,Active,116781.71,0,Retained
663,Germany,Female,29,4,102714.65,2,0,No Credit Card,0,Inactive,21170.81,0,Retained
665,France,Female,34,5,67816.72,1,1,Has Credit Card,1,Active,29641.58,0,Retained
758,France,Male,51,8,81710.46,1,1,Has Credit Card,1,Active,116520.07,0,Retained
621,France,Male,26,2,75237.54,1,0,No Credit Card,1,Active,44220.4,0,Retained
764,Germany,Male,28,10,124023.18,1,1,Has Credit Card,0,Inactive,166188.28,0,Retained
537,Germany,Female,46,5,100727.5,1,0,No Credit Card,1,Active,140857.76,1,Churned
589,France,Female,46,10,107238.85,2,1,Has Credit Card,0,Inactive,37024.28,0,Retained
555,France,Male,24,5,0.0,2,1,Has Credit Card,0,Inactive,27513.47,0,Retained
734,France,Female,29,0,139994.66,1,1,Has Credit Card,0,Inactive,17744.72,0,Retained
783,Spain,Female,59,9,126224.87,1,1,Has Credit Card,1,Active,4423.63,0,Retained
678,Germany,Female,51,1,145751.03,1,0,No Credit Card,0,Inactive,109718.44,1,Churned
661,France,Male,47,5,0.0,1,0,No Credit Card,1,Active,107243.31,1,Churned
607,Spain,Female,25,4,121166.89,1,0,No Credit Card,1,Active,115288.24,0,Retained
537,Spain,Female,38,1,0.0,2,0,No Credit Card,1,Active,41233.97,0,Retained
513,Spain,Male,88,10,0.0,2,1,Has Credit Card,1,Active,52952.24,0,Retained
576,France,Male,63,9,70655.48,1,0,No Credit Card,0,Inactive,78955.8,1,Churned
660,Germany,Male,41,1,129901.21,1,1,Has Credit Card,0,Inactive,26025.6,1,Churned
637,France,Male,40,8,125470.81,1,1,Has Credit Card,1,Active,174536.17,0,Retained
672,France,Female,53,9,169406.33,4,1,Has Credit Card,1,Active,147311.47,1,Churned
629,France,Male,32,2,0.0,2,0,No Credit Card,1,Active,77965.44,0,Retained
583,Germany,Male,40,4,107041.3,1,1,Has Credit Card,1,Active,5635.63,0,Retained
763,Spain,Female,32,10,95153.77,1,0,No Credit Card,1,Active,81310.1,0,Retained
516,Germany,Male,32,3,145166.09,2,0,No Credit Card,0,Inactive,111421.45,0,Retained
617,France,Female,27,4,0.0,2,0,No Credit Card,0,Inactive,190269.21,0,Retained
700,France,Male,38,9,65962.63,1,1,Has Credit Card,1,Active,100950.48,0,Retained
727,Germany,Male,36,6,140418.81,1,1,Has Credit Card,1,Active,113033.73,1,Churned
689,Spain,Female,31,3,139799.63,1,0,No Credit Card,1,Active,120663.57,0,Retained
626,Germany,Male,49,9,171787.84,2,1,Has Credit Card,0,Inactive,187192.23,0,Retained
686,France,Male,38,6,149238.97,1,1,Has Credit Card,1,Active,97825.23,0,Retained
351,Germany,Female,57,4,163146.46,1,1,Has Credit Card,0,Inactive,169621.69,1,Churned
739,France,Female,37,8,0.0,2,1,Has Credit Card,0,Inactive,191557.1,1,Churned
627,France,Male,32,10,0.0,2,1,Has Credit Card,0,Inactive,103287.62,0,Retained
451,Germany,Female,38,9,61482.47,1,1,Has Credit Card,1,Active,167538.66,0,Retained
512,France,Female,41,8,145150.28,1,1,Has Credit Card,0,Inactive,64869.32,1,Churned
774,France,Female,41,5,126670.37,1,1,Has Credit Card,0,Inactive,102426.06,0,Retained
652,France,Female,40,8,84390.8,2,0,No Credit Card,1,Active,107876.2,0,Retained
638,Germany,Male,37,2,89728.86,2,1,Has Credit Card,1,Active,37294.88,0,Retained
475,France,Female,57,1,0.0,2,1,Has Credit Card,0,Inactive,89248.99,0,Retained
567,Spain,Male,40,4,118628.8,1,0,No Credit Card,0,Inactive,91973.63,0,Retained
750,France,Male,37,3,0.0,2,1,Has Credit Card,0,Inactive,16870.2,0,Retained
850,France,Male,39,6,96863.13,1,1,Has Credit Card,1,Active,121681.19,0,Retained
753,France,Female,38,6,142263.45,1,0,No Credit Card,1,Active,33730.43,0,Retained
683,Spain,Female,36,7,0.0,2,1,Has Credit Card,0,Inactive,104786.59,0,Retained
710,France,Female,32,3,0.0,1,1,Has Credit Card,0,Inactive,94790.34,0,Retained
645,Spain,Female,21,1,0.0,2,0,No Credit Card,0,Inactive,28726.07,0,Retained
714,France,Male,28,6,122724.37,1,1,Has Credit Card,1,Active,67057.27,0,Retained
696,Germany,Female,35,4,174902.26,1,1,Has Credit Card,0,Inactive,69079.85,0,Retained
612,Spain,Female,26,4,0.0,2,1,Has Credit Card,1,Active,179780.74,0,Retained
520,Germany,Female,31,3,108914.17,1,1,Has Credit Card,1,Active,183572.39,1,Churned
782,Spain,Male,23,10,98052.66,1,1,Has Credit Card,1,Active,142587.32,0,Retained
666,France,Male,46,5,123873.19,1,1,Has Credit Card,1,Active,177844.06,0,Retained
466,Germany,Female,56,2,111920.13,3,1,Has Credit Card,0,Inactive,197634.11,1,Churned
567,France,Female,45,4,0.0,2,0,No Credit Card,1,Active,121053.19,0,Retained
613,France,Male,20,3,0.0,2,1,Has Credit Card,1,Active,149613.77,0,Retained
718,France,Male,37,8,0.0,2,1,Has Credit Card,1,Active,142.81,0,Retained
614,France,Female,37,8,75150.34,4,0,No Credit Card,1,Active,131766.67,1,Churned
711,France,Male,38,10,0.0,2,0,No Credit Card,0,Inactive,53311.78,0,Retained
691,Germany,Female,38,5,114753.76,1,1,Has Credit Card,0,Inactive,107665.02,0,Retained
527,France,Male,32,0,0.0,1,1,Has Credit Card,0,Inactive,109523.88,0,Retained
476,France,Female,32,6,111871.93,1,0,No Credit Card,0,Inactive,112132.86,0,Retained
619,Spain,Female,45,0,0.0,2,0,No Credit Card,0,Inactive,113645.4,0,Retained
607,Germany,Female,37,4,135927.06,1,0,No Credit Card,0,Inactive,180890.4,0,Retained
695,Spain,Male,44,8,0.0,2,1,Has Credit Card,1,Active,70974.13,0,Retained
653,France,Male,33,1,0.0,2,0,No Credit Card,0,Inactive,53379.52,0,Retained
677,France,Male,46,2,57037.74,1,1,Has Credit Card,1,Active,158531.01,0,Retained
655,France,Female,50,10,0.0,4,1,Has Credit Card,0,Inactive,179267.94,1,Churned
625,France,Female,52,2,79468.96,1,1,Has Credit Card,1,Active,84606.03,0,Retained
679,Germany,Female,34,7,121063.85,1,1,Has Credit Card,0,Inactive,56984.58,0,Retained
734,France,Male,51,1,118537.47,1,1,Has Credit Card,1,Active,116912.45,0,Retained
666,France,Male,39,10,0.0,2,1,Has Credit Card,0,Inactive,102999.33,0,Retained
592,Germany,Female,26,4,105082.07,2,1,Has Credit Card,0,Inactive,132801.57,0,Retained
564,France,Male,40,4,0.0,1,1,Has Credit Card,0,Inactive,85455.62,1,Churned
814,France,Female,36,6,0.0,2,1,Has Credit Card,1,Active,98657.01,0,Retained
592,Germany,Male,36,2,104702.65,2,1,Has Credit Card,0,Inactive,107948.72,0,Retained
758,France,Female,50,2,95813.76,3,1,Has Credit Card,1,Active,67944.09,1,Churned
612,Spain,Female,62,0,167026.61,2,1,Has Credit Card,1,Active,192892.05,0,Retained
498,Germany,Male,61,7,102453.26,1,1,Has Credit Card,0,Inactive,187247.56,1,Churned
638,Germany,Male,25,4,148045.45,2,1,Has Credit Card,1,Active,114722.42,0,Retained
558,France,Male,35,1,0.0,2,0,No Credit Card,0,Inactive,111687.57,0,Retained
756,France,Female,24,1,0.0,2,1,Has Credit Card,0,Inactive,184182.25,0,Retained
782,Spain,Male,52,4,0.0,1,1,Has Credit Card,1,Active,52759.82,1,Churned
505,France,Male,34,10,104498.79,1,0,No Credit Card,1,Active,126451.14,0,Retained
671,Spain,Female,29,6,0.0,2,0,No Credit Card,0,Inactive,12048.67,0,Retained
801,France,Male,42,6,0.0,2,1,Has Credit Card,1,Active,95804.33,0,Retained
604,France,Male,26,8,149542.52,2,0,No Credit Card,1,Active,197911.52,0,Retained
716,France,Female,29,10,87946.39,1,1,Has Credit Card,1,Active,182531.74,0,Retained
624,France,Female,45,3,68639.57,1,1,Has Credit Card,0,Inactive,168002.31,1,Churned
607,Germany,Male,47,4,148826.32,1,1,Has Credit Card,1,Active,79450.61,0,Retained
827,France,Female,60,2,0.0,2,0,No Credit Card,1,Active,60615.83,0,Retained
606,France,Male,61,5,108166.09,2,0,No Credit Card,1,Active,8643.21,0,Retained
717,Germany,Female,35,5,103214.71,1,1,Has Credit Card,0,Inactive,172172.7,0,Retained
651,Germany,Male,40,1,134760.21,2,0,No Credit Card,0,Inactive,174434.06,1,Churned
691,France,Male,58,3,0.0,1,0,No Credit Card,1,Active,194930.3,1,Churned
573,France,Female,33,0,90124.64,1,1,Has Credit Card,0,Inactive,137476.71,0,Retained
723,Spain,Male,38,6,0.0,2,1,Has Credit Card,1,Active,94415.6,0,Retained
584,Germany,Female,46,6,87361.02,2,1,Has Credit Card,0,Inactive,120376.87,1,Churned
550,Germany,Female,45,8,111257.59,1,0,No Credit Card,0,Inactive,97623.42,1,Churned
611,France,Female,61,3,131583.59,4,0,No Credit Card,1,Active,66238.23,1,Churned
549,Germany,Male,41,9,95020.8,3,1,Has Credit Card,1,Active,131710.59,1,Churned
850,Spain,Female,24,1,0.0,2,0,No Credit Card,1,Active,69052.87,0,Retained
668,Germany,Male,34,5,80242.37,2,0,No Credit Card,0,Inactive,56780.97,0,Retained
686,France,Female,43,0,0.0,1,1,Has Credit Card,1,Active,170072.9,0,Retained
660,France,Male,50,1,0.0,3,1,Has Credit Card,1,Active,191849.15,1,Churned
682,Spain,Female,59,0,122661.39,1,0,No Credit Card,1,Active,84803.76,0,Retained
524,France,Male,50,4,0.0,2,1,Has Credit Card,1,Active,31840.59,1,Churned
645,France,Female,36,8,0.0,2,1,Has Credit Card,1,Active,12096.61,1,Churned
850,France,Male,42,0,0.0,2,1,Has Credit Card,0,Inactive,44165.84,0,Retained
537,France,Female,53,3,0.0,1,1,Has Credit Card,1,Active,91406.62,0,Retained
599,Spain,Female,46,7,81742.84,2,1,Has Credit Card,0,Inactive,83282.21,0,Retained
727,Spain,Male,71,8,0.0,1,1,Has Credit Card,1,Active,198446.91,1,Churned
756,Spain,Male,30,2,145127.85,1,0,No Credit Card,0,Inactive,7554.68,0,Retained
755,France,Male,38,9,148912.44,1,1,Has Credit Card,0,Inactive,80416.16,0,Retained
634,Spain,Female,41,4,0.0,2,1,Has Credit Card,1,Active,164549.74,0,Retained
837,France,Male,26,4,89900.24,2,1,Has Credit Card,0,Inactive,175477.03,0,Retained
727,Germany,Female,30,8,119027.28,2,1,Has Credit Card,1,Active,137903.54,0,Retained
567,Germany,Female,40,2,105222.86,2,1,Has Credit Card,0,Inactive,93795.86,0,Retained
650,Spain,Female,30,6,0.0,1,0,No Credit Card,0,Inactive,67997.13,1,Churned
655,Spain,Male,34,1,116114.93,1,1,Has Credit Card,1,Active,49492.15,0,Retained
763,France,Female,58,9,187911.55,1,0,No Credit Card,1,Active,35825.18,0,Retained
843,France,Female,27,5,0.0,2,1,Has Credit Card,1,Active,67494.23,0,Retained
667,France,Female,38,6,144432.04,1,1,Has Credit Card,1,Active,73963.17,1,Churned
705,France,Female,50,4,77065.9,2,0,No Credit Card,1,Active,145159.26,0,Retained
660,Germany,Female,29,6,180520.29,1,1,Has Credit Card,1,Active,123850.58,0,Retained
553,France,Male,42,1,0.0,2,0,No Credit Card,0,Inactive,23822.04,0,Retained
612,Germany,Female,47,6,130024.87,1,1,Has Credit Card,1,Active,45750.21,1,Churned
641,Germany,Female,40,2,110086.69,1,1,Has Credit Card,0,Inactive,159773.14,0,Retained
513,Spain,Female,31,5,174853.46,1,1,Has Credit Card,0,Inactive,84238.63,0,Retained
680,France,Male,44,7,108724.98,1,0,No Credit Card,1,Active,72330.46,0,Retained
711,France,Male,58,9,91285.13,2,1,Has Credit Card,1,Active,26767.85,0,Retained
689,Spain,Male,40,2,0.0,2,1,Has Credit Card,1,Active,164768.82,0,Retained
665,Germany,Female,51,9,110610.41,2,0,No Credit Card,1,Active,1112.76,1,Churned
551,Germany,Male,54,5,102994.04,1,1,Has Credit Card,0,Inactive,176680.16,1,Churned
645,Spain,Male,36,4,59893.85,2,1,Has Credit Card,0,Inactive,43999.64,0,Retained
616,Germany,Male,29,8,149318.55,1,1,Has Credit Card,0,Inactive,140746.13,0,Retained
582,France,Female,32,1,116409.55,1,0,No Credit Card,1,Active,152790.92,0,Retained
365,Germany,Male,30,0,127760.07,1,1,Has Credit Card,0,Inactive,81537.85,1,Churned
697,Germany,Female,38,6,132591.36,1,1,Has Credit Card,1,Active,7387.8,1,Churned
704,France,Male,31,0,0.0,2,1,Has Credit Card,0,Inactive,183038.33,0,Retained
656,France,Female,46,5,113402.14,2,1,Has Credit Card,1,Active,138849.06,0,Retained
712,France,Female,31,7,0.0,2,1,Has Credit Card,0,Inactive,170333.38,0,Retained
748,France,Male,40,0,0.0,1,0,No Credit Card,0,Inactive,60416.76,0,Retained
724,France,Male,28,9,0.0,2,1,Has Credit Card,1,Active,100240.2,0,Retained
691,France,Male,50,6,136953.47,1,1,Has Credit Card,1,Active,2704.98,0,Retained
563,France,Male,33,8,0.0,2,0,No Credit Card,1,Active,68815.05,0,Retained
741,France,Male,32,5,0.0,1,1,Has Credit Card,1,Active,64839.23,0,Retained
778,France,Male,44,8,123863.64,1,1,Has Credit Card,0,Inactive,144494.94,0,Retained
848,Spain,Male,22,7,120811.89,1,1,Has Credit Card,1,Active,185510.34,0,Retained
634,Germany,Male,38,2,148430.55,1,1,Has Credit Card,1,Active,56055.72,0,Retained
505,Germany,Male,40,6,47869.69,2,1,Has Credit Card,1,Active,155061.97,0,Retained
692,Germany,Male,53,7,150926.99,2,0,No Credit Card,0,Inactive,119817.19,0,Retained
537,Germany,Female,47,6,103163.35,1,1,Has Credit Card,0,Inactive,16259.64,1,Churned
633,France,Male,29,10,130206.28,1,1,Has Credit Card,0,Inactive,184654.87,0,Retained
833,France,Female,28,4,136674.51,2,0,No Credit Card,0,Inactive,5278.78,0,Retained
592,Spain,Female,40,2,200322.45,1,1,Has Credit Card,1,Active,113244.73,0,Retained
587,Spain,Male,48,1,0.0,2,1,Has Credit Card,1,Active,8908.0,0,Retained
550,Spain,Male,62,7,80927.56,1,0,No Credit Card,1,Active,64490.67,0,Retained
680,France,Female,24,10,0.0,3,1,Has Credit Card,0,Inactive,154971.63,1,Churned
622,Spain,Female,41,9,0.0,2,1,Has Credit Card,1,Active,155786.39,0,Retained
594,Germany,Male,28,0,142574.71,2,1,Has Credit Card,0,Inactive,129084.82,0,Retained
643,Germany,Female,34,7,160426.07,1,0,No Credit Card,1,Active,188533.11,0,Retained
540,France,Male,25,5,116160.23,1,1,Has Credit Card,0,Inactive,13411.67,0,Retained
635,Spain,Female,34,5,98683.47,2,1,Has Credit Card,0,Inactive,15733.19,0,Retained
657,France,Male,32,3,118829.03,2,1,Has Credit Card,1,Active,73127.61,0,Retained
814,France,Male,31,1,118870.92,1,1,Has Credit Card,0,Inactive,101704.19,0,Retained
600,France,Male,32,1,0.0,1,1,Has Credit Card,1,Active,101986.16,0,Retained
682,France,Female,46,2,0.0,1,1,Has Credit Card,1,Active,114442.66,0,Retained
682,France,Male,38,4,107192.38,1,1,Has Credit Card,1,Active,15669.17,0,Retained
566,France,Male,42,3,108010.78,1,1,Has Credit Card,1,Active,157486.1,0,Retained
550,Spain,Male,34,3,0.0,2,0,No Credit Card,0,Inactive,131281.28,0,Retained
630,France,Male,26,7,129837.72,2,0,No Credit Card,1,Active,197001.15,0,Retained
546,Germany,Female,58,3,106458.31,4,1,Has Credit Card,0,Inactive,128881.87,1,Churned
486,France,Male,63,9,97009.15,1,1,Has Credit Card,1,Active,85101.0,0,Retained
762,Spain,Male,35,9,122929.42,2,0,No Credit Card,0,Inactive,149822.04,0,Retained
692,Germany,Male,45,6,152296.83,4,0,No Credit Card,1,Active,108040.86,1,Churned
498,France,Female,30,1,0.0,2,0,No Credit Card,0,Inactive,135795.53,0,Retained
850,Spain,Male,49,8,0.0,1,0,No Credit Card,0,Inactive,25867.67,1,Churned
603,France,Male,35,6,128993.76,2,1,Has Credit Card,0,Inactive,130483.56,0,Retained
551,France,Female,36,5,0.0,1,1,Has Credit Card,0,Inactive,183479.12,0,Retained
627,Germany,Male,27,0,185267.45,2,1,Has Credit Card,1,Active,77027.34,0,Retained
515,France,Female,28,9,0.0,2,0,No Credit Card,0,Inactive,94141.75,0,Retained
605,Spain,Female,29,3,116805.82,1,0,No Credit Card,0,Inactive,4092.75,0,Retained
567,Germany,Male,29,5,129750.68,1,1,Has Credit Card,0,Inactive,109257.59,0,Retained
568,Germany,Female,29,2,129177.01,2,0,No Credit Card,1,Active,104617.99,0,Retained
571,Germany,Male,25,6,82506.72,2,1,Has Credit Card,0,Inactive,167705.07,0,Retained
634,Germany,Male,48,2,107247.69,1,1,Has Credit Card,1,Active,103712.05,1,Churned
768,Spain,Female,42,3,0.0,1,0,No Credit Card,0,Inactive,161242.99,1,Churned
554,Germany,Female,36,3,157780.93,2,1,Has Credit Card,0,Inactive,6089.13,0,Retained
629,France,Male,35,1,172170.36,1,1,Has Credit Card,1,Active,159777.37,0,Retained
638,Spain,Male,48,2,0.0,2,1,Has Credit Card,1,Active,7919.08,0,Retained
576,France,Male,41,1,0.0,1,1,Has Credit Card,1,Active,188274.6,0,Retained
661,Spain,Female,42,9,75361.44,1,1,Has Credit Card,0,Inactive,27608.12,1,Churned
592,France,Female,27,4,0.0,2,1,Has Credit Card,1,Active,183569.25,0,Retained
702,Spain,Male,30,2,0.0,2,1,Has Credit Card,1,Active,145537.32,0,Retained
647,France,Female,29,0,98263.46,2,1,Has Credit Card,0,Inactive,164717.95,0,Retained
593,France,Male,43,9,0.0,2,1,Has Credit Card,1,Active,76357.43,0,Retained
712,Germany,Female,40,3,109308.79,2,1,Has Credit Card,0,Inactive,120158.72,1,Churned
625,Spain,Female,31,8,0.0,2,1,Has Credit Card,0,Inactive,151843.54,0,Retained
538,Germany,Female,28,6,164365.44,1,0,No Credit Card,1,Active,5698.97,0,Retained
637,Spain,Female,22,5,98800.0,1,1,Has Credit Card,0,Inactive,122865.55,0,Retained
632,France,Male,27,4,193125.85,1,1,Has Credit Card,1,Active,152665.85,0,Retained
736,France,Male,27,5,51522.75,1,0,No Credit Card,1,Active,192131.77,0,Retained
755,France,Male,23,5,84284.48,2,1,Has Credit Card,1,Active,62851.6,0,Retained
425,Spain,Female,39,5,0.0,2,1,Has Credit Card,0,Inactive,140941.47,0,Retained
461,France,Male,51,9,119889.84,1,0,No Credit Card,0,Inactive,56767.67,1,Churned
745,France,Male,21,4,137910.45,1,1,Has Credit Card,1,Active,177235.23,0,Retained
616,France,Female,37,6,0.0,2,1,Has Credit Card,0,Inactive,86242.18,0,Retained
587,France,Male,33,5,100116.82,1,1,Has Credit Card,0,Inactive,34215.58,0,Retained
850,Germany,Male,40,4,166082.15,2,0,No Credit Card,1,Active,44406.17,0,Retained
601,France,Female,38,0,0.0,2,1,Has Credit Card,0,Inactive,165196.65,0,Retained
730,Spain,Male,26,3,0.0,1,1,Has Credit Card,0,Inactive,34542.41,0,Retained
532,France,Male,44,3,148595.55,1,1,Has Credit Card,0,Inactive,74838.64,1,Churned
850,Germany,Male,53,2,94078.97,2,1,Has Credit Card,0,Inactive,36980.54,0,Retained
779,Spain,Female,34,5,0.0,2,0,No Credit Card,1,Active,111676.63,0,Retained
562,France,Male,29,9,0.0,1,1,Has Credit Card,1,Active,25858.68,0,Retained
670,Germany,Male,40,2,164948.98,3,0,No Credit Card,0,Inactive,177028.0,1,Churned
729,France,Female,62,4,140549.4,1,1,Has Credit Card,0,Inactive,30990.16,1,Churned
767,France,Female,44,2,152509.25,1,1,Has Credit Card,1,Active,136915.15,0,Retained
742,France,Female,28,2,191864.51,1,1,Has Credit Card,0,Inactive,108457.99,1,Churned
669,France,Female,44,8,96418.09,1,0,No Credit Card,0,Inactive,131609.48,1,Churned
542,Spain,Male,32,2,131945.94,1,0,No Credit Card,1,Active,159737.56,0,Retained
586,France,Male,29,3,0.0,2,1,Has Credit Card,1,Active,142238.54,0,Retained
612,Germany,Male,30,9,142910.15,1,1,Has Credit Card,0,Inactive,105890.55,1,Churned
740,France,Female,37,7,0.0,2,1,Has Credit Card,1,Active,194270.91,0,Retained
584,France,Male,35,3,146311.58,1,1,Has Credit Card,1,Active,105443.47,0,Retained
524,France,Male,52,2,87894.26,1,1,Has Credit Card,0,Inactive,173899.42,1,Churned
614,France,Female,19,5,97445.49,2,1,Has Credit Card,0,Inactive,122823.34,0,Retained
598,France,Female,64,9,0.0,1,0,No Credit Card,1,Active,13181.37,1,Churned
799,Spain,Male,35,7,0.0,2,0,No Credit Card,1,Active,140780.8,0,Retained
724,France,Male,34,2,154485.74,2,0,No Credit Card,0,Inactive,78560.64,0,Retained
601,France,Male,50,2,115625.07,1,1,Has Credit Card,0,Inactive,185855.21,0,Retained
804,France,Male,25,7,108396.67,1,1,Has Credit Card,0,Inactive,128276.95,0,Retained
745,Germany,Male,38,5,65095.41,2,1,Has Credit Card,1,Active,140197.42,0,Retained
667,Germany,Male,43,1,103018.45,1,1,Has Credit Card,0,Inactive,32462.39,1,Churned
518,France,Female,38,10,84764.79,1,1,Has Credit Card,1,Active,162253.9,0,Retained
819,France,Female,38,10,0.0,2,1,Has Credit Card,0,Inactive,30498.7,0,Retained
520,Spain,Female,35,4,115680.81,1,1,Has Credit Card,1,Active,90280.7,0,Retained
625,France,Female,39,5,0.0,2,1,Has Credit Card,0,Inactive,32615.21,0,Retained
673,Germany,Male,36,5,73088.06,2,0,No Credit Card,0,Inactive,196142.26,0,Retained
656,Germany,Female,27,3,150905.03,2,1,Has Credit Card,0,Inactive,16998.72,0,Retained
850,Spain,Female,23,9,143054.85,1,0,No Credit Card,1,Active,62980.96,0,Retained
574,Spain,Female,28,7,0.0,2,0,No Credit Card,0,Inactive,185660.3,0,Retained
679,France,Male,60,6,0.0,2,1,Has Credit Card,1,Active,77331.77,0,Retained
530,Germany,Female,42,0,99948.45,1,0,No Credit Card,1,Active,97338.62,0,Retained
508,France,Male,44,3,115451.05,2,0,No Credit Card,0,Inactive,67234.33,0,Retained
558,Germany,Male,32,4,108235.91,1,1,Has Credit Card,1,Active,143783.28,0,Retained
414,France,Male,38,8,0.0,1,0,No Credit Card,1,Active,77661.12,1,Churned
648,Spain,Male,42,2,98795.61,2,1,Has Credit Card,0,Inactive,89123.99,0,Retained
721,France,Female,37,1,0.0,2,1,Has Credit Card,0,Inactive,70810.8,0,Retained
751,France,Male,31,8,0.0,2,0,No Credit Card,0,Inactive,17550.49,0,Retained
662,France,Male,34,2,0.0,2,0,No Credit Card,1,Active,21497.27,0,Retained
628,Germany,Male,29,3,113146.98,2,0,No Credit Card,1,Active,124749.08,0,Retained
597,Germany,Female,39,8,162532.14,3,1,Has Credit Card,0,Inactive,36051.46,1,Churned
698,Spain,Female,40,0,92053.44,1,1,Has Credit Card,1,Active,143681.83,0,Retained
723,France,Male,48,7,0.0,2,1,Has Credit Card,1,Active,150694.58,0,Retained
586,France,Female,28,5,0.0,3,1,Has Credit Card,0,Inactive,170487.4,1,Churned
633,Germany,Female,29,8,104944.1,1,1,Has Credit Card,1,Active,97684.46,0,Retained
564,France,Male,31,4,0.0,2,1,Has Credit Card,0,Inactive,53520.03,0,Retained
649,France,Female,31,2,0.0,2,1,Has Credit Card,0,Inactive,15200.61,0,Retained
622,France,Female,30,4,107879.04,1,0,No Credit Card,1,Active,196894.62,0,Retained
459,Germany,Male,46,7,110356.42,1,1,Has Credit Card,0,Inactive,4969.13,1,Churned
718,France,Male,27,2,0.0,2,0,No Credit Card,0,Inactive,26229.24,0,Retained
655,Spain,Female,34,4,109783.69,2,1,Has Credit Card,0,Inactive,134034.32,0,Retained
696,France,Male,22,9,149777.0,1,1,Has Credit Card,1,Active,198032.93,0,Retained
637,France,Female,38,3,104339.56,1,0,No Credit Card,0,Inactive,119882.86,0,Retained
630,Spain,Female,21,1,85818.18,1,1,Has Credit Card,1,Active,133102.3,0,Retained
592,France,Male,37,4,212692.97,1,0,No Credit Card,0,Inactive,176395.02,0,Retained
634,Germany,Male,37,1,89696.84,2,1,Has Credit Card,1,Active,193179.88,0,Retained
608,France,Female,28,9,0.0,2,1,Has Credit Card,1,Active,125062.02,0,Retained
565,Germany,Female,32,9,68067.24,1,1,Has Credit Card,0,Inactive,143287.58,0,Retained
763,Spain,Male,67,9,148564.66,1,0,No Credit Card,1,Active,87236.4,0,Retained
665,France,Female,55,8,136354.16,1,1,Has Credit Card,1,Active,93769.89,0,Retained
649,France,Male,38,1,122214.0,1,0,No Credit Card,1,Active,88965.46,0,Retained
695,France,Male,45,3,0.0,2,1,Has Credit Card,1,Active,30793.61,0,Retained
775,Germany,Male,70,6,119684.88,2,1,Has Credit Card,1,Active,74532.02,0,Retained
788,France,Female,39,3,135139.33,1,0,No Credit Card,1,Active,113086.08,0,Retained
569,Germany,Female,42,9,146100.75,1,1,Has Credit Card,0,Inactive,32574.01,1,Churned
726,Spain,Female,56,8,123110.9,3,0,No Credit Card,1,Active,130113.78,1,Churned
564,Germany,Female,44,3,111760.4,3,1,Has Credit Card,1,Active,104722.47,1,Churned
544,France,Female,32,9,110728.39,1,1,Has Credit Card,1,Active,14559.62,0,Retained
614,France,Female,41,8,121558.46,1,1,Has Credit Card,1,Active,598.8,0,Retained
453,Germany,Female,38,8,120623.21,1,1,Has Credit Card,0,Inactive,129697.99,0,Retained
471,France,Female,58,4,114713.57,1,1,Has Credit Card,1,Active,36315.03,0,Retained
829,Germany,Female,37,3,103457.76,1,0,No Credit Card,0,Inactive,1114.12,0,Retained
754,Germany,Male,57,2,101134.87,2,1,Has Credit Card,1,Active,70954.41,0,Retained
749,Germany,Male,46,10,78136.36,2,1,Has Credit Card,1,Active,73470.98,0,Retained
667,France,Male,23,1,0.0,2,1,Has Credit Card,0,Inactive,91573.19,0,Retained
670,Spain,Male,30,3,133446.34,1,0,No Credit Card,0,Inactive,3154.95,0,Retained
670,France,Female,33,7,0.0,2,1,Has Credit Card,1,Active,88187.81,0,Retained
623,Germany,Female,48,1,108076.33,1,1,Has Credit Card,0,Inactive,118855.26,1,Churned
571,France,Male,32,5,131354.25,1,1,Has Credit Card,0,Inactive,125256.53,0,Retained
641,Germany,Female,37,7,62974.64,2,0,No Credit Card,1,Active,39016.43,0,Retained
551,Germany,Female,30,2,143340.44,1,1,Has Credit Card,0,Inactive,145796.49,0,Retained
741,Germany,Male,36,8,116993.43,2,1,Has Credit Card,0,Inactive,168816.22,0,Retained
472,France,Male,31,4,58662.92,2,0,No Credit Card,1,Active,73322.0,0,Retained
650,Spain,Male,41,3,128808.65,3,0,No Credit Card,0,Inactive,113677.53,1,Churned
625,France,Male,45,7,137555.44,1,0,No Credit Card,0,Inactive,124607.7,0,Retained
650,Germany,Male,34,4,142393.11,1,1,Has Credit Card,1,Active,11276.48,0,Retained
535,France,Female,38,8,0.0,2,1,Has Credit Card,0,Inactive,136620.64,0,Retained
649,France,Female,41,2,125785.23,1,1,Has Credit Card,1,Active,70523.92,0,Retained
689,France,Male,22,4,136444.25,1,1,Has Credit Card,0,Inactive,51980.25,1,Churned
694,Spain,Male,38,7,121527.4,1,1,Has Credit Card,0,Inactive,113481.02,0,Retained
655,Germany,Male,52,9,144696.75,1,1,Has Credit Card,1,Active,49025.79,0,Retained
620,France,Male,36,8,0.0,2,1,Has Credit Card,1,Active,145937.99,0,Retained
577,France,Female,35,10,0.0,2,1,Has Credit Card,1,Active,25161.61,0,Retained
401,Germany,Male,48,8,128140.17,1,1,Has Credit Card,0,Inactive,175753.55,1,Churned
599,France,Male,25,6,120383.41,1,1,Has Credit Card,1,Active,24903.09,0,Retained
481,France,Female,57,9,0.0,3,1,Has Credit Card,1,Active,169719.35,1,Churned
704,France,Male,42,8,129735.3,2,1,Has Credit Card,1,Active,179565.57,0,Retained
698,Spain,Female,31,8,185078.26,1,0,No Credit Card,0,Inactive,115337.74,1,Churned
480,France,Female,28,6,0.0,2,0,No Credit Card,0,Inactive,48131.92,0,Retained
682,France,Male,42,0,0.0,1,1,Has Credit Card,1,Active,160828.98,0,Retained
700,Spain,Male,31,7,0.0,2,0,No Credit Card,1,Active,145151.96,0,Retained
492,France,Male,29,1,144591.96,1,1,Has Credit Card,1,Active,196293.76,0,Retained
444,France,Female,45,4,0.0,2,1,Has Credit Card,0,Inactive,161653.5,1,Churned
624,France,Male,36,6,0.0,2,0,No Credit Card,0,Inactive,84635.64,0,Retained
709,France,Male,37,7,0.0,1,1,Has Credit Card,0,Inactive,159486.76,0,Retained
557,Germany,Male,68,2,100194.44,1,1,Has Credit Card,1,Active,38596.34,0,Retained
646,Germany,Male,50,6,145295.31,2,1,Has Credit Card,1,Active,27814.74,0,Retained
719,Germany,Male,28,3,106070.29,2,1,Has Credit Card,1,Active,183893.31,0,Retained
706,Germany,Female,47,6,120621.89,1,1,Has Credit Card,1,Active,140803.7,0,Retained
660,France,Male,38,7,0.0,2,0,No Credit Card,1,Active,146585.53,0,Retained
667,France,Male,36,9,0.0,2,1,Has Credit Card,1,Active,40062.29,0,Retained
705,France,Male,30,1,0.0,1,1,Has Credit Card,1,Active,181300.32,0,Retained
598,Germany,Female,27,10,171283.91,1,1,Has Credit Card,1,Active,84136.12,0,Retained
669,France,Male,26,4,0.0,2,1,Has Credit Card,1,Active,197594.34,0,Retained
580,Germany,Female,38,1,128218.47,1,1,Has Credit Card,0,Inactive,125953.83,1,Churned
676,France,Female,32,5,0.0,2,1,Has Credit Card,1,Active,75465.41,0,Retained
714,Germany,Male,28,7,77776.39,1,1,Has Credit Card,0,Inactive,177737.07,0,Retained
597,Germany,Female,72,6,124978.19,2,1,Has Credit Card,1,Active,7144.46,0,Retained
559,France,Male,29,1,0.0,2,0,No Credit Card,0,Inactive,155639.76,0,Retained
564,France,Female,28,1,0.0,1,1,Has Credit Card,1,Active,162428.05,0,Retained
850,Spain,Male,51,3,109799.55,2,1,Has Credit Card,1,Active,12457.76,1,Churned
689,France,Male,39,7,0.0,2,0,No Credit Card,0,Inactive,14917.09,0,Retained
758,Germany,Female,61,8,125397.21,1,1,Has Credit Card,0,Inactive,182184.09,1,Churned
604,Spain,Female,71,10,0.0,2,1,Has Credit Card,1,Active,129984.2,0,Retained
733,Germany,Male,38,9,111347.37,2,0,No Credit Card,1,Active,194872.97,0,Retained
778,Spain,Male,40,8,104291.41,2,1,Has Credit Card,1,Active,117507.11,0,Retained
732,Germany,Female,61,9,94867.18,2,1,Has Credit Card,1,Active,157527.6,1,Churned
646,France,Male,24,8,0.0,2,0,No Credit Card,0,Inactive,92612.88,0,Retained
597,France,Female,33,6,135703.59,2,0,No Credit Card,0,Inactive,74850.84,0,Retained
821,Germany,Female,37,5,106453.53,2,0,No Credit Card,1,Active,127413.0,0,Retained
640,France,Male,43,7,132412.38,1,0,No Credit Card,0,Inactive,69584.3,1,Churned
511,Germany,Female,40,9,124401.6,1,1,Has Credit Card,0,Inactive,198814.24,1,Churned
805,France,Male,46,6,118022.06,3,1,Has Credit Card,0,Inactive,162643.15,1,Churned
540,Germany,Male,39,1,82531.11,1,1,Has Credit Card,0,Inactive,114092.52,0,Retained
705,Spain,Male,44,0,184552.12,1,1,Has Credit Card,0,Inactive,68860.3,1,Churned
540,Germany,Male,39,4,127278.31,1,1,Has Credit Card,1,Active,16150.34,0,Retained
532,Spain,Female,66,3,0.0,1,1,Has Credit Card,1,Active,115227.02,0,Retained
535,France,Female,45,2,0.0,2,0,No Credit Card,1,Active,170621.55,0,Retained
627,Germany,Male,23,5,184244.86,1,1,Has Credit Card,0,Inactive,103099.22,0,Retained
646,France,Male,52,8,59669.43,1,0,No Credit Card,0,Inactive,172495.81,1,Churned
515,France,Female,25,7,79543.59,1,0,No Credit Card,1,Active,38772.82,0,Retained
697,France,Female,39,6,151553.19,1,1,Has Credit Card,1,Active,44946.29,0,Retained
652,Germany,Male,27,2,166527.88,2,0,No Credit Card,1,Active,146007.7,0,Retained
579,Germany,Male,28,6,150329.15,1,1,Has Credit Card,0,Inactive,145558.42,0,Retained
760,France,Male,43,8,121911.59,1,1,Has Credit Card,0,Inactive,193312.33,0,Retained
769,France,Male,51,9,156773.78,2,1,Has Credit Card,0,Inactive,40257.79,0,Retained
498,Spain,Male,29,8,127864.26,1,1,Has Credit Card,1,Active,46677.9,0,Retained
774,France,Male,53,4,113709.28,1,1,Has Credit Card,1,Active,153887.93,1,Churned
705,Germany,Female,43,7,79974.55,1,1,Has Credit Card,1,Active,103108.33,0,Retained
648,France,Female,44,2,0.0,2,1,Has Credit Card,1,Active,58652.23,0,Retained
688,France,Female,51,5,0.0,1,1,Has Credit Card,0,Inactive,91624.11,1,Churned
592,Spain,Male,38,0,0.0,1,1,Has Credit Card,0,Inactive,65986.48,1,Churned
705,France,Male,33,3,144427.96,2,1,Has Credit Card,0,Inactive,113845.19,0,Retained
654,France,Male,42,7,99263.09,1,1,Has Credit Card,1,Active,67607.9,0,Retained
624,France,Female,32,2,79368.87,2,1,Has Credit Card,1,Active,145471.94,0,Retained
594,France,Female,30,10,0.0,2,1,Has Credit Card,1,Active,124071.71,0,Retained
695,Spain,Female,34,9,0.0,2,1,Has Credit Card,1,Active,67502.12,0,Retained
597,France,Male,28,2,0.0,3,1,Has Credit Card,1,Active,78707.97,0,Retained
758,France,Female,52,7,125095.94,1,1,Has Credit Card,0,Inactive,171189.83,1,Churned
737,Germany,Female,40,2,162485.8,2,1,Has Credit Card,0,Inactive,149381.32,0,Retained
694,Germany,Male,37,1,95668.82,2,1,Has Credit Card,0,Inactive,100335.55,0,Retained
683,France,Male,25,4,0.0,2,1,Has Credit Card,0,Inactive,152698.24,0,Retained
538,Spain,Female,30,8,0.0,2,1,Has Credit Card,1,Active,41192.95,0,Retained
669,France,Male,37,4,0.0,1,1,Has Credit Card,0,Inactive,132540.33,0,Retained
730,France,Female,34,5,74197.38,2,1,Has Credit Card,0,Inactive,96875.52,0,Retained
622,France,Female,31,1,89688.94,1,1,Has Credit Card,1,Active,152305.47,0,Retained
714,Spain,Female,33,10,103121.33,2,1,Has Credit Card,1,Active,49672.01,0,Retained
569,Spain,Female,34,3,0.0,1,1,Has Credit Card,0,Inactive,133997.53,0,Retained
668,Germany,Female,59,5,120170.07,1,0,No Credit Card,1,Active,50454.8,0,Retained
628,France,Male,32,9,149136.31,2,1,Has Credit Card,1,Active,16402.11,0,Retained
600,France,Male,40,1,141136.79,1,1,Has Credit Card,1,Active,67803.83,0,Retained
693,France,Female,43,4,152341.55,1,1,Has Credit Card,0,Inactive,9241.78,0,Retained
704,France,Male,36,7,120026.98,2,0,No Credit Card,1,Active,100601.73,0,Retained
527,Spain,Male,33,9,132168.28,1,0,No Credit Card,0,Inactive,98734.15,0,Retained
553,Germany,Male,43,6,85200.82,2,1,Has Credit Card,1,Active,160574.09,0,Retained
575,Spain,Male,53,1,84903.33,2,0,No Credit Card,1,Active,26015.8,0,Retained
626,France,Female,32,0,0.0,2,0,No Credit Card,0,Inactive,187172.54,0,Retained
582,France,Male,20,4,0.0,1,1,Has Credit Card,1,Active,55763.66,0,Retained
683,Spain,Male,40,8,0.0,1,1,Has Credit Card,0,Inactive,75848.22,0,Retained
850,France,Male,30,9,121535.18,1,0,No Credit Card,0,Inactive,40313.47,0,Retained
653,Spain,Male,35,6,116662.96,2,1,Has Credit Card,1,Active,23864.21,0,Retained
679,France,Male,60,8,0.0,2,1,Has Credit Card,1,Active,51380.9,0,Retained
549,Germany,Female,49,6,124829.16,1,0,No Credit Card,1,Active,93551.36,0,Retained
850,Spain,Female,36,2,155180.56,2,0,No Credit Card,0,Inactive,169415.54,0,Retained
558,Germany,Female,32,1,108262.87,1,1,Has Credit Card,1,Active,6935.31,0,Retained
528,Spain,Male,40,4,0.0,2,1,Has Credit Card,0,Inactive,25399.7,0,Retained
801,France,Male,38,5,0.0,2,1,Has Credit Card,0,Inactive,66256.27,0,Retained
513,Spain,Male,48,2,0.0,1,1,Has Credit Card,1,Active,114709.13,1,Churned
666,Germany,Male,38,6,99812.88,2,1,Has Credit Card,1,Active,158357.97,0,Retained
606,France,Male,35,2,132164.26,1,0,No Credit Card,1,Active,164815.59,0,Retained
599,Germany,Male,45,10,103583.05,1,1,Has Credit Card,0,Inactive,132127.69,1,Churned
544,Germany,Male,39,4,142406.43,2,1,Has Credit Card,0,Inactive,146637.45,0,Retained
529,Spain,Male,38,7,99842.5,2,1,Has Credit Card,0,Inactive,90256.06,1,Churned
850,France,Female,41,5,0.0,2,1,Has Credit Card,1,Active,34827.43,0,Retained
497,France,Male,41,9,0.0,1,0,No Credit Card,0,Inactive,22074.48,0,Retained
764,France,Female,39,5,81042.42,1,0,No Credit Card,1,Active,109805.17,0,Retained
603,France,Female,48,5,0.0,1,1,Has Credit Card,0,Inactive,100478.6,1,Churned
609,France,Male,40,6,0.0,2,1,Has Credit Card,1,Active,97416.34,0,Retained
487,France,Male,53,4,199689.49,1,1,Has Credit Card,1,Active,24207.86,1,Churned
748,France,Male,33,1,142645.43,1,0,No Credit Card,0,Inactive,69132.66,0,Retained
710,Spain,Female,75,5,0.0,2,1,Has Credit Card,1,Active,9376.89,0,Retained
432,Germany,Female,45,3,110219.14,1,1,Has Credit Card,0,Inactive,43046.7,1,Churned
534,Spain,Male,51,3,0.0,2,0,No Credit Card,1,Active,20856.31,0,Retained
607,France,Male,25,3,0.0,2,0,No Credit Card,0,Inactive,187048.72,0,Retained
551,Spain,Male,32,4,0.0,2,1,Has Credit Card,0,Inactive,53420.53,0,Retained
674,France,Male,45,7,142072.02,1,1,Has Credit Card,0,Inactive,37013.29,0,Retained
525,France,Female,25,6,0.0,2,1,Has Credit Card,0,Inactive,89566.64,0,Retained
645,Germany,Male,33,8,149564.61,1,0,No Credit Card,0,Inactive,149913.84,0,Retained
755,France,Female,43,9,0.0,2,1,Has Credit Card,0,Inactive,18066.69,0,Retained
708,Germany,Male,37,8,153366.13,1,1,Has Credit Card,1,Active,26912.34,0,Retained
715,France,Male,21,6,76467.16,1,1,Has Credit Card,1,Active,173511.72,0,Retained
727,France,Female,26,9,121508.28,1,1,Has Credit Card,1,Active,146785.44,0,Retained
559,Spain,Female,27,1,0.0,1,0,No Credit Card,1,Active,1050.33,0,Retained
545,Spain,Male,36,8,73211.12,2,1,Has Credit Card,0,Inactive,89587.34,1,Churned
524,France,Male,22,9,0.0,2,1,Has Credit Card,0,Inactive,74405.34,0,Retained
707,France,Female,55,1,0.0,2,0,No Credit Card,1,Active,54409.48,0,Retained
671,Spain,Male,38,0,92674.94,2,1,Has Credit Card,0,Inactive,3647.57,0,Retained
439,Spain,Male,52,3,96196.24,4,1,Has Credit Card,0,Inactive,198874.52,1,Churned
667,Germany,Female,36,1,114391.62,1,1,Has Credit Card,1,Active,53412.54,0,Retained
831,Germany,Male,32,9,80262.66,1,1,Has Credit Card,0,Inactive,194867.78,0,Retained
545,Spain,Female,33,7,173331.52,1,1,Has Credit Card,0,Inactive,150452.88,0,Retained
604,Spain,Female,35,7,147285.52,1,1,Has Credit Card,1,Active,57807.05,0,Retained
657,Spain,Male,67,5,119785.47,2,1,Has Credit Card,1,Active,107534.32,0,Retained
487,Spain,Female,36,1,140137.15,1,1,Has Credit Card,0,Inactive,194073.33,0,Retained
750,Germany,Female,52,6,107467.56,1,1,Has Credit Card,0,Inactive,126233.18,1,Churned
694,Germany,Female,37,8,98218.04,2,1,Has Credit Card,0,Inactive,182354.46,1,Churned
711,Germany,Female,35,2,133607.75,1,1,Has Credit Card,1,Active,120586.32,0,Retained
551,France,Male,37,3,0.0,2,1,Has Credit Card,1,Active,50578.4,0,Retained
559,France,Female,38,8,95139.41,1,1,Has Credit Card,1,Active,86575.46,0,Retained
620,France,Female,29,3,0.0,2,0,No Credit Card,1,Active,153392.28,0,Retained
660,Spain,Male,42,5,0.0,2,1,Has Credit Card,0,Inactive,115509.59,0,Retained
449,France,Female,37,6,0.0,2,1,Has Credit Card,0,Inactive,82176.48,0,Retained
703,Germany,Female,26,1,97331.19,1,1,Has Credit Card,0,Inactive,63717.49,0,Retained
795,Germany,Male,37,2,139265.63,2,1,Has Credit Card,1,Active,198745.94,0,Retained
594,France,Female,31,9,0.0,1,0,No Credit Card,1,Active,5719.11,0,Retained
586,Spain,Male,34,5,168094.01,1,0,No Credit Card,0,Inactive,20058.61,0,Retained
613,Germany,Female,30,5,131563.88,2,1,Has Credit Card,0,Inactive,170638.98,0,Retained
601,France,Male,44,3,0.0,2,1,Has Credit Card,0,Inactive,30607.11,0,Retained
657,France,Male,50,9,0.0,2,0,No Credit Card,0,Inactive,37171.46,0,Retained
531,France,Male,31,3,0.0,1,1,Has Credit Card,1,Active,42589.33,0,Retained
621,Germany,Male,47,7,107363.29,1,1,Has Credit Card,1,Active,66799.28,0,Retained
782,France,Female,33,2,94493.03,1,0,No Credit Card,1,Active,101866.39,0,Retained
528,Germany,Female,29,9,170214.23,2,1,Has Credit Card,0,Inactive,49284.0,0,Retained
696,France,Male,52,6,139781.06,1,1,Has Credit Card,0,Inactive,27445.4,1,Churned
586,France,Female,35,7,0.0,2,1,Has Credit Card,0,Inactive,70760.69,0,Retained
626,Spain,Female,26,8,148610.41,3,0,No Credit Card,1,Active,104502.02,1,Churned
498,France,Male,73,2,170241.7,2,1,Has Credit Card,1,Active,165407.96,0,Retained
691,France,Female,33,1,128306.83,1,1,Has Credit Card,1,Active,113580.79,0,Retained
568,France,Female,47,7,0.0,2,1,Has Credit Card,1,Active,45978.39,0,Retained
715,France,Female,35,3,0.0,1,1,Has Credit Card,1,Active,152012.36,0,Retained
680,Germany,Male,32,7,175454.0,1,0,No Credit Card,1,Active,77349.92,0,Retained
802,Spain,Male,41,6,0.0,2,1,Has Credit Card,0,Inactive,47322.05,0,Retained
539,France,Female,22,0,100885.93,2,1,Has Credit Card,1,Active,38772.65,0,Retained
494,France,Male,69,9,93320.8,1,1,Has Credit Card,1,Active,24489.44,0,Retained
594,Germany,Male,38,6,63176.44,2,1,Has Credit Card,1,Active,14466.08,0,Retained
596,France,Male,33,2,139451.67,1,0,No Credit Card,0,Inactive,63142.12,0,Retained
649,France,Female,52,8,49113.75,1,1,Has Credit Card,0,Inactive,41858.43,0,Retained
699,Germany,Male,32,1,123906.22,3,1,Has Credit Card,1,Active,127443.82,1,Churned
787,France,Female,40,6,0.0,2,1,Has Credit Card,1,Active,84151.98,0,Retained
604,France,Male,28,7,0.0,2,0,No Credit Card,0,Inactive,58595.64,0,Retained
489,Germany,Female,52,1,131441.51,1,1,Has Credit Card,0,Inactive,37240.11,1,Churned
651,France,Male,56,2,0.0,1,1,Has Credit Card,0,Inactive,114522.68,1,Churned
698,France,Male,57,6,136325.48,2,1,Has Credit Card,1,Active,72549.27,1,Churned
578,Germany,Female,38,4,113150.44,2,1,Has Credit Card,0,Inactive,176712.59,1,Churned
538,Spain,Female,42,9,0.0,1,0,No Credit Card,0,Inactive,152855.96,0,Retained
696,France,Female,33,4,0.0,2,1,Has Credit Card,1,Active,73371.65,0,Retained
507,Germany,Female,46,8,102785.16,1,1,Has Credit Card,1,Active,70323.68,0,Retained
685,Spain,Male,34,6,83264.28,1,0,No Credit Card,0,Inactive,9663.28,0,Retained
705,Germany,Male,41,4,72252.64,2,1,Has Credit Card,1,Active,142514.66,0,Retained
499,Germany,Female,29,6,148051.52,1,1,Has Credit Card,0,Inactive,118623.94,0,Retained
717,France,Female,76,9,138489.66,1,1,Has Credit Card,1,Active,68400.14,0,Retained
510,France,Male,63,8,0.0,2,1,Has Credit Card,1,Active,115291.86,0,Retained
632,France,Male,32,6,111589.33,1,1,Has Credit Card,1,Active,170382.99,0,Retained
668,Germany,Female,39,0,122104.79,1,1,Has Credit Card,0,Inactive,112946.67,1,Churned
744,Germany,Male,32,4,96106.83,1,1,Has Credit Card,1,Active,79812.77,0,Retained
663,Germany,Male,42,7,115930.87,1,1,Has Credit Card,0,Inactive,19862.78,0,Retained
638,Germany,Female,37,7,124513.66,2,1,Has Credit Card,0,Inactive,158610.89,0,Retained
688,France,Female,54,9,0.0,1,1,Has Credit Card,0,Inactive,191212.63,1,Churned
588,Spain,Male,46,8,0.0,1,1,Has Credit Card,0,Inactive,61931.21,0,Retained
631,France,Male,33,7,0.0,1,1,Has Credit Card,1,Active,58043.02,1,Churned
687,Spain,Male,35,8,100988.39,2,1,Has Credit Card,0,Inactive,22247.27,0,Retained
599,France,Male,44,10,118577.24,1,1,Has Credit Card,1,Active,31448.52,0,Retained
718,Spain,Male,28,6,0.0,2,1,Has Credit Card,0,Inactive,146875.86,0,Retained
730,France,Male,27,5,0.0,2,1,Has Credit Card,1,Active,116081.93,0,Retained
533,France,Female,39,2,0.0,1,0,No Credit Card,1,Active,73669.94,1,Churned
711,Spain,Female,28,5,0.0,2,1,Has Credit Card,1,Active,93959.96,0,Retained
555,Spain,Female,26,9,0.0,2,0,No Credit Card,1,Active,158918.03,0,Retained
850,France,Female,42,9,113311.11,1,1,Has Credit Card,1,Active,198193.75,0,Retained
678,France,Female,41,9,0.0,1,0,No Credit Card,0,Inactive,13160.03,0,Retained
576,France,Male,32,7,0.0,2,1,Has Credit Card,0,Inactive,4660.91,0,Retained
835,Germany,Male,20,4,124365.42,1,0,No Credit Card,0,Inactive,180197.74,1,Churned
592,France,Male,42,1,147249.29,2,1,Has Credit Card,1,Active,63023.02,0,Retained
774,France,Male,36,7,103688.19,1,0,No Credit Card,1,Active,118971.74,0,Retained
620,France,Female,29,1,138740.24,2,0,No Credit Card,0,Inactive,154700.61,0,Retained
519,Spain,Male,39,4,111900.14,1,1,Has Credit Card,1,Active,97577.17,0,Retained
734,Spain,Female,37,0,152760.24,1,1,Has Credit Card,1,Active,48990.5,0,Retained
763,Germany,Male,31,7,143966.3,2,1,Has Credit Card,1,Active,140262.96,1,Churned
733,France,Male,51,10,141556.96,1,1,Has Credit Card,0,Inactive,130189.53,0,Retained
650,France,Female,43,6,0.0,2,1,Has Credit Card,1,Active,16301.91,0,Retained
538,France,Female,33,5,0.0,2,1,Has Credit Card,0,Inactive,126962.41,0,Retained
577,France,Female,46,1,0.0,1,1,Has Credit Card,1,Active,158750.53,0,Retained
792,France,Male,30,8,0.0,2,1,Has Credit Card,0,Inactive,199644.2,0,Retained
686,France,Female,41,10,0.0,1,1,Has Credit Card,1,Active,144272.71,1,Churned
589,France,Male,29,2,0.0,2,0,No Credit Card,1,Active,98320.27,0,Retained
530,France,Male,25,9,162560.32,1,1,Has Credit Card,0,Inactive,64129.03,0,Retained
778,Germany,Female,29,7,123229.46,1,1,Has Credit Card,0,Inactive,181221.09,0,Retained
616,Spain,Male,31,7,76665.71,2,1,Has Credit Card,1,Active,163809.08,0,Retained
550,France,Male,38,9,140278.99,3,1,Has Credit Card,1,Active,171457.06,1,Churned
655,France,Female,51,3,0.0,2,0,No Credit Card,1,Active,15801.02,0,Retained
721,France,Male,46,1,115764.32,2,0,No Credit Card,0,Inactive,102950.79,0,Retained
499,Germany,Male,36,5,131142.53,2,1,Has Credit Card,0,Inactive,174918.46,0,Retained
511,France,Male,45,5,68375.27,1,1,Has Credit Card,0,Inactive,193160.25,1,Churned
579,Germany,Female,39,5,117833.3,3,0,No Credit Card,0,Inactive,5831.0,1,Churned
696,Spain,Female,36,7,0.0,2,1,Has Credit Card,1,Active,82298.59,0,Retained
681,France,Male,34,7,0.0,2,0,No Credit Card,0,Inactive,130686.59,0,Retained
815,France,Male,45,7,0.0,1,0,No Credit Card,1,Active,52885.23,1,Churned
681,Spain,Male,30,2,111093.01,1,1,Has Credit Card,0,Inactive,68985.99,0,Retained
641,Spain,Male,42,9,132657.55,1,1,Has Credit Card,0,Inactive,35367.19,0,Retained
591,France,Female,56,9,128882.49,1,1,Has Credit Card,1,Active,196241.94,1,Churned
565,Germany,Male,59,9,69129.59,1,1,Has Credit Card,1,Active,170705.53,0,Retained
487,France,Male,37,6,0.0,2,1,Has Credit Card,1,Active,126477.41,0,Retained
729,France,Male,39,4,121404.64,1,1,Has Credit Card,1,Active,159618.17,0,Retained
505,Spain,Female,45,9,131355.3,3,1,Has Credit Card,0,Inactive,195395.33,1,Churned
580,France,Female,35,1,102097.33,1,0,No Credit Card,1,Active,168285.85,0,Retained
642,France,Male,40,1,154863.15,1,1,Has Credit Card,1,Active,138052.51,0,Retained
850,Spain,Female,41,3,99945.93,2,1,Has Credit Card,0,Inactive,71179.31,0,Retained
616,Germany,Male,39,2,121704.32,2,1,Has Credit Card,0,Inactive,55556.3,0,Retained
526,Spain,Female,43,3,0.0,2,1,Has Credit Card,0,Inactive,31705.19,0,Retained
523,Germany,Male,35,8,138782.76,1,1,Has Credit Card,1,Active,186118.93,0,Retained
663,France,Male,35,9,0.0,2,1,Has Credit Card,1,Active,195580.28,0,Retained
840,France,Male,30,8,136291.71,1,1,Has Credit Card,0,Inactive,54113.38,0,Retained
570,Germany,Male,42,0,107856.57,2,1,Has Credit Card,0,Inactive,127528.84,0,Retained
676,Germany,Female,26,1,108348.66,1,0,No Credit Card,0,Inactive,60231.74,1,Churned
689,France,Male,47,1,93871.95,3,1,Has Credit Card,0,Inactive,156878.42,1,Churned
703,Spain,Female,45,1,0.0,1,1,Has Credit Card,0,Inactive,182784.11,1,Churned
491,Germany,Male,19,2,125860.2,1,0,No Credit Card,0,Inactive,129690.5,0,Retained
584,France,Male,49,8,172713.44,1,1,Has Credit Card,0,Inactive,113860.81,0,Retained
810,France,Female,51,5,0.0,2,0,No Credit Card,1,Active,184524.74,0,Retained
745,Spain,Female,59,8,0.0,1,1,Has Credit Card,1,Active,36124.98,0,Retained
625,France,Female,39,3,130786.92,1,0,No Credit Card,1,Active,121316.07,0,Retained
535,France,Female,29,2,112367.34,1,1,Has Credit Card,0,Inactive,185630.76,0,Retained
729,Spain,Female,45,7,91091.06,2,1,Has Credit Card,0,Inactive,71133.12,0,Retained
655,France,Female,26,7,106198.5,1,0,No Credit Card,1,Active,32020.42,0,Retained
751,France,Male,47,5,142669.93,2,1,Has Credit Card,0,Inactive,162760.96,0,Retained
525,France,Male,33,1,112833.35,1,0,No Credit Card,1,Active,175178.56,0,Retained
532,France,Female,40,5,0.0,2,0,No Credit Card,1,Active,177099.71,0,Retained
696,Spain,Female,43,4,0.0,2,1,Has Credit Card,1,Active,66406.37,0,Retained
786,Germany,Female,32,2,104336.43,2,0,No Credit Card,0,Inactive,59559.81,0,Retained
580,France,Male,55,6,104305.74,1,0,No Credit Card,1,Active,175750.21,0,Retained
596,Germany,Male,47,5,140187.1,2,1,Has Credit Card,1,Active,174311.3,0,Retained
683,France,Male,39,4,0.0,2,1,Has Credit Card,0,Inactive,171716.81,0,Retained
747,France,Female,45,1,114959.12,1,1,Has Credit Card,0,Inactive,189362.39,1,Churned
602,France,Male,33,5,164704.38,1,0,No Credit Card,1,Active,180716.1,1,Churned
779,France,Male,62,10,119096.55,1,0,No Credit Card,1,Active,116977.89,0,Retained
551,France,Male,31,1,0.0,2,1,Has Credit Card,1,Active,185105.44,0,Retained
666,France,Male,47,2,0.0,1,1,Has Credit Card,0,Inactive,35046.97,1,Churned
526,Spain,Male,30,8,0.0,1,1,Has Credit Card,0,Inactive,36251.0,0,Retained
849,France,Female,41,9,115465.28,1,1,Has Credit Card,0,Inactive,103174.5,0,Retained
471,France,Female,27,4,0.0,2,1,Has Credit Card,0,Inactive,122642.09,0,Retained
628,Spain,Male,43,3,184926.61,1,1,Has Credit Card,0,Inactive,122937.57,0,Retained
674,Germany,Male,43,8,85957.88,2,1,Has Credit Card,0,Inactive,8757.39,0,Retained
797,France,Male,32,10,114084.6,1,0,No Credit Card,1,Active,125782.29,0,Retained
590,Spain,Female,29,2,166930.76,2,1,Has Credit Card,0,Inactive,122487.73,0,Retained
588,France,Female,27,8,0.0,1,1,Has Credit Card,0,Inactive,20066.38,0,Retained
577,France,Male,29,7,0.0,2,1,Has Credit Card,1,Active,55473.15,0,Retained
571,France,Female,38,6,107193.82,2,0,No Credit Card,0,Inactive,38962.94,0,Retained
680,France,Male,36,3,116275.12,1,1,Has Credit Card,1,Active,63795.8,0,Retained
648,Spain,Female,27,7,0.0,2,1,Has Credit Card,1,Active,163060.43,0,Retained
618,France,Male,39,2,91068.56,1,1,Has Credit Card,0,Inactive,26578.69,0,Retained
648,Germany,Male,41,5,123049.21,1,0,No Credit Card,1,Active,5066.76,0,Retained
759,France,Female,39,6,0.0,2,1,Has Credit Card,1,Active,140497.67,0,Retained
585,France,Male,40,7,0.0,2,0,No Credit Card,0,Inactive,146156.98,0,Retained
774,France,Female,42,3,137781.65,1,0,No Credit Card,0,Inactive,199316.19,0,Retained
697,Germany,Female,48,2,108128.96,2,1,Has Credit Card,1,Active,103944.37,0,Retained
605,Spain,Male,39,10,105317.73,2,1,Has Credit Card,0,Inactive,138021.36,0,Retained
676,France,Male,20,1,80569.73,1,0,No Credit Card,0,Inactive,68621.98,0,Retained
678,France,Female,22,4,174852.89,1,1,Has Credit Card,1,Active,28149.06,0,Retained
495,Spain,Female,45,3,89158.94,3,1,Has Credit Card,0,Inactive,135169.76,1,Churned
787,France,Female,85,10,0.0,2,1,Has Credit Card,1,Active,116537.96,0,Retained
770,France,Male,36,2,89800.14,1,1,Has Credit Card,1,Active,105922.69,0,Retained
817,Germany,Male,45,9,101207.75,1,0,No Credit Card,0,Inactive,88211.12,1,Churned
659,France,Male,43,1,106086.42,2,1,Has Credit Card,0,Inactive,26900.63,0,Retained
693,France,Male,21,1,0.0,2,1,Has Credit Card,1,Active,3494.02,0,Retained
744,France,Male,47,9,0.0,2,1,Has Credit Card,0,Inactive,113163.17,0,Retained
829,Spain,Female,26,8,101440.36,2,1,Has Credit Card,1,Active,19324.5,0,Retained
716,France,Male,38,4,0.0,2,1,Has Credit Card,0,Inactive,189678.7,0,Retained
671,France,Male,34,7,106603.74,2,1,Has Credit Card,1,Active,26387.71,0,Retained
835,Germany,Female,29,10,130420.2,2,0,No Credit Card,0,Inactive,106276.55,0,Retained
636,France,Female,38,1,0.0,1,1,Has Credit Card,0,Inactive,45015.38,0,Retained
649,Spain,Male,29,2,45022.23,1,1,Has Credit Card,1,Active,173495.77,0,Retained
621,Germany,Male,27,1,74298.43,1,1,Has Credit Card,1,Active,52581.96,0,Retained
658,Germany,Female,31,3,133003.03,1,0,No Credit Card,1,Active,146339.27,1,Churned
784,Spain,Male,48,7,0.0,2,1,Has Credit Card,1,Active,182609.97,0,Retained
783,Spain,Female,37,1,136689.66,1,1,Has Credit Card,0,Inactive,197890.65,0,Retained
615,France,Male,32,4,0.0,2,1,Has Credit Card,1,Active,6225.63,0,Retained
791,France,Female,44,5,0.0,2,1,Has Credit Card,1,Active,123977.86,1,Churned
762,France,Male,53,1,102520.37,1,1,Has Credit Card,1,Active,170195.4,0,Retained
607,France,Male,35,2,0.0,2,1,Has Credit Card,1,Active,114190.3,0,Retained
601,France,Female,34,5,0.0,2,1,Has Credit Card,0,Inactive,27022.57,0,Retained
540,Spain,Male,67,1,88382.01,1,0,No Credit Card,1,Active,59457.0,0,Retained
812,France,Male,44,4,115049.15,2,1,Has Credit Card,0,Inactive,165038.41,0,Retained
685,France,Male,58,1,104796.54,1,1,Has Credit Card,1,Active,154181.41,0,Retained
680,France,Male,33,1,123082.08,1,1,Has Credit Card,0,Inactive,134960.98,0,Retained
680,Spain,Female,58,8,0.0,2,1,Has Credit Card,1,Active,65708.5,0,Retained
631,France,Female,33,8,0.0,2,0,No Credit Card,0,Inactive,117374.22,0,Retained
569,France,Female,43,7,0.0,2,1,Has Credit Card,1,Active,77703.19,0,Retained
584,Germany,Male,33,3,88311.48,2,1,Has Credit Card,1,Active,177651.38,0,Retained
582,France,Female,40,9,0.0,3,1,Has Credit Card,1,Active,60954.45,0,Retained
609,France,Male,32,7,71872.19,1,1,Has Credit Card,1,Active,151924.9,0,Retained
506,Spain,Male,35,6,110046.93,2,1,Has Credit Card,0,Inactive,26318.73,0,Retained
503,France,Male,42,8,104430.08,1,1,Has Credit Card,1,Active,147557.71,0,Retained
503,France,Female,28,5,0.0,2,1,Has Credit Card,0,Inactive,125918.17,0,Retained
806,Germany,Male,31,10,138653.51,1,1,Has Credit Card,0,Inactive,190803.37,0,Retained
653,France,Female,31,7,102575.04,1,1,Has Credit Card,1,Active,11043.54,0,Retained
666,France,Male,43,7,137780.74,2,1,Has Credit Card,1,Active,119100.05,1,Churned
674,Spain,Male,32,2,0.0,2,1,Has Credit Card,0,Inactive,140579.17,0,Retained
798,France,Male,32,7,0.0,2,0,No Credit Card,1,Active,37731.95,0,Retained
740,France,Female,30,8,105209.54,1,1,Has Credit Card,0,Inactive,1852.58,0,Retained
531,Germany,Female,32,0,109570.21,2,1,Has Credit Card,1,Active,172049.84,0,Retained
614,Germany,Female,44,6,118715.86,1,1,Has Credit Card,0,Inactive,133591.11,1,Churned
556,France,Male,35,10,0.0,2,1,Has Credit Card,1,Active,192751.18,0,Retained
678,Germany,Female,43,2,153393.18,2,1,Has Credit Card,1,Active,193828.27,0,Retained
587,Germany,Male,33,6,132603.36,1,1,Has Credit Card,0,Inactive,55775.72,0,Retained
527,Spain,Female,36,6,0.0,2,1,Has Credit Card,1,Active,102280.29,0,Retained
757,Germany,Female,34,1,129398.01,2,0,No Credit Card,0,Inactive,44965.44,0,Retained
468,Spain,Male,28,3,0.0,2,1,Has Credit Card,0,Inactive,170661.02,0,Retained
693,France,Male,29,2,151352.74,1,0,No Credit Card,0,Inactive,197145.89,0,Retained
483,France,Female,44,5,136836.49,1,1,Has Credit Card,0,Inactive,192359.9,1,Churned
466,France,Male,40,4,91592.06,1,1,Has Credit Card,0,Inactive,141210.18,1,Churned
770,France,Female,30,8,0.0,2,1,Has Credit Card,0,Inactive,100557.03,0,Retained
734,France,Female,54,3,0.0,1,1,Has Credit Card,0,Inactive,130805.54,1,Churned
716,France,Female,22,8,0.0,2,1,Has Credit Card,1,Active,92606.98,0,Retained
439,France,Male,36,2,165536.28,2,1,Has Credit Card,1,Active,123956.83,0,Retained
538,Germany,Male,25,5,62482.95,1,1,Has Credit Card,1,Active,102758.43,0,Retained
743,France,Male,40,8,68155.59,1,1,Has Credit Card,0,Inactive,94876.65,0,Retained
734,Spain,Female,43,3,55853.33,2,0,No Credit Card,1,Active,94811.85,1,Churned
656,France,Male,37,2,0.0,2,0,No Credit Card,1,Active,67840.81,0,Retained
666,France,Female,31,2,79589.43,1,0,No Credit Card,0,Inactive,4050.57,0,Retained
627,Spain,Male,41,5,100880.76,1,0,No Credit Card,1,Active,134665.25,0,Retained
480,Germany,Female,25,3,174330.35,2,0,No Credit Card,0,Inactive,181647.13,0,Retained
792,France,Male,19,7,143390.51,1,1,Has Credit Card,0,Inactive,33282.84,0,Retained
613,Germany,Male,59,8,91415.76,1,0,No Credit Card,0,Inactive,27965.0,1,Churned
476,Germany,Male,30,3,134366.42,1,1,Has Credit Card,0,Inactive,68343.53,0,Retained
539,France,Female,24,3,0.0,2,1,Has Credit Card,1,Active,198161.07,0,Retained
696,Spain,Male,60,8,88786.81,1,1,Has Credit Card,1,Active,196858.4,0,Retained
810,Germany,Male,35,3,96814.46,2,1,Has Credit Card,1,Active,120511.03,0,Retained
763,Germany,Male,32,9,160680.41,1,1,Has Credit Card,0,Inactive,30886.35,0,Retained
640,France,Female,29,3,0.0,2,1,Has Credit Card,0,Inactive,2743.69,0,Retained
655,France,Female,47,10,0.0,2,1,Has Credit Card,0,Inactive,167778.62,0,Retained
526,Germany,Male,31,5,145537.21,1,1,Has Credit Card,0,Inactive,132404.64,0,Retained
678,France,Female,28,4,0.0,2,1,Has Credit Card,1,Active,144423.17,1,Churned
554,France,Female,45,6,0.0,2,1,Has Credit Card,1,Active,181204.5,0,Retained
597,Spain,Female,30,2,119370.11,1,1,Has Credit Card,1,Active,182726.22,1,Churned
560,Spain,Female,28,1,0.0,2,1,Has Credit Card,1,Active,120880.72,0,Retained
850,Germany,Female,47,10,134381.52,1,0,No Credit Card,0,Inactive,26812.89,1,Churned
546,Germany,Female,74,8,114888.74,2,1,Has Credit Card,1,Active,66732.63,1,Churned
623,Germany,Male,42,1,149332.48,2,1,Has Credit Card,0,Inactive,100834.22,0,Retained
698,France,Female,40,7,105061.74,3,1,Has Credit Card,0,Inactive,107815.31,1,Churned
620,France,Male,32,7,0.0,2,1,Has Credit Card,1,Active,34665.79,0,Retained
619,France,Female,40,10,0.0,1,1,Has Credit Card,1,Active,147093.84,1,Churned
561,France,Male,21,4,0.0,1,1,Has Credit Card,1,Active,36942.35,0,Retained
753,France,Female,39,7,155062.8,1,1,Has Credit Card,1,Active,16460.77,0,Retained
721,Spain,Male,43,3,88798.34,1,0,No Credit Card,0,Inactive,45610.63,0,Retained
451,France,Male,33,6,0.0,2,1,Has Credit Card,0,Inactive,184954.11,0,Retained
680,Germany,Female,51,5,143139.87,1,0,No Credit Card,0,Inactive,47795.43,1,Churned
590,Spain,Female,23,7,0.0,2,1,Has Credit Card,0,Inactive,196789.9,0,Retained
634,Germany,Male,27,3,107027.52,1,1,Has Credit Card,0,Inactive,173425.68,0,Retained
676,France,Male,29,4,140720.93,1,1,Has Credit Card,0,Inactive,36221.18,0,Retained
642,France,Male,30,8,80964.57,2,1,Has Credit Card,0,Inactive,174738.2,0,Retained
760,France,Male,39,6,178585.46,1,1,Has Credit Card,0,Inactive,67131.3,1,Churned
736,Spain,Female,26,4,135889.13,1,1,Has Credit Card,1,Active,165692.03,0,Retained
656,France,Male,43,7,134919.85,1,1,Has Credit Card,0,Inactive,194691.95,0,Retained
776,Germany,Male,33,8,115130.34,1,0,No Credit Card,0,Inactive,129525.5,1,Churned
832,Spain,Female,34,6,138190.13,2,0,No Credit Card,1,Active,146511.2,0,Retained
631,Germany,Male,37,9,131519.49,2,1,Has Credit Card,1,Active,51752.18,0,Retained
795,Spain,Female,56,5,0.0,1,1,Has Credit Card,0,Inactive,35418.69,1,Churned
648,Germany,Female,39,3,126935.98,2,0,No Credit Card,1,Active,57995.74,0,Retained
615,France,Male,39,4,133707.09,1,1,Has Credit Card,1,Active,108152.75,0,Retained
682,France,Female,27,1,97893.2,1,1,Has Credit Card,0,Inactive,166144.98,0,Retained
694,France,Male,34,5,127900.03,1,1,Has Credit Card,0,Inactive,101737.8,0,Retained
694,France,Male,37,10,143835.47,1,0,No Credit Card,1,Active,33326.71,0,Retained
607,France,Male,44,0,0.0,2,1,Has Credit Card,1,Active,81140.09,0,Retained
664,France,Male,48,10,0.0,1,1,Has Credit Card,0,Inactive,140173.17,1,Churned
756,France,Male,60,2,0.0,1,1,Has Credit Card,1,Active,166513.49,1,Churned
645,France,Female,40,3,129596.77,1,1,Has Credit Card,1,Active,103232.6,0,Retained
653,Spain,Male,30,4,0.0,2,1,Has Credit Card,0,Inactive,120736.04,0,Retained
710,Germany,Female,24,2,110407.44,2,0,No Credit Card,0,Inactive,15832.43,1,Churned
697,France,Female,76,7,0.0,2,0,No Credit Card,1,Active,188772.45,0,Retained
619,Germany,Female,41,8,142015.76,2,1,Has Credit Card,0,Inactive,114323.66,0,Retained
648,Spain,Male,55,1,81370.07,1,0,No Credit Card,1,Active,181534.04,0,Retained
482,Germany,Female,48,2,69329.47,1,0,No Credit Card,0,Inactive,102640.52,1,Churned
548,France,Female,28,8,116755.5,2,1,Has Credit Card,1,Active,158585.17,1,Churned
752,Spain,Male,44,6,83870.33,1,1,Has Credit Card,0,Inactive,178722.24,0,Retained
648,France,Female,39,6,130694.89,2,1,Has Credit Card,1,Active,153955.38,1,Churned
643,Spain,Female,34,8,117451.47,1,1,Has Credit Card,0,Inactive,65374.86,0,Retained
573,Germany,Female,35,9,206868.78,2,0,No Credit Card,1,Active,102986.15,0,Retained
686,France,Female,39,3,111695.62,1,0,No Credit Card,0,Inactive,136643.84,0,Retained
644,France,Female,40,9,137285.26,4,1,Has Credit Card,0,Inactive,77063.63,1,Churned
702,France,Female,29,6,149218.39,1,1,Has Credit Card,1,Active,9633.01,0,Retained
652,France,Male,51,7,0.0,2,0,No Credit Card,1,Active,43496.36,0,Retained
641,Spain,Male,32,7,0.0,2,1,Has Credit Card,1,Active,24267.28,0,Retained
692,Germany,Female,41,8,130701.29,1,1,Has Credit Card,0,Inactive,59354.24,1,Churned
574,Spain,Male,34,5,0.0,2,0,No Credit Card,0,Inactive,28269.86,0,Retained
643,France,Female,31,3,167949.48,1,1,Has Credit Card,0,Inactive,143162.34,0,Retained
834,France,Male,23,4,131254.81,1,1,Has Credit Card,0,Inactive,20199.3,0,Retained
591,France,Male,28,5,0.0,2,1,Has Credit Card,1,Active,48606.92,0,Retained
470,Spain,Male,34,9,0.0,2,0,No Credit Card,1,Active,89013.67,0,Retained
608,Spain,Male,34,7,86656.13,1,0,No Credit Card,1,Active,59890.29,0,Retained
649,Germany,Female,37,8,114737.26,1,1,Has Credit Card,1,Active,106655.88,1,Churned
665,France,Female,38,5,0.0,2,1,Has Credit Card,0,Inactive,156439.56,0,Retained
651,France,Female,39,6,0.0,1,1,Has Credit Card,0,Inactive,24176.44,0,Retained
555,Germany,Male,62,4,119817.33,1,0,No Credit Card,1,Active,43507.1,1,Churned
637,France,Female,48,7,130806.99,2,1,Has Credit Card,1,Active,132005.85,1,Churned
675,France,Female,49,0,0.0,1,1,Has Credit Card,1,Active,80496.71,1,Churned
677,Spain,Male,40,5,0.0,2,1,Has Credit Card,0,Inactive,88947.56,0,Retained
850,Germany,Female,35,2,80931.75,1,0,No Credit Card,0,Inactive,12639.67,1,Churned
815,France,Female,56,3,0.0,3,1,Has Credit Card,1,Active,94248.16,1,Churned
665,Germany,Male,32,1,132178.67,1,0,No Credit Card,0,Inactive,11865.76,0,Retained
485,France,Female,27,3,0.0,2,1,Has Credit Card,0,Inactive,141449.86,0,Retained
577,Spain,Male,43,6,0.0,2,1,Has Credit Card,1,Active,149457.81,0,Retained
586,France,Female,35,7,164769.02,3,1,Has Credit Card,0,Inactive,119814.25,1,Churned
722,Germany,Male,29,1,107233.85,2,1,Has Credit Card,0,Inactive,24924.92,0,Retained
528,France,Female,27,7,176227.07,2,0,No Credit Card,1,Active,139481.53,0,Retained
542,France,Female,39,4,109949.39,2,1,Has Credit Card,1,Active,41268.65,0,Retained
552,France,Female,34,5,0.0,2,1,Has Credit Card,1,Active,1351.41,0,Retained
678,France,Female,60,10,117738.81,1,1,Has Credit Card,0,Inactive,147489.76,1,Churned
575,Spain,Female,37,9,133292.45,1,1,Has Credit Card,0,Inactive,111175.09,0,Retained
669,France,Female,43,1,160474.59,1,1,Has Credit Card,1,Active,95963.14,0,Retained
636,France,Male,43,6,0.0,2,1,Has Credit Card,0,Inactive,43128.95,0,Retained
667,Germany,Male,55,9,154393.43,1,1,Has Credit Card,1,Active,137674.96,1,Churned
652,Germany,Female,45,9,110827.49,1,1,Has Credit Card,1,Active,153383.54,1,Churned
637,Germany,Female,36,10,145750.45,2,1,Has Credit Card,1,Active,96660.76,0,Retained
516,Spain,Female,45,8,109044.3,1,0,No Credit Card,1,Active,115818.16,0,Retained
801,France,Female,32,4,75170.54,1,1,Has Credit Card,1,Active,37898.5,0,Retained
692,France,Female,42,2,0.0,2,1,Has Credit Card,0,Inactive,145222.93,0,Retained
585,France,Female,28,6,105795.9,1,1,Has Credit Card,1,Active,41219.09,0,Retained
590,France,Male,32,5,0.0,2,1,Has Credit Card,0,Inactive,59249.83,0,Retained
554,Spain,Male,66,8,0.0,2,1,Has Credit Card,1,Active,116747.62,0,Retained
659,France,Female,49,1,0.0,1,1,Has Credit Card,0,Inactive,116249.72,1,Churned
690,France,Female,26,3,118097.87,1,1,Has Credit Card,0,Inactive,61257.83,0,Retained
697,Germany,Male,29,0,172693.54,1,0,No Credit Card,0,Inactive,141798.98,0,Retained
610,France,Male,36,4,129440.3,2,1,Has Credit Card,0,Inactive,102638.35,0,Retained
599,Spain,Male,36,4,0.0,2,0,No Credit Card,0,Inactive,13210.56,0,Retained
544,France,Male,23,1,96471.2,1,1,Has Credit Card,0,Inactive,35550.97,0,Retained
548,France,Female,46,1,0.0,1,1,Has Credit Card,1,Active,104469.06,1,Churned
635,Spain,Male,24,4,140197.18,1,1,Has Credit Card,1,Active,142935.83,0,Retained
722,France,Male,20,6,0.0,2,1,Has Credit Card,0,Inactive,195486.28,0,Retained
564,France,Female,33,4,135946.26,1,1,Has Credit Card,0,Inactive,63170.0,0,Retained
719,France,Male,69,3,0.0,2,1,Has Credit Card,1,Active,58320.06,0,Retained
547,Germany,Male,50,3,81290.02,3,0,No Credit Card,1,Active,177747.03,1,Churned
850,France,Female,42,8,0.0,1,1,Has Credit Card,0,Inactive,19632.64,1,Churned
515,Germany,Male,60,9,113715.36,1,1,Has Credit Card,0,Inactive,18424.24,1,Churned
667,Spain,Male,56,2,168883.08,1,0,No Credit Card,1,Active,18897.78,0,Retained
607,Germany,Male,36,8,143421.74,1,1,Has Credit Card,0,Inactive,97879.02,0,Retained
525,France,Male,26,7,153644.39,1,1,Has Credit Card,1,Active,63197.88,0,Retained
606,Spain,Female,53,1,109330.06,1,1,Has Credit Card,1,Active,75860.01,0,Retained
686,Germany,Female,27,1,115095.88,2,0,No Credit Card,0,Inactive,78622.46,0,Retained
611,France,Male,35,10,0.0,1,1,Has Credit Card,1,Active,23598.23,1,Churned
827,Spain,Male,46,1,183276.32,1,1,Has Credit Card,1,Active,13460.27,0,Retained
572,France,Male,33,9,68193.72,1,1,Has Credit Card,0,Inactive,19998.31,0,Retained
726,France,Female,32,8,0.0,2,0,No Credit Card,0,Inactive,185075.63,0,Retained
579,Germany,Male,31,6,139729.54,1,0,No Credit Card,1,Active,135815.38,0,Retained
598,Spain,Female,56,4,98365.33,1,1,Has Credit Card,1,Active,44251.33,0,Retained
663,France,Male,36,10,0.0,2,1,Has Credit Card,0,Inactive,136349.55,0,Retained
505,Germany,Female,37,10,122453.97,2,1,Has Credit Card,1,Active,52693.99,0,Retained
576,Germany,Male,30,7,132174.41,2,0,No Credit Card,0,Inactive,93767.03,0,Retained
555,Spain,Female,24,2,0.0,2,0,No Credit Card,1,Active,197866.55,0,Retained
524,France,Male,30,1,0.0,2,1,Has Credit Card,0,Inactive,126812.85,0,Retained
776,Spain,Male,39,2,104349.45,1,0,No Credit Card,0,Inactive,79503.05,0,Retained
645,Germany,Female,41,2,138881.04,1,1,Has Credit Card,0,Inactive,129936.53,1,Churned
850,Germany,Female,32,0,116968.91,1,0,No Credit Card,0,Inactive,175094.62,0,Retained
603,Germany,Male,35,1,105346.03,2,1,Has Credit Card,1,Active,130379.5,0,Retained
691,France,Male,26,9,136623.19,1,1,Has Credit Card,0,Inactive,153228.0,0,Retained
583,France,Female,29,10,0.0,2,1,Has Credit Card,1,Active,111285.85,0,Retained
584,France,Female,66,5,0.0,1,1,Has Credit Card,0,Inactive,49553.38,1,Churned
679,France,Female,33,6,0.0,2,1,Has Credit Card,1,Active,98015.85,0,Retained
646,France,Male,36,6,124445.52,1,1,Has Credit Card,0,Inactive,88481.32,0,Retained
559,France,Female,34,5,68999.66,2,1,Has Credit Card,1,Active,66879.27,0,Retained
595,Spain,Male,36,6,85768.42,1,1,Has Credit Card,1,Active,24802.77,0,Retained
527,France,Male,47,1,0.0,1,1,Has Credit Card,0,Inactive,21312.16,1,Churned
684,Spain,Male,34,9,100628.0,2,1,Has Credit Card,1,Active,190263.78,0,Retained
673,Spain,Female,32,0,0.0,1,1,Has Credit Card,1,Active,72873.33,0,Retained
802,Spain,Male,38,7,0.0,2,0,No Credit Card,1,Active,57764.65,0,Retained
675,France,Male,54,6,0.0,1,1,Has Credit Card,0,Inactive,110273.84,1,Churned
762,Spain,Female,19,6,0.0,2,1,Has Credit Card,0,Inactive,55500.17,0,Retained
580,France,Male,50,0,125647.36,1,1,Has Credit Card,0,Inactive,57541.08,1,Churned
621,Germany,Female,31,8,100375.39,1,1,Has Credit Card,1,Active,90384.26,0,Retained
411,France,Female,36,10,0.0,1,0,No Credit Card,0,Inactive,120694.35,0,Retained
815,France,Male,24,7,171922.72,1,0,No Credit Card,1,Active,178028.96,0,Retained
631,Germany,Female,32,2,146810.99,2,1,Has Credit Card,1,Active,180990.29,0,Retained
514,Germany,Female,45,3,109032.23,1,0,No Credit Card,1,Active,155407.21,1,Churned
638,France,Male,57,6,0.0,1,1,Has Credit Card,0,Inactive,33676.48,1,Churned
791,Spain,Male,25,7,0.0,1,1,Has Credit Card,0,Inactive,89666.28,0,Retained
516,France,Male,35,5,128653.59,1,1,Has Credit Card,0,Inactive,127558.26,0,Retained
734,France,Male,37,3,80387.81,1,0,No Credit Card,1,Active,77272.62,0,Retained
611,France,Male,58,8,0.0,2,0,No Credit Card,1,Active,107665.68,1,Churned
850,Germany,Male,43,0,108508.82,3,1,Has Credit Card,0,Inactive,184044.8,1,Churned
641,France,Male,31,10,155978.17,1,1,Has Credit Card,0,Inactive,91510.71,0,Retained
585,France,Female,38,5,0.0,1,1,Has Credit Card,1,Active,87363.56,0,Retained
552,Germany,Male,50,4,121175.56,1,1,Has Credit Card,0,Inactive,117505.07,1,Churned
507,France,Female,29,4,89349.47,2,0,No Credit Card,0,Inactive,180626.68,0,Retained
735,Spain,Male,38,7,86131.71,2,0,No Credit Card,0,Inactive,93478.96,0,Retained
707,France,Female,58,3,102346.86,1,1,Has Credit Card,1,Active,114672.64,0,Retained
698,Germany,Female,36,7,121263.62,1,1,Has Credit Card,1,Active,13387.88,0,Retained
841,France,Male,31,2,0.0,2,1,Has Credit Card,0,Inactive,173240.52,0,Retained
688,Spain,Female,33,2,0.0,1,0,No Credit Card,0,Inactive,27557.18,1,Churned
614,France,Male,51,3,0.0,2,1,Has Credit Card,1,Active,5552.37,0,Retained
511,Germany,Male,48,6,149726.08,1,0,No Credit Card,0,Inactive,88307.87,1,Churned
447,France,Male,43,2,0.0,2,1,Has Credit Card,0,Inactive,33879.26,1,Churned
738,France,Male,35,5,161274.05,2,1,Has Credit Card,0,Inactive,181429.87,0,Retained
422,France,Female,33,2,0.0,2,1,Has Credit Card,0,Inactive,102655.31,0,Retained
537,Spain,Male,30,1,103138.17,1,1,Has Credit Card,1,Active,96555.42,0,Retained
707,Germany,Female,40,3,109628.44,1,1,Has Credit Card,0,Inactive,189366.03,0,Retained
690,France,Male,54,5,0.0,1,1,Has Credit Card,0,Inactive,12847.61,1,Churned
664,Germany,Male,33,7,97286.16,2,1,Has Credit Card,0,Inactive,143433.33,0,Retained
850,France,Female,33,7,118004.26,1,1,Has Credit Card,0,Inactive,183983.82,0,Retained
584,Spain,Male,32,9,85534.83,1,0,No Credit Card,0,Inactive,169137.24,0,Retained
728,France,Female,59,4,0.0,1,1,Has Credit Card,1,Active,163365.85,1,Churned
560,Spain,Female,43,4,95140.44,2,1,Has Credit Card,0,Inactive,123181.44,1,Churned
629,France,Female,31,6,0.0,1,1,Has Credit Card,1,Active,16447.6,1,Churned
658,France,Male,25,3,0.0,2,0,No Credit Card,1,Active,173948.4,0,Retained
794,Germany,Female,54,1,75900.84,1,1,Has Credit Card,1,Active,192154.66,0,Retained
790,France,Female,41,2,126619.27,1,1,Has Credit Card,0,Inactive,198224.38,0,Retained
640,France,Male,44,7,111833.47,1,1,Has Credit Card,0,Inactive,67202.74,0,Retained
652,Spain,Male,37,7,0.0,2,1,Has Credit Card,0,Inactive,68789.93,0,Retained
583,France,Female,57,3,238387.56,1,0,No Credit Card,1,Active,147964.99,1,Churned
775,France,Female,32,2,108698.96,2,1,Has Credit Card,1,Active,161069.73,0,Retained
584,France,Female,39,2,112687.69,1,1,Has Credit Card,1,Active,127749.61,0,Retained
635,Germany,Female,48,4,81556.89,2,1,Has Credit Card,0,Inactive,191914.37,0,Retained
814,France,Male,48,9,136596.85,1,1,Has Credit Card,1,Active,185791.9,0,Retained
735,Germany,Female,43,9,98807.45,1,0,No Credit Card,0,Inactive,184570.04,1,Churned
678,France,Female,31,1,0.0,2,0,No Credit Card,1,Active,130446.65,0,Retained
693,France,Male,37,1,0.0,2,1,Has Credit Card,1,Active,82867.55,0,Retained
640,France,Female,30,6,107499.7,1,1,Has Credit Card,1,Active,187632.22,0,Retained
773,Spain,Female,23,8,0.0,2,1,Has Credit Card,0,Inactive,56759.79,0,Retained
736,France,Female,30,9,0.0,2,1,Has Credit Card,0,Inactive,34180.33,0,Retained
693,France,Female,28,8,0.0,2,1,Has Credit Card,1,Active,158545.25,0,Retained
496,France,Female,41,1,176024.05,2,1,Has Credit Card,0,Inactive,182337.98,0,Retained
751,France,Female,39,3,0.0,2,1,Has Credit Card,1,Active,84175.34,0,Retained
528,Germany,Male,39,0,127631.62,1,0,No Credit Card,1,Active,22197.8,1,Churned
754,Spain,Female,19,9,0.0,1,1,Has Credit Card,0,Inactive,189641.11,0,Retained
568,Germany,Female,26,10,109819.16,2,1,Has Credit Card,0,Inactive,154491.39,0,Retained
592,Spain,Female,41,2,138734.94,1,1,Has Credit Card,0,Inactive,90020.74,0,Retained
558,Germany,Male,25,10,111363.1,2,1,Has Credit Card,0,Inactive,197264.35,0,Retained
825,France,Male,34,9,0.0,2,1,Has Credit Card,1,Active,31933.06,0,Retained
677,Germany,Male,28,0,143988.0,2,1,Has Credit Card,0,Inactive,8755.69,1,Churned
653,France,Male,34,5,118838.75,1,1,Has Credit Card,1,Active,52820.13,0,Retained
593,Spain,Male,35,4,161637.75,1,1,Has Credit Card,1,Active,20008.46,0,Retained
632,France,Female,44,3,133793.89,1,1,Has Credit Card,1,Active,34607.14,1,Churned
601,Germany,Male,35,8,71553.83,1,1,Has Credit Card,0,Inactive,177384.45,0,Retained
786,France,Female,62,8,0.0,1,1,Has Credit Card,1,Active,165702.64,0,Retained
654,France,Female,40,3,0.0,2,1,Has Credit Card,0,Inactive,167889.1,0,Retained
572,France,Female,38,7,0.0,2,1,Has Credit Card,1,Active,133122.62,0,Retained
813,France,Female,62,10,64667.95,2,0,No Credit Card,1,Active,140454.14,0,Retained
523,France,Female,28,2,121164.11,1,1,Has Credit Card,1,Active,59938.81,0,Retained
506,Spain,Male,50,3,0.0,2,1,Has Credit Card,0,Inactive,12016.79,0,Retained
513,Spain,Male,72,3,98903.06,1,1,Has Credit Card,1,Active,81251.24,0,Retained
664,France,Female,31,7,104158.84,1,1,Has Credit Card,0,Inactive,134169.85,0,Retained
684,France,Male,54,6,0.0,2,1,Has Credit Card,1,Active,94888.6,0,Retained
608,Spain,Female,63,3,139529.93,2,1,Has Credit Card,1,Active,175696.16,1,Churned
527,France,Female,25,6,0.0,2,0,No Credit Card,1,Active,96758.58,0,Retained
666,France,Male,53,5,64646.7,1,1,Has Credit Card,0,Inactive,128019.48,1,Churned
779,France,Male,71,3,0.0,2,1,Has Credit Card,1,Active,146895.36,1,Churned
629,France,Female,40,6,0.0,2,1,Has Credit Card,1,Active,139356.3,0,Retained
430,France,Male,35,1,118894.22,1,0,No Credit Card,0,Inactive,2923.61,0,Retained
712,France,Male,24,2,0.0,1,0,No Credit Card,1,Active,121232.51,0,Retained
682,France,Male,30,9,0.0,2,1,Has Credit Card,1,Active,2053.42,0,Retained
634,France,Female,41,8,68213.99,1,1,Has Credit Card,1,Active,6382.46,0,Retained
487,Spain,Female,31,1,0.0,2,1,Has Credit Card,0,Inactive,158750.13,0,Retained
808,Spain,Male,47,8,139196.0,1,0,No Credit Card,1,Active,74028.36,0,Retained
527,France,Female,32,7,0.0,2,1,Has Credit Card,1,Active,44099.75,0,Retained
637,Germany,Male,50,4,126345.55,1,0,No Credit Card,1,Active,17323.0,1,Churned
802,Spain,Male,40,5,0.0,2,1,Has Credit Card,1,Active,175043.69,0,Retained
529,France,Female,38,2,0.0,1,1,Has Credit Card,0,Inactive,146388.85,1,Churned
850,France,Female,43,3,0.0,2,0,No Credit Card,0,Inactive,2465.8,0,Retained
738,France,Male,18,4,0.0,2,1,Has Credit Card,1,Active,47799.15,0,Retained
817,France,Male,34,5,129278.43,1,0,No Credit Card,0,Inactive,165562.84,0,Retained
735,France,Male,31,3,119558.35,1,0,No Credit Card,0,Inactive,72927.68,0,Retained
619,Germany,Female,41,5,92467.58,1,1,Has Credit Card,0,Inactive,38270.47,0,Retained
671,France,Male,27,5,0.0,2,0,No Credit Card,0,Inactive,120893.07,0,Retained
581,Spain,Female,31,6,0.0,2,1,Has Credit Card,0,Inactive,188377.21,0,Retained
690,Spain,Male,36,10,0.0,2,1,Has Credit Card,0,Inactive,55902.93,0,Retained
579,Spain,Male,56,4,99340.83,1,0,No Credit Card,0,Inactive,4523.74,1,Churned
688,Spain,Female,24,3,0.0,2,1,Has Credit Card,1,Active,102195.16,0,Retained
599,Spain,Female,28,4,126833.79,2,1,Has Credit Card,0,Inactive,60843.09,1,Churned
729,Germany,Male,29,5,109676.52,1,1,Has Credit Card,1,Active,25548.47,0,Retained
718,France,Female,29,3,0.0,1,0,No Credit Card,1,Active,134462.29,0,Retained
712,Germany,Male,53,6,134729.99,2,1,Has Credit Card,1,Active,132702.64,0,Retained
474,France,Male,37,3,98431.37,1,0,No Credit Card,0,Inactive,75698.44,0,Retained
565,Germany,Male,33,8,130368.31,2,1,Has Credit Card,0,Inactive,105642.43,0,Retained
658,France,Female,31,7,123974.96,1,1,Has Credit Card,0,Inactive,102153.75,0,Retained
714,France,Male,63,4,138082.16,1,0,No Credit Card,1,Active,166677.54,0,Retained
725,France,Male,45,1,129855.32,1,0,No Credit Card,0,Inactive,24218.65,0,Retained
825,France,Male,40,6,132308.22,1,0,No Credit Card,0,Inactive,117122.5,0,Retained
665,Germany,Female,45,5,155447.65,2,1,Has Credit Card,0,Inactive,51871.95,1,Churned
670,Spain,Male,35,2,124268.64,2,0,No Credit Card,1,Active,84321.03,0,Retained
474,Germany,Female,34,9,176311.36,1,1,Has Credit Card,0,Inactive,160213.27,0,Retained
591,France,Male,40,2,99886.42,2,1,Has Credit Card,1,Active,88695.19,0,Retained
508,France,Female,31,7,0.0,2,1,Has Credit Card,1,Active,6123.15,0,Retained
695,France,Female,36,2,0.0,2,0,No Credit Card,1,Active,167749.54,0,Retained
660,Germany,Male,24,5,85089.3,1,1,Has Credit Card,1,Active,71638.0,0,Retained
687,Germany,Male,41,10,134318.21,2,1,Has Credit Card,1,Active,198064.52,0,Retained
658,Germany,Male,29,5,75395.53,2,0,No Credit Card,1,Active,54914.92,0,Retained
705,Germany,Female,33,5,116765.7,1,0,No Credit Card,0,Inactive,190659.17,1,Churned
739,Spain,Male,60,4,0.0,1,1,Has Credit Card,1,Active,51637.67,0,Retained
844,France,Male,38,7,111501.66,1,1,Has Credit Card,1,Active,119333.38,0,Retained
602,Germany,Female,48,7,76595.08,2,0,No Credit Card,0,Inactive,127095.14,0,Retained
759,France,Female,33,9,160541.36,2,0,No Credit Card,0,Inactive,93541.14,0,Retained
747,Germany,Male,38,2,129728.6,1,1,Has Credit Card,0,Inactive,89289.54,0,Retained
673,France,Male,47,1,0.0,2,0,No Credit Card,0,Inactive,108762.16,0,Retained
671,Spain,Female,34,5,130929.02,4,1,Has Credit Card,1,Active,28238.25,1,Churned
640,Germany,Female,74,2,116800.25,1,1,Has Credit Card,1,Active,34130.43,0,Retained
581,Germany,Male,40,0,101016.53,1,0,No Credit Card,1,Active,7926.35,1,Churned
630,France,Male,67,5,0.0,2,1,Has Credit Card,1,Active,27330.27,0,Retained
703,France,Female,33,8,190566.65,1,1,Has Credit Card,1,Active,79997.14,0,Retained
698,Spain,Female,47,6,0.0,1,1,Has Credit Card,0,Inactive,50213.81,1,Churned
742,Germany,Female,43,6,97067.69,1,0,No Credit Card,1,Active,60920.03,1,Churned
652,France,Female,37,4,92208.54,1,0,No Credit Card,1,Active,197699.8,1,Churned
644,France,Male,37,2,186347.97,2,1,Has Credit Card,0,Inactive,92809.73,0,Retained
735,Spain,Male,55,2,103176.62,1,0,No Credit Card,1,Active,163516.16,0,Retained
777,France,Female,58,4,0.0,1,1,Has Credit Card,1,Active,62449.07,1,Churned
644,Germany,Female,40,4,77270.08,2,1,Has Credit Card,1,Active,115800.1,1,Churned
665,Germany,Female,37,3,111911.63,1,1,Has Credit Card,1,Active,110359.68,1,Churned
529,Germany,Male,72,5,94216.05,1,1,Has Credit Card,1,Active,78695.68,0,Retained
803,Spain,Female,45,7,0.0,2,1,Has Credit Card,1,Active,128378.04,0,Retained
604,Spain,Female,26,3,0.0,2,1,Has Credit Card,0,Inactive,155248.62,0,Retained
738,France,Male,49,6,106770.82,1,1,Has Credit Card,0,Inactive,123499.27,0,Retained
655,Germany,Female,72,5,138089.97,2,1,Has Credit Card,1,Active,99920.41,0,Retained
698,Germany,Male,39,9,133191.19,2,0,No Credit Card,1,Active,53289.49,0,Retained
775,France,Female,66,9,0.0,2,1,Has Credit Card,1,Active,67622.34,0,Retained
735,France,Male,41,7,74135.85,1,1,Has Credit Card,1,Active,11783.1,1,Churned
766,Spain,Male,41,6,99208.46,2,1,Has Credit Card,0,Inactive,62402.38,0,Retained
537,Germany,Male,84,8,92242.34,1,1,Has Credit Card,1,Active,186235.98,0,Retained
599,Germany,Male,25,7,108380.72,1,1,Has Credit Card,1,Active,79005.95,0,Retained
420,Spain,Female,55,4,91893.32,1,1,Has Credit Card,0,Inactive,144870.28,1,Churned
674,France,Female,32,7,85757.93,1,1,Has Credit Card,1,Active,95481.0,0,Retained
570,France,Female,46,3,0.0,2,0,No Credit Card,0,Inactive,820.46,0,Retained
623,Germany,Male,33,8,96759.42,1,1,Has Credit Card,1,Active,174777.98,0,Retained
710,France,Male,30,6,0.0,2,1,Has Credit Card,1,Active,8991.17,0,Retained
466,France,Male,29,6,0.0,2,1,Has Credit Card,1,Active,2797.27,0,Retained
759,France,Female,22,5,0.0,1,1,Has Credit Card,0,Inactive,22303.17,0,Retained
581,France,Male,71,4,0.0,2,1,Has Credit Card,1,Active,197562.08,0,Retained
820,France,Male,33,2,132150.26,2,1,Has Credit Card,0,Inactive,23067.97,0,Retained
759,France,Male,41,9,0.0,2,0,No Credit Card,1,Active,190294.12,0,Retained
628,France,Female,31,6,175443.75,1,1,Has Credit Card,0,Inactive,113167.17,1,Churned
676,France,Male,31,3,78990.15,1,1,Has Credit Card,1,Active,124777.14,0,Retained
591,France,Female,33,4,113743.37,1,1,Has Credit Card,0,Inactive,124625.08,0,Retained
690,France,Female,26,5,157624.84,1,1,Has Credit Card,1,Active,49599.27,0,Retained
624,France,Female,62,7,125163.62,2,1,Has Credit Card,1,Active,151411.5,0,Retained
573,France,Female,23,2,0.0,1,1,Has Credit Card,0,Inactive,122964.18,0,Retained
694,France,Male,60,9,0.0,1,1,Has Credit Card,1,Active,57088.97,0,Retained
632,Spain,Female,29,7,80922.75,1,1,Has Credit Card,0,Inactive,7820.78,0,Retained
632,France,Male,40,3,193354.86,2,1,Has Credit Card,0,Inactive,149188.41,0,Retained
832,Germany,Female,40,9,107648.94,2,1,Has Credit Card,1,Active,134638.97,0,Retained
598,Germany,Female,46,7,131769.04,1,0,No Credit Card,0,Inactive,184980.23,1,Churned
430,Germany,Male,36,1,138992.48,2,0,No Credit Card,0,Inactive,122373.42,0,Retained
711,France,Female,37,8,113899.92,1,0,No Credit Card,0,Inactive,80215.2,0,Retained
582,Germany,Male,26,6,114450.32,1,1,Has Credit Card,1,Active,14081.64,0,Retained
605,France,Male,39,3,0.0,2,1,Has Credit Card,0,Inactive,199390.45,0,Retained
657,France,Female,37,2,0.0,2,1,Has Credit Card,1,Active,7667.48,0,Retained
578,Spain,Male,40,6,63609.92,1,0,No Credit Card,0,Inactive,74965.61,1,Churned
532,France,Male,38,9,0.0,2,0,No Credit Card,0,Inactive,30583.95,0,Retained
612,France,Female,42,10,75497.51,1,0,No Credit Card,0,Inactive,149682.78,0,Retained
792,France,Female,42,2,0.0,2,1,Has Credit Card,0,Inactive,92664.09,0,Retained
674,France,Female,26,10,0.0,2,1,Has Credit Card,1,Active,138423.1,0,Retained
680,France,Male,31,1,0.0,2,1,Has Credit Card,1,Active,3148.2,0,Retained
593,France,Female,39,0,117704.73,1,1,Has Credit Card,0,Inactive,197933.5,0,Retained
679,Germany,Male,35,1,130463.55,2,1,Has Credit Card,1,Active,37341.17,0,Retained
493,Spain,Male,32,8,46161.18,1,1,Has Credit Card,1,Active,79577.4,0,Retained
688,Spain,Male,42,5,0.0,2,0,No Credit Card,0,Inactive,197602.29,0,Retained
769,Germany,Male,43,4,110182.54,2,1,Has Credit Card,1,Active,87537.32,0,Retained
581,Spain,Male,49,10,0.0,2,0,No Credit Card,0,Inactive,41623.59,0,Retained
465,France,Male,41,9,117221.15,1,1,Has Credit Card,0,Inactive,168280.95,0,Retained
641,France,Female,35,4,0.0,2,0,No Credit Card,0,Inactive,125986.18,0,Retained
731,Germany,Female,43,9,79120.27,1,0,No Credit Card,0,Inactive,548.52,1,Churned
625,France,Male,37,1,177069.24,2,1,Has Credit Card,1,Active,96088.54,0,Retained
468,France,Male,36,3,61636.97,1,0,No Credit Card,0,Inactive,107787.42,0,Retained
790,France,Male,26,5,0.0,1,1,Has Credit Card,0,Inactive,20510.79,0,Retained
587,Germany,Female,37,6,104414.03,1,1,Has Credit Card,0,Inactive,192026.02,0,Retained
692,France,Male,66,4,159732.02,1,1,Has Credit Card,1,Active,118188.15,0,Retained
676,Germany,Female,34,4,89437.03,1,1,Has Credit Card,1,Active,189540.95,0,Retained
571,France,Male,41,8,0.0,1,1,Has Credit Card,1,Active,63736.17,0,Retained
700,France,Female,32,3,0.0,1,0,No Credit Card,0,Inactive,95740.37,0,Retained
445,France,Female,30,3,0.0,2,1,Has Credit Card,1,Active,127939.19,0,Retained
746,France,Male,36,7,142400.77,1,1,Has Credit Card,1,Active,193438.69,0,Retained
722,France,Female,47,2,88011.4,1,1,Has Credit Card,1,Active,90655.94,1,Churned
596,France,Male,36,2,0.0,2,1,Has Credit Card,1,Active,12067.39,0,Retained
850,Germany,Female,30,8,154870.28,1,1,Has Credit Card,1,Active,54191.38,0,Retained
597,Spain,Female,46,4,0.0,2,1,Has Credit Card,0,Inactive,58667.16,1,Churned
436,Spain,Male,43,5,0.0,2,1,Has Credit Card,1,Active,35687.43,0,Retained
660,Germany,Male,28,1,118402.25,2,1,Has Credit Card,0,Inactive,14288.93,0,Retained
649,France,Male,37,9,87374.88,2,1,Has Credit Card,1,Active,247.36,0,Retained
646,Germany,Male,32,8,105397.8,1,1,Has Credit Card,0,Inactive,78111.84,1,Churned
560,Spain,Female,31,5,125341.69,1,1,Has Credit Card,0,Inactive,79547.39,0,Retained
710,Germany,Male,49,10,129164.88,1,1,Has Credit Card,1,Active,193266.72,0,Retained
513,France,Male,40,3,141004.46,1,1,Has Credit Card,0,Inactive,105028.46,0,Retained
607,France,Female,21,0,0.0,2,1,Has Credit Card,0,Inactive,116106.52,0,Retained
757,France,Male,57,3,89079.41,1,1,Has Credit Card,1,Active,53179.21,1,Churned
619,Germany,Male,40,9,103604.31,2,0,No Credit Card,0,Inactive,140947.05,0,Retained
612,France,Male,24,1,182705.05,1,1,Has Credit Card,1,Active,171837.06,0,Retained
842,France,Male,29,8,0.0,2,1,Has Credit Card,1,Active,123437.05,0,Retained
713,France,Male,33,6,94598.48,1,0,No Credit Card,0,Inactive,197519.66,1,Churned
657,Spain,Male,36,8,188241.05,2,0,No Credit Card,0,Inactive,183058.51,1,Churned
770,France,Female,37,9,0.0,2,0,No Credit Card,0,Inactive,22710.72,0,Retained
773,France,Female,40,10,0.0,2,0,No Credit Card,1,Active,69303.15,0,Retained
470,Germany,Male,39,5,117469.91,2,0,No Credit Card,0,Inactive,63705.9,0,Retained
781,Spain,Male,35,4,80790.74,1,1,Has Credit Card,0,Inactive,116429.51,0,Retained
428,France,Female,62,1,107735.93,1,0,No Credit Card,1,Active,58381.77,0,Retained
600,Germany,Male,43,8,133379.41,1,1,Has Credit Card,0,Inactive,177378.66,1,Churned
697,Spain,Female,37,7,168066.87,1,1,Has Credit Card,0,Inactive,35450.53,0,Retained
692,Germany,Female,43,2,69014.49,2,0,No Credit Card,0,Inactive,164621.43,0,Retained
791,France,Male,28,4,0.0,1,1,Has Credit Card,0,Inactive,174435.48,0,Retained
538,Germany,Female,42,1,98548.62,2,0,No Credit Card,1,Active,94047.75,0,Retained
820,France,Female,49,1,0.0,2,1,Has Credit Card,1,Active,119087.25,0,Retained
679,Spain,Female,26,3,76554.06,1,1,Has Credit Card,1,Active,184800.27,0,Retained
649,France,Female,36,2,0.0,2,0,No Credit Card,1,Active,75035.48,0,Retained
632,France,Female,27,3,107375.82,1,1,Has Credit Card,1,Active,62703.38,0,Retained
594,France,Male,40,9,122417.17,2,0,No Credit Card,1,Active,190882.69,0,Retained
682,France,Female,42,0,0.0,1,0,No Credit Card,1,Active,91981.85,1,Churned
720,Spain,Male,33,6,97188.62,1,0,No Credit Card,0,Inactive,91881.29,0,Retained
769,France,Male,31,4,61297.05,2,1,Has Credit Card,1,Active,7118.02,0,Retained
746,Spain,Male,30,1,112666.67,1,0,No Credit Card,0,Inactive,11710.4,1,Churned
623,Spain,Female,40,7,0.0,1,1,Has Credit Card,1,Active,25904.12,0,Retained
537,France,Male,28,3,157842.07,1,1,Has Credit Card,0,Inactive,86911.49,0,Retained
468,France,Male,46,7,91443.75,1,1,Has Credit Card,0,Inactive,10958.18,0,Retained
588,Germany,Female,30,0,110148.49,1,1,Has Credit Card,0,Inactive,5790.9,1,Churned
729,Spain,Female,34,9,53299.96,2,1,Has Credit Card,1,Active,42855.97,0,Retained
543,Spain,Male,37,3,0.0,2,1,Has Credit Card,1,Active,78915.68,0,Retained
499,Spain,Male,39,6,0.0,2,1,Has Credit Card,1,Active,81409.0,0,Retained
784,Germany,Male,28,2,70233.74,2,1,Has Credit Card,1,Active,179252.73,0,Retained
604,France,Male,33,3,0.0,1,1,Has Credit Card,0,Inactive,42171.13,1,Churned
614,Spain,Female,25,10,75212.28,1,1,Has Credit Card,0,Inactive,58965.04,0,Retained
671,France,Female,31,7,41299.03,1,0,No Credit Card,1,Active,102681.32,0,Retained
587,Spain,Female,35,3,83286.56,1,1,Has Credit Card,0,Inactive,125553.52,0,Retained
593,Spain,Male,43,10,0.0,2,0,No Credit Card,0,Inactive,53478.02,0,Retained
453,France,Male,29,6,0.0,1,0,No Credit Card,0,Inactive,198376.02,1,Churned
570,Germany,Male,35,6,85668.59,1,1,Has Credit Card,0,Inactive,105525.36,0,Retained
655,France,Female,45,7,57327.04,1,0,No Credit Card,1,Active,47349.0,0,Retained
632,Spain,Male,47,3,0.0,2,1,Has Credit Card,0,Inactive,178822.32,0,Retained
681,France,Female,37,7,69609.85,1,1,Has Credit Card,1,Active,72127.83,0,Retained
591,Germany,Male,46,4,129269.27,1,1,Has Credit Card,0,Inactive,163504.33,0,Retained
779,France,Male,27,1,0.0,2,1,Has Credit Card,1,Active,190623.02,0,Retained
456,France,Female,63,1,165350.61,2,0,No Credit Card,0,Inactive,140758.07,1,Churned
686,France,Female,41,7,152105.57,2,0,No Credit Card,1,Active,132374.41,0,Retained
617,France,Male,74,10,0.0,2,1,Has Credit Card,1,Active,53949.98,0,Retained
850,France,Female,32,5,106290.64,1,1,Has Credit Card,0,Inactive,121982.73,0,Retained
646,Germany,Female,30,10,100548.67,2,0,No Credit Card,0,Inactive,136983.77,0,Retained
735,Germany,Male,46,2,106344.95,1,1,Has Credit Card,0,Inactive,114371.33,1,Churned
543,France,Male,35,5,137482.19,1,0,No Credit Card,0,Inactive,62389.35,0,Retained
490,France,Female,37,3,116465.53,1,0,No Credit Card,1,Active,24435.77,0,Retained
640,France,Male,45,1,0.0,1,1,Has Credit Card,1,Active,10908.33,0,Retained
445,Spain,Male,45,10,0.0,2,0,No Credit Card,1,Active,90977.48,0,Retained
761,France,Male,36,9,127637.92,1,1,Has Credit Card,1,Active,81062.93,0,Retained
426,France,Female,34,3,0.0,2,1,Has Credit Card,1,Active,61230.83,0,Retained
777,France,Male,37,1,0.0,1,1,Has Credit Card,1,Active,126837.72,0,Retained
534,France,Male,35,2,81951.74,2,1,Has Credit Card,0,Inactive,115668.53,0,Retained
777,France,Female,42,5,147531.82,1,1,Has Credit Card,1,Active,38819.45,0,Retained
806,Spain,Male,18,3,0.0,2,1,Has Credit Card,1,Active,86994.54,0,Retained
790,France,Female,33,10,135120.72,1,0,No Credit Card,0,Inactive,195204.99,0,Retained
643,Spain,Female,32,2,0.0,1,0,No Credit Card,0,Inactive,131301.74,0,Retained
584,Spain,Female,37,8,0.0,2,0,No Credit Card,1,Active,100835.19,0,Retained
638,France,Female,34,7,0.0,2,1,Has Credit Card,1,Active,198969.78,0,Retained
771,Spain,Male,18,1,0.0,2,0,No Credit Card,0,Inactive,41542.95,0,Retained
600,France,Female,39,5,0.0,2,0,No Credit Card,0,Inactive,118272.07,0,Retained
661,Spain,Female,41,5,28082.95,1,1,Has Credit Card,0,Inactive,69586.27,1,Churned
554,France,Female,43,10,0.0,2,1,Has Credit Card,0,Inactive,149629.13,1,Churned
627,Spain,Male,49,4,111087.5,1,0,No Credit Card,1,Active,146680.25,0,Retained
659,France,Female,38,9,0.0,2,1,Has Credit Card,1,Active,132809.18,0,Retained
835,France,Male,35,6,127120.07,1,1,Has Credit Card,0,Inactive,28707.69,0,Retained
763,France,Female,35,7,115651.6,2,1,Has Credit Card,1,Active,104706.29,0,Retained
625,Germany,Male,31,4,77743.01,2,1,Has Credit Card,0,Inactive,75335.68,0,Retained
799,France,Female,30,9,0.0,2,1,Has Credit Card,0,Inactive,136827.96,0,Retained
849,France,Male,69,7,71996.09,1,1,Has Credit Card,1,Active,139065.94,0,Retained
692,France,Male,28,5,61581.97,1,1,Has Credit Card,1,Active,70179.91,0,Retained
623,France,Female,24,5,0.0,2,1,Has Credit Card,0,Inactive,116160.04,0,Retained
453,Spain,Female,42,5,0.0,3,1,Has Credit Card,0,Inactive,83008.49,1,Churned
408,France,Female,84,8,87873.39,1,0,No Credit Card,0,Inactive,188484.52,1,Churned
778,Germany,Female,37,0,105617.73,2,1,Has Credit Card,1,Active,133699.82,1,Churned
695,France,Female,42,5,0.0,1,0,No Credit Card,1,Active,72172.13,1,Churned
677,Germany,Female,44,4,148770.61,2,1,Has Credit Card,1,Active,191057.76,0,Retained
662,Spain,Male,37,5,94901.09,1,1,Has Credit Card,1,Active,48233.75,0,Retained
534,France,Male,29,7,174851.9,1,1,Has Credit Card,1,Active,79178.31,0,Retained
602,France,Male,59,7,0.0,2,1,Has Credit Card,1,Active,162347.05,0,Retained
554,Germany,Female,43,2,120847.11,1,1,Has Credit Card,0,Inactive,7611.61,1,Churned
667,France,Male,42,6,0.0,1,1,Has Credit Card,0,Inactive,88890.05,0,Retained
672,France,Male,43,5,0.0,1,0,No Credit Card,0,Inactive,63833.09,0,Retained
838,Spain,Female,67,4,103267.8,1,1,Has Credit Card,1,Active,78310.04,0,Retained
692,Spain,Female,34,4,109699.08,1,1,Has Credit Card,1,Active,37898.91,0,Retained
675,France,Male,49,8,135133.39,1,0,No Credit Card,1,Active,179521.24,1,Churned
731,Spain,Male,33,1,0.0,1,1,Has Credit Card,0,Inactive,130726.96,0,Retained
468,France,Female,32,8,137649.47,1,0,No Credit Card,0,Inactive,198714.29,0,Retained
542,Spain,Male,43,6,113567.94,1,1,Has Credit Card,0,Inactive,89543.25,0,Retained
662,Spain,Female,35,6,0.0,2,0,No Credit Card,0,Inactive,2423.9,1,Churned
770,Germany,Male,37,5,141547.26,2,0,No Credit Card,1,Active,180326.83,0,Retained
675,France,Female,61,5,62055.17,3,1,Has Credit Card,0,Inactive,166305.16,1,Churned
647,Germany,Male,51,4,131156.76,1,1,Has Credit Card,0,Inactive,29883.63,0,Retained
604,France,Male,31,6,134837.58,1,1,Has Credit Card,0,Inactive,192029.19,0,Retained
833,France,Female,39,3,0.0,2,1,Has Credit Card,0,Inactive,1710.89,0,Retained
741,Spain,Male,40,4,104784.23,1,1,Has Credit Card,0,Inactive,135163.76,1,Churned
658,Spain,Male,36,1,0.0,2,0,No Credit Card,1,Active,84927.42,0,Retained
528,France,Female,36,1,156948.41,1,1,Has Credit Card,1,Active,149912.28,1,Churned
590,France,Female,60,6,147751.75,1,1,Has Credit Card,0,Inactive,88206.04,1,Churned
675,France,Male,34,1,124619.33,2,0,No Credit Card,1,Active,163667.56,0,Retained
765,France,Male,41,4,124182.21,1,0,No Credit Card,0,Inactive,100153.43,0,Retained
650,France,Female,64,7,142028.36,1,1,Has Credit Card,0,Inactive,32275.09,1,Churned
817,France,Male,44,8,0.0,1,0,No Credit Card,0,Inactive,65501.91,1,Churned
699,Germany,Female,31,10,125837.86,2,1,Has Credit Card,0,Inactive,189392.66,0,Retained
495,Germany,Female,34,9,117160.32,1,1,Has Credit Card,1,Active,116069.24,1,Churned
491,Spain,Female,61,8,0.0,2,0,No Credit Card,1,Active,139861.53,0,Retained
847,France,Male,51,5,97565.74,1,0,No Credit Card,0,Inactive,144184.06,1,Churned
676,Spain,Female,30,5,0.0,2,0,No Credit Card,1,Active,157888.5,0,Retained
746,Spain,Female,25,3,104833.79,1,0,No Credit Card,0,Inactive,71911.3,0,Retained
470,Spain,Female,31,2,101675.22,2,1,Has Credit Card,0,Inactive,45033.75,0,Retained
714,Spain,Male,20,3,0.0,2,0,No Credit Card,1,Active,150465.93,0,Retained
695,France,Female,50,8,0.0,1,1,Has Credit Card,0,Inactive,126381.6,1,Churned
674,France,Male,46,2,174701.05,1,1,Has Credit Card,0,Inactive,90189.72,1,Churned
664,Germany,Male,36,6,71142.77,2,1,Has Credit Card,0,Inactive,122433.09,0,Retained
697,Germany,Male,31,3,108805.42,2,0,No Credit Card,1,Active,123825.83,0,Retained
670,France,Male,68,4,0.0,2,1,Has Credit Card,1,Active,11426.7,0,Retained
541,France,Female,32,4,0.0,1,1,Has Credit Card,1,Active,114951.42,0,Retained
640,France,Female,66,9,116037.76,1,0,No Credit Card,1,Active,184636.05,0,Retained
647,France,Male,28,8,0.0,2,1,Has Credit Card,1,Active,91055.27,0,Retained
757,France,Male,23,2,80673.96,2,1,Has Credit Card,0,Inactive,93991.65,0,Retained
704,Germany,Female,39,1,124640.51,1,1,Has Credit Card,0,Inactive,116511.12,1,Churned
778,Germany,Male,31,9,182275.23,2,1,Has Credit Card,0,Inactive,190631.23,0,Retained
639,Germany,Female,41,5,98635.77,1,1,Has Credit Card,0,Inactive,199970.74,0,Retained
637,France,Male,33,5,0.0,2,1,Has Credit Card,0,Inactive,139947.17,0,Retained
686,France,Male,35,4,0.0,1,1,Has Credit Card,0,Inactive,8816.37,0,Retained
577,Spain,Male,43,8,79757.21,1,1,Has Credit Card,0,Inactive,135650.72,1,Churned
506,Germany,Male,28,8,53053.76,1,0,No Credit Card,1,Active,24577.34,0,Retained
757,France,Male,28,7,120911.75,2,1,Has Credit Card,1,Active,131249.46,0,Retained
826,France,Male,55,4,115285.85,1,1,Has Credit Card,0,Inactive,140126.17,0,Retained
721,France,Male,41,2,0.0,2,1,Has Credit Card,0,Inactive,168219.75,0,Retained
489,Spain,Male,40,3,221532.8,1,1,Has Credit Card,0,Inactive,171867.08,0,Retained
446,France,Female,51,4,105056.13,1,0,No Credit Card,0,Inactive,70613.52,0,Retained
677,France,Male,37,3,88363.03,1,0,No Credit Card,1,Active,117946.3,0,Retained
769,France,Male,29,2,123757.52,2,1,Has Credit Card,0,Inactive,84872.66,0,Retained
677,Spain,Male,56,5,123959.97,1,1,Has Credit Card,1,Active,60590.72,1,Churned
555,Germany,Female,62,10,114822.64,1,0,No Credit Card,1,Active,8444.5,0,Retained
652,Germany,Female,37,9,145219.3,1,1,Has Credit Card,0,Inactive,159132.83,0,Retained
722,Germany,Female,32,5,106807.64,1,1,Has Credit Card,1,Active,76998.69,0,Retained
643,France,Male,36,0,148159.71,1,0,No Credit Card,0,Inactive,55835.66,0,Retained
796,Germany,Female,40,1,99745.95,1,1,Has Credit Card,0,Inactive,177524.19,0,Retained
720,Germany,Female,37,8,156282.79,1,1,Has Credit Card,0,Inactive,45985.52,0,Retained
613,France,Male,41,7,0.0,2,1,Has Credit Card,0,Inactive,60297.72,0,Retained
506,France,Female,57,6,0.0,2,0,No Credit Card,1,Active,194421.12,1,Churned
608,France,Male,50,6,0.0,1,1,Has Credit Card,0,Inactive,93568.77,1,Churned
667,Spain,Male,77,2,0.0,1,1,Has Credit Card,1,Active,34702.92,0,Retained
750,France,Female,47,7,121376.15,2,1,Has Credit Card,0,Inactive,54473.6,1,Churned
610,France,Male,33,4,111582.11,1,0,No Credit Card,0,Inactive,113943.17,0,Retained
588,Germany,Female,34,10,129417.82,1,1,Has Credit Card,0,Inactive,153727.32,0,Retained
479,France,Female,26,1,0.0,2,1,Has Credit Card,1,Active,19116.97,0,Retained
682,France,Male,37,5,0.0,2,0,No Credit Card,1,Active,112554.68,0,Retained
677,France,Female,36,7,0.0,1,1,Has Credit Card,0,Inactive,47318.75,0,Retained
850,Germany,Male,40,6,94607.08,1,1,Has Credit Card,0,Inactive,36690.49,0,Retained
580,France,Female,56,1,131368.3,1,1,Has Credit Card,0,Inactive,106918.67,1,Churned
746,France,Female,21,8,166883.07,2,0,No Credit Card,1,Active,194563.65,0,Retained
635,Spain,Female,37,3,0.0,2,1,Has Credit Card,0,Inactive,91086.73,0,Retained
664,Germany,Male,25,6,172812.72,2,1,Has Credit Card,1,Active,108008.65,0,Retained
558,Germany,Female,36,0,126606.63,2,1,Has Credit Card,1,Active,172363.52,0,Retained
415,France,Male,46,9,134950.19,3,0,No Credit Card,0,Inactive,178587.36,1,Churned
798,France,Female,60,6,96956.1,1,1,Has Credit Card,0,Inactive,31907.44,1,Churned
792,Germany,Female,29,4,107601.79,1,1,Has Credit Card,0,Inactive,18922.18,1,Churned
489,Germany,Female,46,8,92060.06,1,1,Has Credit Card,0,Inactive,147222.95,1,Churned
730,France,Male,33,0,0.0,2,1,Has Credit Card,0,Inactive,1474.79,0,Retained
773,France,Male,41,4,0.0,2,1,Has Credit Card,1,Active,24924.92,0,Retained
711,France,Male,36,9,137688.71,1,1,Has Credit Card,1,Active,46884.1,0,Retained
592,Spain,Male,55,8,85845.43,2,1,Has Credit Card,1,Active,128918.42,0,Retained
695,Germany,Male,27,6,125552.96,1,1,Has Credit Card,0,Inactive,105291.26,0,Retained
640,France,Female,33,1,167298.42,1,0,No Credit Card,1,Active,145381.65,0,Retained
470,Spain,Male,31,4,55732.92,2,1,Has Credit Card,1,Active,103792.53,0,Retained
789,Germany,Female,37,6,110689.07,1,1,Has Credit Card,1,Active,71121.04,1,Churned
604,Spain,Female,39,7,98544.11,1,1,Has Credit Card,1,Active,52327.57,0,Retained
493,Germany,Female,35,8,178317.6,1,0,No Credit Card,0,Inactive,197428.64,0,Retained
671,France,Female,48,8,115713.84,2,0,No Credit Card,0,Inactive,83210.84,0,Retained
656,France,Male,46,9,143267.14,2,0,No Credit Card,0,Inactive,193099.43,0,Retained
739,Spain,Male,19,5,89750.21,1,1,Has Credit Card,0,Inactive,193008.52,0,Retained
560,Spain,Female,26,3,116576.45,1,1,Has Credit Card,0,Inactive,157567.37,0,Retained
827,Germany,Female,47,8,143001.5,2,1,Has Credit Card,0,Inactive,108977.5,0,Retained
681,France,Male,23,7,157761.56,1,0,No Credit Card,0,Inactive,147759.84,0,Retained
740,France,Female,37,5,0.0,2,1,Has Credit Card,1,Active,27528.4,0,Retained
663,Spain,Male,31,4,103430.11,2,0,No Credit Card,1,Active,36479.27,0,Retained
845,Spain,Female,52,0,0.0,1,1,Has Credit Card,0,Inactive,31726.76,1,Churned
555,Spain,Male,27,5,0.0,2,0,No Credit Card,0,Inactive,96398.51,0,Retained
680,Germany,Female,48,8,115115.38,1,1,Has Credit Card,0,Inactive,139558.6,1,Churned
638,Germany,Female,39,0,122501.28,2,1,Has Credit Card,1,Active,95007.8,0,Retained
640,Spain,Male,62,3,0.0,1,1,Has Credit Card,1,Active,101663.47,0,Retained
778,France,Male,42,6,0.0,2,1,Has Credit Card,1,Active,106197.44,0,Retained
679,France,Male,45,3,146758.24,1,1,Has Credit Card,0,Inactive,48466.89,0,Retained
593,France,Female,32,3,0.0,2,1,Has Credit Card,1,Active,151978.36,0,Retained
788,France,Male,55,3,0.0,1,0,No Credit Card,1,Active,13288.46,1,Churned
770,France,Female,70,9,110738.89,1,1,Has Credit Card,0,Inactive,22666.77,1,Churned
729,France,Male,67,2,94203.8,1,0,No Credit Card,1,Active,102391.06,0,Retained
545,France,Male,47,8,105792.49,1,0,No Credit Card,1,Active,67830.2,1,Churned
597,France,Male,41,4,153198.23,1,1,Has Credit Card,1,Active,92090.36,0,Retained
537,France,Male,38,3,0.0,2,0,No Credit Card,0,Inactive,141023.01,0,Retained
732,France,Male,79,10,61811.23,1,1,Has Credit Card,1,Active,104222.8,0,Retained
542,France,Male,34,8,101116.06,1,1,Has Credit Card,0,Inactive,196395.05,0,Retained
688,Germany,Female,46,0,74458.25,1,0,No Credit Card,1,Active,6866.31,0,Retained
542,Germany,Male,33,8,142871.27,2,0,No Credit Card,0,Inactive,77737.86,0,Retained
754,Germany,Male,35,6,98585.94,2,0,No Credit Card,1,Active,106116.84,0,Retained
750,France,Female,37,6,0.0,1,1,Has Credit Card,1,Active,117948.0,1,Churned
731,France,Male,30,7,0.0,2,1,Has Credit Card,1,Active,184581.68,0,Retained
699,France,Female,43,3,80764.03,1,1,Has Credit Card,0,Inactive,199378.58,1,Churned
534,France,Female,42,9,144801.97,1,0,No Credit Card,1,Active,12483.39,1,Churned
494,Spain,Male,27,2,0.0,2,1,Has Credit Card,0,Inactive,22404.64,0,Retained
497,Germany,Male,35,7,110053.62,2,1,Has Credit Card,1,Active,92887.06,0,Retained
632,France,Female,28,5,118890.81,1,0,No Credit Card,1,Active,145157.97,0,Retained
724,France,Male,31,5,0.0,1,1,Has Credit Card,0,Inactive,134889.95,1,Churned
751,Germany,Female,37,0,151218.98,1,1,Has Credit Card,1,Active,109309.29,0,Retained
733,France,Male,42,9,150507.21,1,0,No Credit Card,1,Active,169964.12,0,Retained
701,Spain,Female,21,9,0.0,2,1,Has Credit Card,1,Active,26327.42,0,Retained
525,Germany,Male,33,4,131023.76,2,0,No Credit Card,0,Inactive,55072.93,0,Retained
666,Germany,Female,44,2,122314.5,1,0,No Credit Card,0,Inactive,68574.88,1,Churned
653,France,Male,29,2,0.0,2,1,Has Credit Card,1,Active,41671.81,0,Retained
850,France,Male,28,4,0.0,2,1,Has Credit Card,1,Active,12409.01,0,Retained
646,Germany,Female,52,6,111739.4,2,0,No Credit Card,1,Active,68367.18,0,Retained
750,France,Male,43,6,113882.31,1,1,Has Credit Card,1,Active,74564.41,0,Retained
764,France,Male,24,7,98148.61,1,1,Has Credit Card,0,Inactive,26843.76,0,Retained
658,France,Female,32,9,0.0,2,1,Has Credit Card,0,Inactive,156774.75,0,Retained
727,France,Male,32,1,59271.82,1,1,Has Credit Card,1,Active,46019.43,0,Retained
687,France,Female,31,2,0.0,2,0,No Credit Card,1,Active,145411.39,0,Retained
631,Spain,Male,33,2,0.0,2,1,Has Credit Card,1,Active,158268.84,0,Retained
797,France,Male,30,10,69413.44,1,1,Has Credit Card,1,Active,74637.57,0,Retained
650,Spain,Male,25,7,160599.06,2,1,Has Credit Card,1,Active,28391.52,0,Retained
850,Spain,Male,22,3,0.0,1,1,Has Credit Card,1,Active,144385.54,0,Retained
676,France,Female,40,2,147803.48,1,1,Has Credit Card,0,Inactive,95181.06,1,Churned
620,Spain,Male,44,8,0.0,2,1,Has Credit Card,1,Active,15627.51,0,Retained
576,France,Female,52,9,170228.59,2,0,No Credit Card,0,Inactive,148477.57,1,Churned
482,France,Female,35,2,133111.73,1,0,No Credit Card,1,Active,79957.95,0,Retained
695,Spain,Female,39,5,0.0,2,0,No Credit Card,0,Inactive,102763.69,0,Retained
706,France,Male,18,2,176139.5,2,1,Has Credit Card,0,Inactive,129654.22,0,Retained
668,France,Female,32,2,0.0,2,1,Has Credit Card,1,Active,40652.33,0,Retained
679,Germany,Male,35,1,110245.13,1,1,Has Credit Card,1,Active,178291.09,0,Retained
703,France,Female,45,5,0.0,2,1,Has Credit Card,0,Inactive,131906.44,0,Retained
670,Spain,Male,67,6,158719.57,1,1,Has Credit Card,1,Active,118607.4,0,Retained
590,France,Female,76,5,160979.68,1,0,No Credit Card,1,Active,13848.58,0,Retained
613,Spain,Male,35,4,123557.65,2,0,No Credit Card,1,Active,170903.4,0,Retained
742,France,Female,60,4,0.0,1,1,Has Credit Card,1,Active,13161.66,1,Churned
608,France,Female,33,4,0.0,1,1,Has Credit Card,0,Inactive,79304.38,1,Churned
571,France,Male,40,10,112896.86,1,1,Has Credit Card,1,Active,121402.53,0,Retained
595,France,Female,39,7,120962.13,1,0,No Credit Card,0,Inactive,23305.01,0,Retained
745,Germany,Male,48,10,96048.55,1,1,Has Credit Card,0,Inactive,74510.65,0,Retained
589,France,Female,21,3,0.0,2,0,No Credit Card,1,Active,55601.44,0,Retained
749,France,Male,37,10,185063.7,2,1,Has Credit Card,1,Active,134526.87,0,Retained
678,France,Female,22,6,118064.93,2,1,Has Credit Card,1,Active,195424.01,0,Retained
603,France,Male,46,2,0.0,2,1,Has Credit Card,1,Active,59563.49,0,Retained
504,France,Female,73,8,0.0,1,1,Has Credit Card,1,Active,34595.58,0,Retained
739,Germany,Male,40,5,149131.03,3,1,Has Credit Card,1,Active,60036.99,1,Churned
604,France,Female,34,7,0.0,2,1,Has Credit Card,0,Inactive,193021.49,0,Retained
612,France,Female,35,3,0.0,1,1,Has Credit Card,1,Active,48108.72,0,Retained
629,Spain,Female,44,6,125512.98,2,0,No Credit Card,0,Inactive,79082.76,0,Retained
652,Spain,Female,42,3,83492.07,2,1,Has Credit Card,0,Inactive,37914.12,0,Retained
565,France,Male,34,7,0.0,1,0,No Credit Card,0,Inactive,74593.84,0,Retained
707,France,Female,49,10,0.0,1,1,Has Credit Card,0,Inactive,82967.97,1,Churned
645,France,Male,30,1,125739.26,1,1,Has Credit Card,1,Active,193441.23,0,Retained
762,Germany,Female,34,8,98592.88,1,0,No Credit Card,1,Active,191790.29,1,Churned
639,Spain,Female,39,1,141789.15,1,1,Has Credit Card,0,Inactive,92455.96,0,Retained
709,Germany,Male,22,0,112949.71,1,0,No Credit Card,0,Inactive,155231.55,0,Retained
823,France,Male,34,3,105057.33,1,1,Has Credit Card,0,Inactive,9217.92,0,Retained
817,Germany,Female,46,0,89087.89,1,0,No Credit Card,1,Active,87941.85,1,Churned
665,Germany,Female,27,2,147435.96,1,0,No Credit Card,0,Inactive,187508.06,0,Retained
646,Germany,Male,39,0,154439.86,1,1,Has Credit Card,0,Inactive,171519.06,0,Retained
568,France,Male,30,8,73054.37,2,1,Has Credit Card,1,Active,27012.0,0,Retained
850,France,Female,62,1,124678.35,1,1,Has Credit Card,0,Inactive,70916.0,1,Churned
473,Germany,Male,40,8,152576.25,2,1,Has Credit Card,0,Inactive,73073.68,0,Retained
731,France,Female,41,9,152243.57,1,1,Has Credit Card,1,Active,88783.59,0,Retained
619,France,Male,25,4,0.0,1,1,Has Credit Card,0,Inactive,145524.36,0,Retained
715,Germany,Male,42,2,88120.97,2,1,Has Credit Card,1,Active,21333.22,0,Retained
772,Germany,Female,51,9,143930.92,1,0,No Credit Card,1,Active,46675.51,1,Churned
686,France,Female,31,1,0.0,2,1,Has Credit Card,0,Inactive,4802.25,0,Retained
749,Germany,Female,29,7,137059.05,3,1,Has Credit Card,0,Inactive,102975.72,1,Churned
781,France,Female,27,7,186558.55,1,1,Has Credit Card,1,Active,175071.29,1,Churned
675,Spain,Male,66,5,115654.47,2,1,Has Credit Card,1,Active,131970.86,0,Retained
730,Spain,Male,29,2,0.0,2,1,Has Credit Card,0,Inactive,14174.09,0,Retained
683,Spain,Male,38,3,126152.84,1,0,No Credit Card,0,Inactive,15378.75,0,Retained
554,Germany,Female,51,7,105701.91,1,0,No Credit Card,1,Active,179797.79,1,Churned
722,France,Male,46,6,0.0,1,1,Has Credit Card,1,Active,93917.68,1,Churned
689,Germany,Male,67,9,157094.78,1,1,Has Credit Card,1,Active,99490.01,0,Retained
796,Germany,Male,40,2,113228.38,2,1,Has Credit Card,1,Active,46415.09,0,Retained
447,France,Female,32,10,0.0,1,1,Has Credit Card,1,Active,151815.76,0,Retained
498,Germany,Male,37,8,108432.88,2,1,Has Credit Card,1,Active,14865.05,0,Retained
663,Spain,Male,27,8,0.0,1,1,Has Credit Card,1,Active,188007.99,0,Retained
498,Germany,Female,44,2,120702.67,2,1,Has Credit Card,1,Active,98175.74,0,Retained
627,France,Female,32,1,0.0,1,1,Has Credit Card,0,Inactive,106851.7,0,Retained
649,France,Male,45,7,0.0,2,0,No Credit Card,1,Active,75204.21,0,Retained
738,Germany,Female,29,9,139106.19,1,1,Has Credit Card,0,Inactive,141872.05,1,Churned
587,Germany,Female,39,6,101851.8,2,1,Has Credit Card,0,Inactive,7103.71,0,Retained
655,Germany,Female,32,6,130935.56,1,1,Has Credit Card,0,Inactive,9241.83,1,Churned
647,Germany,Male,37,3,116509.99,1,1,Has Credit Card,1,Active,149517.71,1,Churned
776,Germany,Female,37,1,93124.04,2,1,Has Credit Card,1,Active,196079.32,0,Retained
688,Germany,Male,35,5,111578.18,1,0,No Credit Card,0,Inactive,166165.93,1,Churned
605,France,Male,32,9,0.0,2,1,Has Credit Card,1,Active,55724.24,0,Retained
596,France,Female,39,10,86546.29,1,0,No Credit Card,1,Active,131768.98,0,Retained
427,France,Male,33,8,0.0,1,1,Has Credit Card,1,Active,13858.95,0,Retained
629,France,Male,39,2,129669.32,2,1,Has Credit Card,0,Inactive,82774.07,0,Retained
496,Spain,Male,29,2,0.0,2,1,Has Credit Card,0,Inactive,55389.59,0,Retained
717,Spain,Female,36,2,164557.95,1,0,No Credit Card,1,Active,82336.73,0,Retained
777,France,Male,23,6,0.0,2,1,Has Credit Card,1,Active,163225.48,0,Retained
535,Spain,Male,35,8,118989.92,1,1,Has Credit Card,1,Active,135536.72,0,Retained
744,France,Male,29,1,0.0,1,0,No Credit Card,0,Inactive,82422.97,0,Retained
755,France,Male,31,5,0.0,2,0,No Credit Card,1,Active,194660.78,0,Retained
593,Spain,Female,45,6,79259.75,1,1,Has Credit Card,0,Inactive,55347.28,0,Retained
514,France,Male,38,4,112230.38,1,1,Has Credit Card,0,Inactive,16717.11,1,Churned
721,France,Male,40,9,118129.87,1,1,Has Credit Card,1,Active,160277.65,0,Retained
835,Spain,Male,38,7,86824.09,1,0,No Credit Card,0,Inactive,175905.97,0,Retained
682,France,Female,64,10,128306.7,1,0,No Credit Card,1,Active,66040.83,0,Retained
590,Germany,Female,40,2,117641.43,2,0,No Credit Card,0,Inactive,92198.05,0,Retained
653,Germany,Female,37,3,125734.2,2,1,Has Credit Card,0,Inactive,134625.09,1,Churned
837,France,Male,49,8,103302.37,1,1,Has Credit Card,1,Active,50974.57,0,Retained
841,France,Male,27,8,0.0,1,1,Has Credit Card,0,Inactive,171922.72,0,Retained
584,Spain,Male,36,4,82696.09,2,0,No Credit Card,0,Inactive,83058.14,0,Retained
769,France,Male,29,4,145471.37,1,1,Has Credit Card,0,Inactive,188382.77,0,Retained
599,Spain,Male,34,2,101506.66,1,0,No Credit Card,0,Inactive,198030.24,0,Retained
698,France,Male,47,5,156265.31,2,0,No Credit Card,0,Inactive,1055.66,0,Retained
477,France,Male,27,1,128554.98,1,1,Has Credit Card,1,Active,133173.19,0,Retained
477,Germany,Male,34,8,139959.55,2,1,Has Credit Card,1,Active,189875.83,0,Retained
745,Spain,Male,34,7,132944.53,1,1,Has Credit Card,1,Active,31802.92,0,Retained
749,France,Female,35,3,0.0,3,1,Has Credit Card,1,Active,132649.85,0,Retained
850,France,Male,61,1,0.0,1,1,Has Credit Card,0,Inactive,53067.83,1,Churned
528,Germany,Male,22,5,93547.23,2,0,No Credit Card,1,Active,961.57,0,Retained
750,France,Male,33,2,152302.72,1,1,Has Credit Card,0,Inactive,71333.44,0,Retained
543,France,Female,31,2,147674.26,1,1,Has Credit Card,1,Active,16658.76,0,Retained
579,Spain,Female,59,3,148021.12,1,1,Has Credit Card,1,Active,74878.22,0,Retained
624,France,Male,37,0,0.0,2,0,No Credit Card,0,Inactive,112104.55,0,Retained
595,Germany,Male,46,5,142360.62,2,1,Has Credit Card,0,Inactive,48421.4,1,Churned
596,Germany,Female,27,2,151027.56,1,1,Has Credit Card,0,Inactive,170320.58,0,Retained
431,Germany,Female,44,2,138843.7,1,1,Has Credit Card,0,Inactive,37688.31,1,Churned
647,Spain,Female,26,8,109958.15,1,1,Has Credit Card,1,Active,136592.24,1,Churned
640,France,Female,31,9,138857.59,1,1,Has Credit Card,0,Inactive,48640.77,0,Retained
752,Germany,Female,45,3,105426.5,2,0,No Credit Card,1,Active,89773.45,0,Retained
710,Germany,Female,41,9,149155.53,2,1,Has Credit Card,0,Inactive,42131.26,1,Churned
638,Germany,Male,27,4,135096.05,1,1,Has Credit Card,1,Active,186523.72,1,Churned
660,Germany,Male,28,2,170890.05,2,1,Has Credit Card,0,Inactive,41758.9,0,Retained
609,Spain,Female,45,4,89122.3,1,1,Has Credit Card,1,Active,199256.98,0,Retained
596,Spain,Female,54,0,78126.28,1,1,Has Credit Card,1,Active,153482.91,1,Churned
705,France,Female,38,3,123894.43,1,1,Has Credit Card,0,Inactive,21177.1,0,Retained
444,France,Male,36,7,0.0,2,0,No Credit Card,1,Active,138743.86,0,Retained
727,Germany,Male,58,5,106913.43,1,1,Has Credit Card,0,Inactive,25881.0,1,Churned
496,France,Male,32,4,127845.83,1,1,Has Credit Card,0,Inactive,66469.2,0,Retained
554,France,Female,22,8,0.0,2,0,No Credit Card,1,Active,142670.61,0,Retained
537,France,Male,26,7,106397.75,1,0,No Credit Card,0,Inactive,103563.23,0,Retained
839,France,Female,51,3,0.0,1,1,Has Credit Card,1,Active,69101.23,1,Churned
700,Spain,Female,43,0,0.0,2,1,Has Credit Card,0,Inactive,59475.35,0,Retained
458,Spain,Female,35,5,166492.48,1,1,Has Credit Card,0,Inactive,135287.74,0,Retained
850,France,Female,28,2,0.0,2,1,Has Credit Card,1,Active,38773.74,0,Retained
699,Spain,Male,31,6,114493.68,1,0,No Credit Card,0,Inactive,138396.32,0,Retained
615,Germany,Female,44,9,126104.98,2,0,No Credit Card,1,Active,110718.02,0,Retained
850,Germany,Male,51,4,124425.99,1,0,No Credit Card,0,Inactive,118545.49,1,Churned
604,France,Female,40,1,0.0,2,1,Has Credit Card,0,Inactive,123207.17,0,Retained
668,Spain,Male,34,0,0.0,1,0,No Credit Card,0,Inactive,99984.86,0,Retained
594,Spain,Female,38,10,0.0,2,1,Has Credit Card,0,Inactive,58332.91,0,Retained
470,France,Male,30,3,101140.76,1,1,Has Credit Card,1,Active,50906.65,0,Retained
701,Germany,Male,41,0,150844.94,1,0,No Credit Card,1,Active,127623.36,0,Retained
664,Spain,Male,35,1,115024.5,1,0,No Credit Card,1,Active,169665.79,0,Retained
477,France,Female,30,6,131286.46,1,1,Has Credit Card,0,Inactive,194144.45,0,Retained
756,France,Female,42,9,0.0,2,1,Has Credit Card,0,Inactive,35673.42,0,Retained
625,France,Female,40,7,141267.67,1,0,No Credit Card,1,Active,177397.49,0,Retained
703,Spain,Male,73,5,137761.55,1,1,Has Credit Card,1,Active,159677.46,0,Retained
646,France,Male,30,7,0.0,2,1,Has Credit Card,0,Inactive,153566.97,0,Retained
650,France,Male,33,0,98064.97,1,1,Has Credit Card,0,Inactive,52411.99,0,Retained
664,France,Female,31,9,114519.57,2,0,No Credit Card,1,Active,79222.02,0,Retained
682,Germany,Female,29,6,101012.77,1,0,No Credit Card,0,Inactive,32589.89,1,Churned
725,France,Female,44,10,0.0,1,0,No Credit Card,1,Active,93777.61,0,Retained
553,Germany,Male,46,3,82291.1,1,1,Has Credit Card,0,Inactive,112549.99,1,Churned
576,France,Male,39,9,84719.98,1,0,No Credit Card,0,Inactive,191063.36,0,Retained
608,Spain,Female,56,5,0.0,2,0,No Credit Card,1,Active,153810.41,0,Retained
850,France,Female,39,0,104386.53,1,1,Has Credit Card,0,Inactive,105886.77,0,Retained
627,France,Male,31,8,128131.73,1,1,Has Credit Card,0,Inactive,96131.47,0,Retained
667,France,Male,44,2,122806.95,1,0,No Credit Card,0,Inactive,15120.86,0,Retained
548,Spain,Male,44,8,0.0,1,1,Has Credit Card,0,Inactive,16989.77,0,Retained
774,France,Male,76,4,112510.89,1,1,Has Credit Card,1,Active,143133.18,0,Retained
794,Germany,Male,57,3,117056.46,1,1,Has Credit Card,0,Inactive,93336.93,1,Churned
497,Germany,Female,55,7,131778.66,1,1,Has Credit Card,1,Active,9972.64,0,Retained
587,France,Female,36,1,70784.27,1,1,Has Credit Card,0,Inactive,30579.82,0,Retained
850,France,Female,29,10,0.0,2,1,Has Credit Card,1,Active,199775.67,0,Retained
722,France,Male,46,5,0.0,2,1,Has Credit Card,0,Inactive,179908.71,0,Retained
555,Spain,Female,35,1,0.0,2,1,Has Credit Card,0,Inactive,101667.0,0,Retained
609,Germany,Male,38,6,140752.06,2,0,No Credit Card,1,Active,171430.16,0,Retained
734,Spain,Female,39,6,92126.26,2,0,No Credit Card,0,Inactive,112973.34,0,Retained
718,Germany,Female,39,7,93148.74,2,1,Has Credit Card,1,Active,190746.38,0,Retained
645,Spain,Female,49,5,110132.55,3,0,No Credit Card,1,Active,187689.91,1,Churned
598,Spain,Female,23,6,0.0,2,1,Has Credit Card,0,Inactive,153229.19,0,Retained
628,Germany,Male,50,4,122227.71,1,0,No Credit Card,1,Active,14217.77,1,Churned
629,Germany,Male,40,2,121647.54,2,1,Has Credit Card,1,Active,64849.74,1,Churned
739,Germany,Male,58,1,110597.76,1,0,No Credit Card,1,Active,160122.66,1,Churned
653,France,Female,60,2,120731.39,4,1,Has Credit Card,1,Active,138160.11,1,Churned
711,France,Male,28,8,0.0,2,1,Has Credit Card,1,Active,64286.39,0,Retained
783,Spain,Male,38,1,0.0,3,1,Has Credit Card,1,Active,80178.54,1,Churned
681,France,Male,38,6,153722.47,1,1,Has Credit Card,0,Inactive,101319.76,0,Retained
712,France,Male,34,8,114088.32,1,1,Has Credit Card,0,Inactive,92794.61,0,Retained
554,France,Female,48,7,0.0,2,1,Has Credit Card,1,Active,63708.07,0,Retained
611,France,Female,37,6,0.0,2,1,Has Credit Card,0,Inactive,110782.88,0,Retained
560,Germany,Male,41,4,152532.3,1,0,No Credit Card,0,Inactive,10779.69,0,Retained
646,Spain,Male,32,1,0.0,2,1,Has Credit Card,0,Inactive,183289.22,0,Retained
680,France,Male,34,3,143292.95,1,1,Has Credit Card,0,Inactive,66526.01,0,Retained
631,France,Male,26,1,149144.61,1,0,No Credit Card,1,Active,123697.95,0,Retained
746,France,Male,36,9,127157.04,1,1,Has Credit Card,1,Active,155700.15,0,Retained
654,Germany,Male,43,9,84673.17,2,0,No Credit Card,1,Active,82081.35,0,Retained
687,Germany,Male,33,9,135962.4,2,1,Has Credit Card,0,Inactive,121747.96,0,Retained
708,Germany,Male,32,3,151691.44,2,1,Has Credit Card,1,Active,172810.51,0,Retained
679,Germany,Female,32,0,88335.05,1,0,No Credit Card,0,Inactive,159584.81,0,Retained
636,France,Female,45,7,139859.23,1,1,Has Credit Card,1,Active,108402.54,0,Retained
695,France,Male,45,9,43134.65,1,0,No Credit Card,1,Active,77330.35,0,Retained
677,France,Male,42,5,99580.13,1,1,Has Credit Card,0,Inactive,21007.96,0,Retained
720,France,Female,34,6,110717.38,1,1,Has Credit Card,1,Active,9398.45,0,Retained
780,France,Female,37,3,0.0,2,0,No Credit Card,0,Inactive,182156.81,1,Churned
653,Spain,Female,36,3,0.0,2,0,No Credit Card,0,Inactive,110525.6,0,Retained
674,France,Female,28,3,0.0,1,1,Has Credit Card,0,Inactive,51536.99,0,Retained
620,Germany,Male,40,5,108197.11,2,1,Has Credit Card,0,Inactive,49722.34,0,Retained
623,France,Male,40,6,0.0,2,1,Has Credit Card,1,Active,66119.07,0,Retained
547,France,Female,29,6,104450.86,1,1,Has Credit Card,1,Active,37160.28,0,Retained
530,France,Male,39,2,0.0,2,1,Has Credit Card,0,Inactive,197923.05,0,Retained
746,France,Female,34,4,0.0,1,0,No Credit Card,1,Active,65166.6,0,Retained
512,France,Female,31,7,0.0,2,0,No Credit Card,0,Inactive,49326.07,0,Retained
630,France,Male,40,8,0.0,2,1,Has Credit Card,1,Active,42495.81,0,Retained
570,Spain,Male,21,7,116099.82,1,1,Has Credit Card,1,Active,148087.62,0,Retained
605,France,Male,39,6,111169.91,1,0,No Credit Card,0,Inactive,9641.4,0,Retained
530,Spain,Male,37,4,0.0,2,1,Has Credit Card,1,Active,164844.37,0,Retained
813,Germany,Female,25,5,123616.43,1,0,No Credit Card,1,Active,132959.33,0,Retained
704,Spain,Female,37,9,155619.58,1,1,Has Credit Card,1,Active,135088.58,0,Retained
565,Germany,Male,31,2,89558.39,2,1,Has Credit Card,1,Active,4441.54,0,Retained
645,Spain,Male,45,4,0.0,1,0,No Credit Card,1,Active,174916.85,1,Churned
526,Germany,Female,32,6,131938.92,2,1,Has Credit Card,1,Active,1795.93,0,Retained
778,France,Female,33,9,151772.63,2,0,No Credit Card,0,Inactive,180249.94,1,Churned
677,France,Female,72,8,0.0,2,1,Has Credit Card,1,Active,153604.44,0,Retained
588,France,Female,64,3,0.0,1,1,Has Credit Card,1,Active,189703.65,0,Retained
488,France,Female,22,6,0.0,2,1,Has Credit Card,1,Active,66393.89,0,Retained
519,France,Male,39,1,97700.02,1,1,Has Credit Card,1,Active,30709.03,0,Retained
709,France,Male,31,6,0.0,2,1,Has Credit Card,1,Active,71009.84,0,Retained
642,Germany,Female,56,6,103244.86,2,1,Has Credit Card,0,Inactive,143049.72,1,Churned
710,Germany,Male,34,8,147833.3,2,0,No Credit Card,1,Active,1561.58,0,Retained
653,France,Female,46,5,0.0,2,1,Has Credit Card,0,Inactive,49707.85,0,Retained
743,France,Male,71,0,0.0,2,0,No Credit Card,1,Active,29837.65,0,Retained
418,France,Female,39,2,0.0,2,0,No Credit Card,0,Inactive,9041.71,0,Retained
670,Germany,Female,33,9,84521.48,2,0,No Credit Card,1,Active,198017.05,0,Retained
723,Germany,Female,28,5,91938.31,1,1,Has Credit Card,0,Inactive,143481.85,0,Retained
549,Germany,Male,45,6,124240.93,1,1,Has Credit Card,1,Active,146372.51,0,Retained
543,France,Female,42,5,0.0,2,0,No Credit Card,0,Inactive,101905.34,0,Retained
595,Spain,Male,37,2,157084.99,1,1,Has Credit Card,0,Inactive,134767.13,0,Retained
673,Germany,Female,25,3,108244.82,2,1,Has Credit Card,1,Active,103573.96,0,Retained
741,France,Female,21,9,0.0,2,0,No Credit Card,1,Active,139259.54,0,Retained
508,Germany,Female,41,5,82161.7,2,1,Has Credit Card,0,Inactive,187776.49,0,Retained
662,Germany,Male,59,2,104568.41,1,1,Has Credit Card,0,Inactive,8059.44,1,Churned
752,France,Female,36,2,119912.46,1,1,Has Credit Card,0,Inactive,124354.92,0,Retained
809,France,Male,36,9,68881.59,2,0,No Credit Card,1,Active,109135.11,0,Retained
575,Spain,Male,30,2,0.0,2,1,Has Credit Card,1,Active,82222.86,0,Retained
591,Spain,Female,40,1,86376.29,1,0,No Credit Card,1,Active,136767.16,1,Churned
643,Spain,Female,45,9,150840.03,2,1,Has Credit Card,0,Inactive,155516.35,0,Retained
698,Germany,Male,55,8,155059.1,2,1,Has Credit Card,1,Active,144584.29,0,Retained
496,France,Female,29,4,0.0,2,1,Has Credit Card,0,Inactive,164806.89,0,Retained
597,France,Male,44,8,78128.13,2,0,No Credit Card,1,Active,109153.04,0,Retained
603,Germany,Male,46,4,98899.76,2,1,Has Credit Card,1,Active,86190.34,0,Retained
655,Spain,Male,37,1,0.0,1,1,Has Credit Card,1,Active,106040.97,0,Retained
431,France,Male,63,6,160982.89,1,1,Has Credit Card,1,Active,168008.17,0,Retained
620,France,Female,70,3,87926.24,2,1,Has Credit Card,0,Inactive,33350.26,1,Churned
782,France,Female,35,4,0.0,1,1,Has Credit Card,1,Active,119565.34,0,Retained
581,Spain,Male,46,2,79385.21,2,0,No Credit Card,0,Inactive,188492.82,0,Retained
553,Germany,Male,53,5,127997.83,1,1,Has Credit Card,0,Inactive,165378.66,1,Churned
658,France,Male,44,2,168396.34,1,1,Has Credit Card,1,Active,14178.73,0,Retained
686,Germany,Male,43,2,134896.03,1,1,Has Credit Card,1,Active,97847.05,0,Retained
539,Spain,Male,36,6,0.0,3,1,Has Credit Card,1,Active,118959.64,0,Retained
685,France,Female,50,6,94238.75,2,1,Has Credit Card,1,Active,50664.07,1,Churned
850,France,Male,29,1,0.0,2,0,No Credit Card,0,Inactive,152996.89,0,Retained
763,Spain,Female,39,7,0.0,2,1,Has Credit Card,0,Inactive,19458.75,0,Retained
634,Germany,Male,43,3,212696.32,1,1,Has Credit Card,0,Inactive,115268.86,0,Retained
567,France,Male,59,3,0.0,2,1,Has Credit Card,0,Inactive,25843.7,1,Churned
539,France,Male,39,3,139153.68,2,1,Has Credit Card,0,Inactive,147662.33,0,Retained
764,France,Male,41,7,0.0,2,0,No Credit Card,0,Inactive,134878.34,0,Retained
653,France,Female,40,0,0.0,2,1,Has Credit Card,0,Inactive,35795.85,0,Retained
566,Spain,Male,44,5,0.0,2,1,Has Credit Card,0,Inactive,66462.79,0,Retained
714,Germany,Male,29,6,92887.13,1,1,Has Credit Card,1,Active,69578.49,0,Retained
580,Spain,Female,65,1,0.0,2,0,No Credit Card,1,Active,103182.46,0,Retained
548,France,Male,29,5,83442.98,1,0,No Credit Card,1,Active,177017.39,0,Retained
646,Germany,Female,36,6,144773.29,2,1,Has Credit Card,0,Inactive,53217.3,0,Retained
622,Germany,Female,52,9,111973.97,1,1,Has Credit Card,1,Active,162756.29,1,Churned
706,France,Female,35,8,178032.53,1,0,No Credit Card,1,Active,42181.68,0,Retained
680,France,Male,23,5,140007.19,1,0,No Credit Card,1,Active,31714.08,0,Retained
698,France,Male,37,5,98400.61,2,0,No Credit Card,0,Inactive,25017.28,0,Retained
581,Spain,Female,46,1,0.0,2,1,Has Credit Card,0,Inactive,104272.04,0,Retained
728,Germany,Male,45,3,108924.33,2,1,Has Credit Card,0,Inactive,84300.4,1,Churned
707,Spain,Female,32,4,132835.56,1,0,No Credit Card,0,Inactive,136877.24,0,Retained
761,France,Female,26,1,0.0,2,1,Has Credit Card,1,Active,199409.19,0,Retained
483,Germany,Male,41,1,118334.44,1,0,No Credit Card,0,Inactive,163147.99,1,Churned
736,Germany,Female,25,9,81732.88,2,1,Has Credit Card,0,Inactive,136497.28,0,Retained
716,Germany,Male,66,5,121411.9,1,0,No Credit Card,0,Inactive,10070.4,1,Churned
654,France,Male,32,9,121455.65,1,1,Has Credit Card,0,Inactive,190068.53,1,Churned
649,Spain,Male,20,5,0.0,2,1,Has Credit Card,1,Active,58309.54,0,Retained
649,France,Male,46,5,0.0,2,1,Has Credit Card,1,Active,76946.6,0,Retained
612,France,Female,31,8,117989.76,1,1,Has Credit Card,1,Active,54129.86,0,Retained
657,Spain,Male,40,10,0.0,2,1,Has Credit Card,1,Active,52990.7,0,Retained
511,France,Female,31,5,137411.29,1,0,No Credit Card,1,Active,161854.98,0,Retained
682,France,Male,61,10,73688.2,1,1,Has Credit Card,1,Active,172141.33,0,Retained
748,Spain,Male,58,9,122330.7,2,0,No Credit Card,1,Active,124429.19,0,Retained
554,Germany,Male,43,5,99906.89,1,0,No Credit Card,0,Inactive,24983.39,0,Retained
794,Spain,Female,28,5,0.0,2,0,No Credit Card,1,Active,86699.98,0,Retained
807,France,Female,47,9,167664.83,1,0,No Credit Card,0,Inactive,125440.11,1,Churned
594,France,Female,34,7,141525.55,1,0,No Credit Card,0,Inactive,9443.15,0,Retained
652,Spain,Female,33,3,124832.51,1,1,Has Credit Card,0,Inactive,195877.06,0,Retained
729,France,Female,34,9,132121.71,1,0,No Credit Card,1,Active,105409.31,0,Retained
625,France,Male,39,2,0.0,2,1,Has Credit Card,0,Inactive,100403.05,0,Retained
597,Germany,Female,60,0,78539.84,1,0,No Credit Card,1,Active,48502.88,0,Retained
657,Germany,Female,38,5,123770.46,1,0,No Credit Card,0,Inactive,47019.66,1,Churned
633,France,Male,43,5,0.0,2,1,Has Credit Card,1,Active,48249.88,0,Retained
663,Germany,Male,49,7,116150.65,3,1,Has Credit Card,1,Active,84358.71,1,Churned
535,France,Male,47,0,160729.1,1,0,No Credit Card,1,Active,145986.35,0,Retained
702,France,Female,29,10,88378.6,1,1,Has Credit Card,0,Inactive,88550.28,0,Retained
712,France,Male,33,2,182888.08,1,1,Has Credit Card,0,Inactive,3061.0,0,Retained
607,France,Male,31,8,0.0,2,1,Has Credit Card,1,Active,43196.5,0,Retained
476,France,Male,37,4,0.0,1,1,Has Credit Card,1,Active,55775.84,1,Churned
748,Spain,Female,23,8,85600.08,1,0,No Credit Card,0,Inactive,134077.71,0,Retained
815,France,Male,35,4,0.0,2,0,No Credit Card,1,Active,198490.33,0,Retained
602,France,Male,32,10,0.0,2,1,Has Credit Card,1,Active,116052.92,0,Retained
649,Germany,Male,40,4,95001.33,1,0,No Credit Card,1,Active,123202.99,0,Retained
551,Spain,Male,27,2,113873.22,1,1,Has Credit Card,1,Active,85129.77,1,Churned
509,France,Male,30,6,0.0,2,1,Has Credit Card,0,Inactive,180598.86,0,Retained
685,Spain,Male,40,7,74896.92,1,1,Has Credit Card,0,Inactive,198694.2,0,Retained
536,France,Female,22,5,89492.62,1,0,No Credit Card,0,Inactive,42934.43,0,Retained
711,Spain,Male,38,3,128718.78,1,0,No Credit Card,0,Inactive,114793.45,0,Retained
761,Spain,Male,27,8,0.0,2,1,Has Credit Card,0,Inactive,63297.7,0,Retained
535,France,Female,49,3,0.0,1,0,No Credit Card,0,Inactive,61820.41,1,Churned
566,Germany,Male,22,7,144954.75,2,1,Has Credit Card,0,Inactive,102246.0,0,Retained
620,Spain,Male,21,9,0.0,2,0,No Credit Card,0,Inactive,154882.79,0,Retained
837,Germany,Male,37,6,94001.61,2,1,Has Credit Card,0,Inactive,140723.05,0,Retained
685,France,Female,40,7,0.0,1,1,Has Credit Card,0,Inactive,72852.74,1,Churned
673,France,Male,65,0,0.0,1,1,Has Credit Card,1,Active,85733.33,0,Retained
638,France,Male,24,1,0.0,2,0,No Credit Card,1,Active,162597.15,0,Retained
614,France,Male,46,4,0.0,1,1,Has Credit Card,0,Inactive,74379.57,1,Churned
626,France,Female,44,2,0.0,1,0,No Credit Card,1,Active,173117.22,1,Churned
834,Spain,Male,38,8,0.0,2,1,Has Credit Card,1,Active,66485.26,0,Retained
691,France,Male,24,6,0.0,2,1,Has Credit Card,1,Active,92811.2,0,Retained
706,Spain,Male,38,8,0.0,2,0,No Credit Card,1,Active,46635.11,0,Retained
633,France,Male,37,7,141546.35,1,1,Has Credit Card,1,Active,124830.11,0,Retained
644,Germany,Female,32,8,141528.88,1,1,Has Credit Card,1,Active,167087.34,1,Churned
666,France,Male,30,7,109805.3,1,0,No Credit Card,1,Active,163625.56,0,Retained
708,France,Male,32,10,86614.06,2,1,Has Credit Card,1,Active,172129.26,0,Retained
496,Germany,Female,59,7,91680.1,2,1,Has Credit Card,0,Inactive,163141.18,1,Churned
730,Germany,Male,38,0,38848.19,2,0,No Credit Card,0,Inactive,94003.11,0,Retained
696,Spain,Male,40,3,153639.11,1,1,Has Credit Card,1,Active,138351.68,0,Retained
809,Spain,Male,80,8,0.0,2,0,No Credit Card,1,Active,34164.05,0,Retained
701,Spain,Female,33,7,123870.07,1,1,Has Credit Card,0,Inactive,97794.71,0,Retained
604,France,Male,30,5,0.0,2,1,Has Credit Card,0,Inactive,75786.55,0,Retained
665,France,Male,39,10,46323.57,1,1,Has Credit Card,0,Inactive,136812.02,0,Retained
639,France,Female,60,5,162039.78,1,1,Has Credit Card,1,Active,84361.72,1,Churned
696,France,Male,19,1,110928.51,1,1,Has Credit Card,1,Active,2766.63,0,Retained
520,France,Male,38,5,0.0,2,1,Has Credit Card,0,Inactive,163185.76,0,Retained
545,Germany,Male,53,5,114421.55,1,1,Has Credit Card,0,Inactive,180598.28,1,Churned
634,Germany,Female,29,8,130036.21,2,0,No Credit Card,1,Active,69849.55,0,Retained
750,France,Female,26,1,151510.17,2,1,Has Credit Card,1,Active,19921.72,0,Retained
530,Spain,Female,41,4,0.0,2,0,No Credit Card,1,Active,147606.71,0,Retained
589,France,Female,59,2,0.0,2,1,Has Credit Card,1,Active,126160.24,1,Churned
654,France,Male,37,6,83568.55,1,1,Has Credit Card,0,Inactive,47046.72,0,Retained
648,France,Female,43,7,139972.18,1,1,Has Credit Card,0,Inactive,143668.58,0,Retained
835,Spain,Male,45,3,100212.13,1,1,Has Credit Card,0,Inactive,152577.62,0,Retained
446,France,Female,39,1,90217.07,1,1,Has Credit Card,0,Inactive,191350.48,0,Retained
514,Spain,Male,66,9,0.0,2,1,Has Credit Card,1,Active,14234.31,0,Retained
694,Germany,Male,33,4,124067.32,1,1,Has Credit Card,1,Active,77906.87,0,Retained
554,Spain,Male,46,4,0.0,2,0,No Credit Card,1,Active,57320.92,0,Retained
720,Germany,Female,57,1,162082.31,4,0,No Credit Card,0,Inactive,27145.73,1,Churned
641,Germany,Female,51,2,117306.69,4,1,Has Credit Card,1,Active,26912.72,1,Churned
813,France,Male,32,1,122889.88,1,1,Has Credit Card,1,Active,26476.18,0,Retained
480,France,Male,40,6,148790.61,1,0,No Credit Card,1,Active,79329.7,0,Retained
811,France,Male,46,9,180226.24,1,1,Has Credit Card,0,Inactive,13464.64,1,Churned
715,Germany,Female,32,3,104857.19,2,1,Has Credit Card,0,Inactive,114149.8,0,Retained
620,Spain,Male,31,2,166833.86,2,1,Has Credit Card,1,Active,135171.6,0,Retained
721,France,Male,42,4,102936.72,1,0,No Credit Card,0,Inactive,1187.88,0,Retained
772,Germany,Female,48,6,108736.52,1,1,Has Credit Card,0,Inactive,184564.67,1,Churned
680,Germany,Male,44,0,129974.79,2,1,Has Credit Card,1,Active,33391.38,0,Retained
535,France,Male,38,8,85982.07,1,1,Has Credit Card,0,Inactive,9238.35,0,Retained
655,France,Female,20,7,134397.61,1,0,No Credit Card,0,Inactive,28029.54,0,Retained
660,France,Male,63,8,137841.53,1,1,Has Credit Card,1,Active,42790.29,0,Retained
762,Germany,Male,56,10,100260.88,3,1,Has Credit Card,1,Active,77142.42,1,Churned
662,Germany,Male,39,5,139822.11,2,1,Has Credit Card,1,Active,146219.9,0,Retained
463,Germany,Female,41,8,123151.51,2,1,Has Credit Card,0,Inactive,70127.93,0,Retained
501,Germany,Male,27,4,95331.83,2,1,Has Credit Card,0,Inactive,132104.76,0,Retained
603,Spain,Female,42,6,0.0,1,1,Has Credit Card,1,Active,90437.87,0,Retained
688,Spain,Male,37,7,138162.41,2,1,Has Credit Card,1,Active,113926.31,0,Retained
430,France,Male,38,9,0.0,2,1,Has Credit Card,1,Active,12050.77,0,Retained
632,Germany,Male,48,6,126066.26,1,1,Has Credit Card,0,Inactive,64345.61,1,Churned
601,Spain,Female,42,4,96763.89,1,1,Has Credit Card,1,Active,199242.65,0,Retained
769,France,Female,38,2,0.0,2,0,No Credit Card,0,Inactive,75578.67,0,Retained
551,France,Male,42,2,139561.46,1,1,Has Credit Card,0,Inactive,43435.43,1,Churned
841,France,Female,52,5,0.0,1,0,No Credit Card,0,Inactive,183239.71,1,Churned
469,Spain,Female,31,6,0.0,1,1,Has Credit Card,0,Inactive,146213.75,1,Churned
479,Spain,Male,27,2,172463.45,1,1,Has Credit Card,1,Active,40315.27,0,Retained
701,France,Male,37,8,107798.85,1,1,Has Credit Card,0,Inactive,16966.73,0,Retained
593,France,Male,36,2,70181.48,2,1,Has Credit Card,0,Inactive,80608.12,0,Retained
738,Spain,Male,38,5,177997.07,1,0,No Credit Card,1,Active,19233.41,0,Retained
635,Spain,Male,31,1,0.0,2,1,Has Credit Card,0,Inactive,135382.23,0,Retained
658,France,Male,32,8,0.0,1,1,Has Credit Card,1,Active,80410.68,0,Retained
687,Spain,Female,36,5,0.0,1,1,Has Credit Card,0,Inactive,17696.22,0,Retained
650,France,Male,37,9,0.0,2,1,Has Credit Card,0,Inactive,17974.08,0,Retained
720,Spain,Male,21,2,123200.78,1,1,Has Credit Card,1,Active,180712.28,0,Retained
602,France,Female,63,7,0.0,2,1,Has Credit Card,1,Active,56323.21,0,Retained
618,Spain,Male,33,4,0.0,2,1,Has Credit Card,1,Active,77550.18,0,Retained
803,Germany,Male,41,9,137742.9,2,1,Has Credit Card,1,Active,166957.82,0,Retained
793,France,Female,63,9,116270.72,1,1,Has Credit Card,1,Active,184243.25,0,Retained
616,Germany,Male,41,10,113220.2,2,1,Has Credit Card,1,Active,114072.91,0,Retained
550,Spain,Male,51,5,0.0,2,1,Has Credit Card,0,Inactive,153917.41,0,Retained
602,France,Female,56,3,115895.22,3,1,Has Credit Card,0,Inactive,4176.17,1,Churned
452,France,Female,60,6,121730.49,1,1,Has Credit Card,1,Active,142963.29,0,Retained
655,Spain,Female,28,3,113811.85,2,0,No Credit Card,1,Active,76844.23,0,Retained
510,France,Female,26,6,136214.08,1,0,No Credit Card,0,Inactive,159742.33,0,Retained
557,France,Male,39,8,146200.01,1,1,Has Credit Card,0,Inactive,177944.64,0,Retained
676,France,Male,37,10,106242.67,1,1,Has Credit Card,1,Active,166678.28,0,Retained
640,France,Female,29,4,0.0,2,1,Has Credit Card,0,Inactive,44904.26,0,Retained
529,Spain,Male,31,6,0.0,1,1,Has Credit Card,0,Inactive,10625.91,0,Retained
559,France,Male,45,8,24043.45,1,0,No Credit Card,1,Active,169781.45,1,Churned
689,France,Female,58,5,0.0,2,0,No Credit Card,1,Active,49848.86,0,Retained
626,Germany,Male,39,10,132287.92,3,1,Has Credit Card,1,Active,51467.92,1,Churned
697,Spain,Male,30,1,0.0,2,0,No Credit Card,0,Inactive,735.79,0,Retained
823,France,Female,44,1,0.0,2,0,No Credit Card,1,Active,182495.7,0,Retained
565,Germany,Female,32,4,90322.99,2,0,No Credit Card,1,Active,118740.37,0,Retained
631,Spain,Male,23,3,0.0,2,1,Has Credit Card,0,Inactive,13813.24,0,Retained
646,France,Female,34,3,131283.11,1,0,No Credit Card,0,Inactive,130500.65,0,Retained
676,Spain,Male,48,1,131659.59,2,0,No Credit Card,1,Active,14152.15,0,Retained
850,Spain,Female,54,4,120952.74,1,1,Has Credit Card,0,Inactive,66963.15,0,Retained
810,France,Female,38,9,153166.17,1,1,Has Credit Card,1,Active,93261.69,0,Retained
581,Spain,Male,30,0,53291.86,1,0,No Credit Card,0,Inactive,196582.28,0,Retained
718,France,Female,35,2,167924.95,1,1,Has Credit Card,0,Inactive,43024.64,0,Retained
713,France,Male,43,5,86394.14,1,1,Has Credit Card,1,Active,130001.13,0,Retained
672,France,Female,50,1,0.0,1,1,Has Credit Card,0,Inactive,12106.82,1,Churned
781,Spain,Male,33,3,0.0,2,1,Has Credit Card,1,Active,42556.33,0,Retained
656,Spain,Male,47,1,0.0,2,1,Has Credit Card,1,Active,197961.93,0,Retained
583,France,Female,31,4,158978.79,1,1,Has Credit Card,0,Inactive,12538.92,0,Retained
808,Germany,Female,37,2,100431.84,1,1,Has Credit Card,0,Inactive,35140.49,1,Churned
721,Spain,Male,33,5,0.0,2,0,No Credit Card,1,Active,117626.9,0,Retained
778,Germany,Female,29,6,150358.97,1,1,Has Credit Card,0,Inactive,62454.01,1,Churned
850,Spain,Female,45,4,114347.85,2,1,Has Credit Card,1,Active,109089.04,0,Retained
693,France,Female,39,4,0.0,2,0,No Credit Card,1,Active,142331.39,0,Retained
520,France,Male,34,4,134007.9,1,1,Has Credit Card,1,Active,193209.11,0,Retained
759,Germany,Male,31,4,98899.91,1,1,Has Credit Card,1,Active,47832.82,0,Retained
637,France,Male,60,3,0.0,2,1,Has Credit Card,1,Active,70174.03,0,Retained
755,Germany,Male,40,2,137430.82,2,0,No Credit Card,0,Inactive,176768.59,0,Retained
662,France,Female,47,6,0.0,2,1,Has Credit Card,1,Active,129392.75,0,Retained
503,France,Female,37,8,0.0,2,1,Has Credit Card,1,Active,97893.32,0,Retained
599,Germany,Male,39,2,188976.89,2,0,No Credit Card,1,Active,176142.09,0,Retained
583,Spain,Female,40,4,0.0,2,1,Has Credit Card,0,Inactive,114093.73,0,Retained
764,Spain,Female,48,1,75990.97,1,1,Has Credit Card,0,Inactive,158323.81,1,Churned
513,France,Male,29,10,0.0,2,0,No Credit Card,1,Active,25514.77,0,Retained
730,Spain,Male,62,5,112181.08,1,0,No Credit Card,1,Active,61513.87,0,Retained
820,Spain,Male,34,10,97208.46,1,1,Has Credit Card,1,Active,59553.34,0,Retained
597,Spain,Female,26,7,0.0,2,1,Has Credit Card,0,Inactive,110253.2,0,Retained
637,France,Male,32,5,0.0,1,0,No Credit Card,0,Inactive,148769.08,0,Retained
696,France,Male,34,9,150856.79,1,0,No Credit Card,1,Active,8236.78,0,Retained
635,Germany,Female,37,9,146748.07,1,0,No Credit Card,1,Active,11407.58,0,Retained
673,Spain,Female,57,4,0.0,2,1,Has Credit Card,1,Active,49684.09,0,Retained
662,Spain,Male,33,3,0.0,2,0,No Credit Card,1,Active,68064.83,0,Retained
683,Spain,Male,41,0,148863.17,1,1,Has Credit Card,1,Active,163911.32,0,Retained
850,France,Male,55,6,0.0,1,1,Has Credit Card,0,Inactive,944.41,1,Churned
815,Spain,Male,28,6,0.0,2,0,No Credit Card,1,Active,185547.71,0,Retained
671,Spain,Male,34,10,153360.02,1,1,Has Credit Card,0,Inactive,140509.86,0,Retained
601,France,Female,40,3,92055.36,1,0,No Credit Card,1,Active,164652.02,1,Churned
709,Germany,Female,39,9,124723.92,1,1,Has Credit Card,0,Inactive,73641.86,0,Retained
702,Germany,Male,28,1,103033.83,1,1,Has Credit Card,1,Active,40321.87,0,Retained
558,France,Male,40,6,0.0,2,1,Has Credit Card,0,Inactive,173844.89,0,Retained
691,Spain,Male,40,1,0.0,2,1,Has Credit Card,1,Active,145613.17,0,Retained
700,France,Female,30,9,0.0,1,1,Has Credit Card,1,Active,174971.64,0,Retained
667,France,Male,33,4,0.0,2,1,Has Credit Card,1,Active,131834.75,0,Retained
624,Germany,Male,54,3,116726.22,1,1,Has Credit Card,0,Inactive,110498.1,1,Churned
580,France,Female,23,5,113923.81,2,0,No Credit Card,0,Inactive,196241.43,0,Retained
571,Spain,Female,31,3,0.0,2,1,Has Credit Card,1,Active,194667.92,0,Retained
561,France,Male,37,5,0.0,2,1,Has Credit Card,0,Inactive,83093.25,0,Retained
529,France,Male,28,9,0.0,2,1,Has Credit Card,1,Active,52545.24,0,Retained
670,France,Male,36,7,0.0,2,0,No Credit Card,0,Inactive,59571.5,0,Retained
666,Germany,Female,21,1,121827.43,2,1,Has Credit Card,1,Active,99818.31,0,Retained
628,Spain,Male,42,7,0.0,2,0,No Credit Card,1,Active,172967.87,0,Retained
577,France,Male,60,10,125389.7,2,1,Has Credit Card,1,Active,178616.73,0,Retained
652,Spain,Female,38,1,103895.31,1,0,No Credit Card,1,Active,159649.44,0,Retained
678,France,Male,26,5,111128.04,1,1,Has Credit Card,0,Inactive,60941.27,1,Churned
692,Spain,Female,49,9,0.0,2,1,Has Credit Card,0,Inactive,178342.63,0,Retained
675,Spain,Male,32,10,0.0,2,1,Has Credit Card,0,Inactive,191545.65,0,Retained
712,Spain,Male,52,9,0.0,1,1,Has Credit Card,1,Active,117977.45,1,Churned
639,Germany,Female,37,5,151242.48,1,0,No Credit Card,1,Active,49637.65,0,Retained
618,France,Male,48,7,0.0,1,1,Has Credit Card,0,Inactive,13921.82,1,Churned
554,France,Male,39,2,129709.62,1,1,Has Credit Card,0,Inactive,173197.12,0,Retained
533,France,Male,47,9,83347.25,1,1,Has Credit Card,1,Active,137696.25,0,Retained
540,Spain,Female,28,6,84121.04,1,0,No Credit Card,1,Active,80698.54,0,Retained
704,Spain,Male,33,3,0.0,2,1,Has Credit Card,0,Inactive,73018.74,0,Retained
678,France,Male,43,5,102338.19,1,1,Has Credit Card,1,Active,79649.62,0,Retained
712,France,Female,29,3,87375.78,2,0,No Credit Card,0,Inactive,166194.53,0,Retained
651,France,Male,44,2,0.0,3,1,Has Credit Card,0,Inactive,102530.35,1,Churned
789,Germany,Male,51,3,104677.09,1,1,Has Credit Card,0,Inactive,74265.38,0,Retained
775,Germany,Male,32,8,121669.23,1,0,No Credit Card,1,Active,125898.39,0,Retained
564,Germany,Male,40,7,108407.34,1,1,Has Credit Card,1,Active,83681.2,0,Retained
841,Germany,Female,33,7,154969.79,2,1,Has Credit Card,1,Active,99505.75,0,Retained
850,Spain,Male,39,0,141829.67,1,1,Has Credit Card,1,Active,92748.16,0,Retained
637,France,Female,63,5,0.0,1,1,Has Credit Card,0,Inactive,28092.77,1,Churned
500,France,Male,45,2,109162.82,1,1,Has Credit Card,1,Active,126145.08,0,Retained
655,France,Male,44,8,87471.63,1,0,No Credit Card,1,Active,188593.98,0,Retained
666,France,Female,33,2,147229.65,1,1,Has Credit Card,1,Active,56410.17,0,Retained
658,France,Female,24,2,0.0,2,1,Has Credit Card,1,Active,84694.49,0,Retained
749,Germany,Male,66,6,182532.23,2,1,Has Credit Card,1,Active,195429.92,0,Retained
654,France,Male,32,6,0.0,2,1,Has Credit Card,1,Active,137898.57,0,Retained
623,France,Female,39,1,160903.2,1,0,No Credit Card,0,Inactive,78774.36,0,Retained
761,France,Female,33,6,138053.79,2,1,Has Credit Card,0,Inactive,148779.41,0,Retained
627,France,Male,44,6,153548.12,1,0,No Credit Card,0,Inactive,35300.08,1,Churned
757,Germany,Male,31,8,149085.9,2,1,Has Credit Card,1,Active,197077.36,0,Retained
695,Germany,Female,53,8,95231.91,1,0,No Credit Card,0,Inactive,70140.8,1,Churned
726,France,Male,34,3,0.0,2,1,Has Credit Card,0,Inactive,196288.46,0,Retained
587,Spain,Male,41,8,85109.21,1,1,Has Credit Card,0,Inactive,1557.82,0,Retained
605,Germany,Female,43,8,125338.8,2,1,Has Credit Card,0,Inactive,23970.13,0,Retained
850,Spain,Male,62,5,0.0,2,1,Has Credit Card,1,Active,180243.56,0,Retained
850,France,Female,38,0,106831.69,1,0,No Credit Card,1,Active,148977.72,0,Retained
751,France,Male,29,3,159597.45,1,1,Has Credit Card,0,Inactive,39934.41,0,Retained
627,Germany,Female,37,7,147361.57,1,1,Has Credit Card,1,Active,133031.96,0,Retained
736,France,Male,43,4,176134.54,1,1,Has Credit Card,1,Active,52856.88,0,Retained
652,France,Female,74,5,0.0,2,1,Has Credit Card,1,Active,937.15,0,Retained
627,France,Female,35,7,0.0,2,0,No Credit Card,1,Active,193022.44,0,Retained
636,France,Male,34,1,84055.43,1,0,No Credit Card,0,Inactive,37490.84,0,Retained
775,France,Male,60,7,0.0,2,1,Has Credit Card,1,Active,111558.7,0,Retained
850,Spain,Female,45,5,174088.3,4,1,Has Credit Card,0,Inactive,5669.31,1,Churned
850,Spain,Male,34,8,199229.14,1,0,No Credit Card,0,Inactive,68106.29,0,Retained
516,France,Male,37,8,0.0,1,1,Has Credit Card,0,Inactive,101834.58,0,Retained
513,Spain,Female,42,10,0.0,2,0,No Credit Card,1,Active,73151.25,0,Retained
673,Germany,Female,69,3,78833.15,2,1,Has Credit Card,1,Active,37196.15,0,Retained
564,France,Female,27,6,0.0,1,0,No Credit Card,0,Inactive,7819.76,0,Retained
636,France,Female,35,2,0.0,2,1,Has Credit Card,1,Active,23129.46,0,Retained
712,France,Male,29,3,102540.61,1,1,Has Credit Card,1,Active,189680.79,0,Retained
568,France,Male,51,4,0.0,3,1,Has Credit Card,1,Active,66586.56,0,Retained
741,Spain,Male,43,0,0.0,2,1,Has Credit Card,1,Active,2920.63,1,Churned
754,Germany,Female,39,8,129401.87,1,1,Has Credit Card,1,Active,87684.93,0,Retained
709,France,Female,32,7,0.0,2,1,Has Credit Card,1,Active,199418.02,0,Retained
510,France,Female,32,1,0.0,2,0,No Credit Card,1,Active,28515.17,0,Retained
716,Spain,Male,33,2,0.0,2,1,Has Credit Card,1,Active,92916.53,0,Retained
607,Germany,Male,36,10,106702.94,2,0,No Credit Card,0,Inactive,198313.69,0,Retained
656,Spain,Male,26,4,139584.57,1,1,Has Credit Card,0,Inactive,36308.93,0,Retained
550,Germany,Male,52,5,121016.23,1,1,Has Credit Card,1,Active,41730.37,1,Churned
486,France,Male,26,2,0.0,2,1,Has Credit Card,1,Active,31399.4,0,Retained
598,Germany,Male,59,8,118210.42,2,0,No Credit Card,0,Inactive,60192.14,1,Churned
675,Spain,Male,35,8,0.0,2,1,Has Credit Card,0,Inactive,29062.25,0,Retained
755,France,Female,29,4,148654.84,2,1,Has Credit Card,1,Active,28805.09,0,Retained
656,Spain,Male,32,5,136963.12,1,1,Has Credit Card,0,Inactive,133814.28,0,Retained
644,Germany,Male,47,9,137774.11,2,1,Has Credit Card,0,Inactive,151902.78,0,Retained
598,France,Female,32,4,111156.52,1,1,Has Credit Card,1,Active,167376.26,0,Retained
850,Spain,Female,31,3,121237.65,1,1,Has Credit Card,1,Active,31022.56,0,Retained
679,France,Male,36,1,97234.58,1,1,Has Credit Card,0,Inactive,188997.08,0,Retained
632,France,Male,60,2,0.0,2,0,No Credit Card,1,Active,2085.32,0,Retained
550,Spain,Male,45,0,0.0,2,0,No Credit Card,1,Active,70399.71,0,Retained
572,Germany,Female,54,9,97382.53,1,1,Has Credit Card,1,Active,195771.95,0,Retained
626,Germany,Female,47,2,103108.8,1,0,No Credit Card,1,Active,166475.44,1,Churned
625,Spain,Female,57,7,0.0,1,0,No Credit Card,0,Inactive,84106.17,1,Churned
515,France,Female,58,2,131852.81,1,1,Has Credit Card,0,Inactive,81436.68,1,Churned
612,Spain,Male,35,1,0.0,1,1,Has Credit Card,1,Active,83256.26,1,Churned
628,Spain,Female,39,8,107553.33,1,1,Has Credit Card,0,Inactive,117523.41,0,Retained
529,Spain,Female,43,5,0.0,2,0,No Credit Card,0,Inactive,79476.63,0,Retained
668,Germany,Female,46,7,161806.09,1,1,Has Credit Card,1,Active,173052.19,0,Retained
526,France,Male,30,9,0.0,2,0,No Credit Card,0,Inactive,100995.68,0,Retained
791,France,Female,52,7,0.0,1,1,Has Credit Card,1,Active,122782.5,0,Retained
573,France,Male,27,2,128243.03,1,1,Has Credit Card,1,Active,11631.34,0,Retained
565,France,Female,38,5,126645.13,1,1,Has Credit Card,1,Active,168303.55,0,Retained
604,France,Female,47,8,62094.71,3,0,No Credit Card,0,Inactive,9308.1,1,Churned
656,France,Male,37,7,112291.34,1,1,Has Credit Card,0,Inactive,153157.97,0,Retained
447,France,Female,44,5,89188.83,1,1,Has Credit Card,1,Active,75408.24,0,Retained
682,France,Male,55,9,0.0,1,1,Has Credit Card,0,Inactive,153356.8,1,Churned
437,Spain,Male,28,2,109161.25,1,1,Has Credit Card,0,Inactive,152987.42,0,Retained
792,Spain,Male,47,0,0.0,1,1,Has Credit Card,1,Active,5557.88,1,Churned
627,Spain,Female,25,4,0.0,1,1,Has Credit Card,1,Active,194313.93,0,Retained
767,France,Female,34,8,0.0,2,1,Has Credit Card,0,Inactive,94767.77,0,Retained
686,France,Male,26,7,0.0,2,1,Has Credit Card,0,Inactive,1540.89,0,Retained
789,France,Female,53,1,158271.74,1,1,Has Credit Card,1,Active,5036.39,1,Churned
794,France,Male,56,9,96951.21,1,1,Has Credit Card,1,Active,71776.76,0,Retained
587,Germany,Male,35,5,121863.61,1,1,Has Credit Card,1,Active,23481.69,1,Churned
589,Germany,Female,19,9,83495.11,1,1,Has Credit Card,1,Active,143022.31,1,Churned
543,Germany,Female,25,1,146566.01,1,0,No Credit Card,1,Active,161407.48,0,Retained
589,Spain,Female,45,1,0.0,1,0,No Credit Card,0,Inactive,125939.22,1,Churned
701,Germany,Male,23,5,186101.18,2,1,Has Credit Card,1,Active,76611.33,0,Retained
850,France,Male,40,6,0.0,1,1,Has Credit Card,0,Inactive,136985.08,1,Churned
726,Germany,Female,51,8,107494.86,2,1,Has Credit Card,0,Inactive,140937.91,1,Churned
767,Spain,Male,47,2,0.0,1,1,Has Credit Card,0,Inactive,48161.18,1,Churned
648,Spain,Male,36,8,146943.38,2,1,Has Credit Card,1,Active,130041.45,0,Retained
651,Spain,Female,36,8,0.0,2,1,Has Credit Card,0,Inactive,91652.43,0,Retained
633,France,Female,36,6,125130.28,1,0,No Credit Card,0,Inactive,125961.48,0,Retained
740,France,Female,37,9,0.0,2,1,Has Credit Card,1,Active,73225.31,0,Retained
592,France,Female,34,9,0.0,2,1,Has Credit Card,1,Active,20460.2,0,Retained
670,France,Female,41,10,0.0,3,1,Has Credit Card,0,Inactive,81602.02,0,Retained
628,France,Male,36,3,0.0,2,1,Has Credit Card,1,Active,8742.91,0,Retained
745,France,Male,47,5,0.0,2,0,No Credit Card,0,Inactive,145789.71,0,Retained
705,France,Male,32,3,0.0,2,0,No Credit Card,0,Inactive,129576.99,0,Retained
559,France,Female,42,7,0.0,2,1,Has Credit Card,1,Active,190040.29,0,Retained
595,France,Male,29,6,150685.79,1,1,Has Credit Card,0,Inactive,87771.06,0,Retained
492,France,Male,35,4,141359.37,2,1,Has Credit Card,0,Inactive,39519.53,0,Retained
498,France,Female,29,9,0.0,1,1,Has Credit Card,0,Inactive,190035.83,0,Retained
655,France,Female,39,6,94631.26,2,1,Has Credit Card,1,Active,148948.52,0,Retained
636,France,Female,39,3,118336.14,1,1,Has Credit Card,0,Inactive,184691.77,0,Retained
634,France,Female,45,2,0.0,1,1,Has Credit Card,1,Active,143458.31,0,Retained
793,Spain,Male,63,0,0.0,2,0,No Credit Card,1,Active,27166.75,0,Retained
526,Germany,Male,50,5,124233.24,1,0,No Credit Card,1,Active,159456.87,1,Churned
768,France,Female,26,5,51116.26,1,1,Has Credit Card,1,Active,70454.79,1,Churned
540,Germany,Male,64,1,91869.69,1,0,No Credit Card,1,Active,95421.0,0,Retained
732,France,Female,34,8,122338.43,2,1,Has Credit Card,0,Inactive,187985.85,0,Retained
617,France,Female,30,8,0.0,1,1,Has Credit Card,1,Active,92621.9,0,Retained
637,Spain,Female,54,5,0.0,1,0,No Credit Card,1,Active,150836.98,0,Retained
573,France,Male,26,8,86270.93,2,1,Has Credit Card,1,Active,90177.3,0,Retained
531,France,Male,44,3,0.0,2,1,Has Credit Card,1,Active,34416.79,0,Retained
489,France,Female,38,5,117289.92,1,0,No Credit Card,0,Inactive,85231.88,0,Retained
601,France,Male,35,2,0.0,2,1,Has Credit Card,1,Active,118983.18,0,Retained
452,Germany,Male,33,7,153663.27,1,1,Has Credit Card,0,Inactive,111868.23,0,Retained
728,Spain,Female,29,1,0.0,1,1,Has Credit Card,1,Active,83056.22,0,Retained
590,Germany,Female,27,8,123599.49,2,1,Has Credit Card,0,Inactive,1676.92,0,Retained
490,France,Male,29,4,0.0,2,1,Has Credit Card,0,Inactive,32089.57,0,Retained
596,Spain,Female,76,9,134208.25,1,1,Has Credit Card,1,Active,13455.43,0,Retained
635,France,Male,29,1,0.0,1,0,No Credit Card,1,Active,24865.54,0,Retained
782,Germany,Male,35,7,98556.89,2,1,Has Credit Card,0,Inactive,117644.36,0,Retained
790,Spain,Female,37,3,0.0,3,0,No Credit Card,0,Inactive,98897.32,0,Retained
587,France,Male,40,2,0.0,4,0,No Credit Card,1,Active,106174.7,1,Churned
794,Spain,Female,46,8,134593.79,1,1,Has Credit Card,1,Active,46386.37,0,Retained
515,France,Male,41,8,0.0,2,1,Has Credit Card,1,Active,185054.14,0,Retained
746,Spain,Male,24,10,68781.82,1,0,No Credit Card,1,Active,47997.39,0,Retained
667,Germany,Female,56,8,137464.04,1,1,Has Credit Card,0,Inactive,130846.79,1,Churned
709,France,Male,32,4,147307.91,1,0,No Credit Card,1,Active,40861.55,0,Retained
536,France,Female,35,8,0.0,1,1,Has Credit Card,0,Inactive,171840.24,1,Churned
711,France,Female,41,3,145754.91,1,1,Has Credit Card,1,Active,101455.07,0,Retained
753,France,Male,46,8,0.0,3,1,Has Credit Card,0,Inactive,90747.94,1,Churned
748,France,Male,44,4,112610.77,1,0,No Credit Card,1,Active,2048.55,0,Retained
623,France,Female,57,7,71481.79,2,1,Has Credit Card,1,Active,84421.34,0,Retained
465,France,Male,33,5,0.0,2,0,No Credit Card,1,Active,78698.09,0,Retained
640,Spain,Female,34,3,77826.8,1,1,Has Credit Card,1,Active,168544.85,0,Retained
562,France,Male,75,5,87140.85,1,1,Has Credit Card,1,Active,39351.64,0,Retained
502,Germany,Female,42,0,132002.7,1,0,No Credit Card,1,Active,28204.98,1,Churned
536,France,Male,32,7,178011.5,2,1,Has Credit Card,0,Inactive,22375.14,0,Retained
670,Germany,Female,32,4,102954.68,2,0,No Credit Card,1,Active,134942.45,0,Retained
775,Germany,Male,51,2,123783.25,1,1,Has Credit Card,1,Active,134901.57,0,Retained
759,Germany,Male,30,4,101802.67,1,0,No Credit Card,0,Inactive,8693.8,0,Retained
604,France,Male,33,3,148659.48,1,0,No Credit Card,0,Inactive,42437.75,0,Retained
766,Germany,Female,62,7,142724.48,1,0,No Credit Card,1,Active,5893.23,1,Churned
554,Spain,Female,41,4,112152.89,1,0,No Credit Card,1,Active,36242.19,0,Retained
487,France,Female,53,10,89550.85,1,0,No Credit Card,1,Active,90076.85,0,Retained
725,France,Male,35,7,75915.75,1,1,Has Credit Card,0,Inactive,150507.43,0,Retained
732,Germany,Female,42,2,118889.66,2,0,No Credit Card,0,Inactive,87422.15,0,Retained
623,France,Male,40,5,118788.57,1,1,Has Credit Card,0,Inactive,192867.4,0,Retained
781,France,Female,42,3,156555.54,1,1,Has Credit Card,1,Active,175674.01,0,Retained
714,Germany,Male,53,1,99141.86,1,1,Has Credit Card,1,Active,72496.05,1,Churned
577,Germany,Female,31,4,61211.18,1,1,Has Credit Card,1,Active,145250.43,0,Retained
731,Spain,Female,37,1,128932.4,1,1,Has Credit Card,1,Active,180712.52,0,Retained
650,Spain,Female,23,5,0.0,1,1,Has Credit Card,1,Active,180622.43,0,Retained
779,France,Male,32,10,80728.15,1,1,Has Credit Card,0,Inactive,86306.75,0,Retained
706,Spain,Female,46,2,127660.46,2,1,Has Credit Card,0,Inactive,150156.82,1,Churned
733,Spain,Male,44,3,106070.89,1,0,No Credit Card,1,Active,101617.43,0,Retained
579,Germany,Female,42,3,137560.38,2,1,Has Credit Card,1,Active,85424.34,0,Retained
476,Germany,Female,34,8,111905.43,1,0,No Credit Card,1,Active,197221.81,1,Churned
775,France,Male,40,9,126212.64,1,1,Has Credit Card,0,Inactive,70196.57,0,Retained
538,Spain,Male,68,9,0.0,2,1,Has Credit Card,0,Inactive,110440.5,1,Churned
602,France,Male,38,7,111835.94,2,1,Has Credit Card,0,Inactive,124389.61,0,Retained
615,France,Male,30,8,0.0,2,0,No Credit Card,0,Inactive,3183.15,0,Retained
700,Germany,Female,28,3,99705.69,2,0,No Credit Card,0,Inactive,146723.72,0,Retained
615,France,Male,32,1,0.0,2,0,No Credit Card,0,Inactive,2139.25,0,Retained
544,Germany,Male,44,2,108895.93,1,0,No Credit Card,0,Inactive,69228.2,1,Churned
573,Spain,Male,56,3,154669.77,1,0,No Credit Card,1,Active,115462.27,1,Churned
555,Spain,Male,50,7,128061.0,2,1,Has Credit Card,1,Active,62375.1,0,Retained
692,France,Female,31,2,0.0,2,1,Has Credit Card,0,Inactive,91829.17,1,Churned
476,France,Female,40,4,0.0,2,0,No Credit Card,0,Inactive,182547.04,0,Retained
770,Spain,Male,46,9,190678.02,1,1,Has Credit Card,1,Active,14725.36,0,Retained
641,France,Female,40,7,0.0,1,1,Has Credit Card,0,Inactive,126996.67,0,Retained
705,France,Female,35,5,0.0,1,1,Has Credit Card,0,Inactive,133991.11,1,Churned
784,France,Male,38,5,136712.91,1,0,No Credit Card,1,Active,169920.92,0,Retained
727,Spain,Female,52,1,154733.97,1,1,Has Credit Card,0,Inactive,80259.67,1,Churned
576,France,Female,41,4,112609.91,1,0,No Credit Card,0,Inactive,191035.18,1,Churned
646,Spain,Male,69,10,115462.44,1,1,Has Credit Card,0,Inactive,40421.87,0,Retained
638,France,Male,34,5,133501.36,1,0,No Credit Card,1,Active,155643.04,0,Retained
632,Germany,Male,30,1,58668.02,1,1,Has Credit Card,1,Active,78670.52,0,Retained
850,Spain,Male,44,7,89118.26,1,1,Has Credit Card,0,Inactive,104240.77,1,Churned
492,France,Female,28,9,0.0,2,1,Has Credit Card,0,Inactive,95957.09,0,Retained
673,Germany,Female,77,10,76510.52,2,0,No Credit Card,1,Active,59595.66,0,Retained
609,Spain,Male,34,7,140694.78,2,1,Has Credit Card,0,Inactive,46266.63,0,Retained
701,Germany,Male,36,7,95448.32,2,1,Has Credit Card,0,Inactive,189085.07,0,Retained
651,France,Male,34,4,91562.99,1,1,Has Credit Card,1,Active,123954.15,0,Retained
508,France,Male,31,8,72541.48,1,1,Has Credit Card,0,Inactive,129803.08,0,Retained
616,Spain,Female,43,3,120867.18,1,1,Has Credit Card,0,Inactive,18761.92,1,Churned
489,France,Male,34,5,0.0,1,0,No Credit Card,0,Inactive,43540.59,0,Retained
567,Spain,Female,45,1,157320.51,1,1,Has Credit Card,0,Inactive,62193.92,0,Retained
714,Spain,Male,27,3,0.0,3,1,Has Credit Card,1,Active,129130.09,0,Retained
678,Germany,Female,30,1,139676.95,2,0,No Credit Card,1,Active,16146.0,0,Retained
581,France,Female,55,6,0.0,1,1,Has Credit Card,1,Active,22442.13,0,Retained
748,Spain,Male,60,3,0.0,2,1,Has Credit Card,1,Active,78194.37,0,Retained
781,France,Female,19,3,0.0,2,1,Has Credit Card,1,Active,124297.32,0,Retained
691,Spain,Male,21,3,103000.94,1,1,Has Credit Card,1,Active,104648.58,0,Retained
507,Germany,Male,31,2,134237.07,1,1,Has Credit Card,1,Active,166423.66,1,Churned
724,Germany,Male,34,6,118235.7,2,0,No Credit Card,0,Inactive,157137.23,0,Retained
705,Spain,Female,57,3,0.0,2,1,Has Credit Card,1,Active,34134.14,0,Retained
708,Spain,Female,64,5,0.0,3,0,No Credit Card,1,Active,112520.07,1,Churned
580,Germany,Male,38,9,115442.19,2,1,Has Credit Card,0,Inactive,128481.5,1,Churned
850,France,Male,38,5,0.0,2,1,Has Credit Card,0,Inactive,16491.64,0,Retained
714,Spain,Male,25,2,0.0,1,1,Has Credit Card,1,Active,132979.43,0,Retained
559,France,Female,43,1,0.0,2,1,Has Credit Card,1,Active,196645.87,0,Retained
577,Spain,Female,44,8,115557.0,1,0,No Credit Card,1,Active,127506.76,0,Retained
647,Germany,Female,35,3,166518.63,2,1,Has Credit Card,0,Inactive,147930.46,0,Retained
554,Spain,Male,30,6,135370.12,1,1,Has Credit Card,1,Active,179689.05,1,Churned
549,Germany,Male,54,5,92877.33,1,1,Has Credit Card,0,Inactive,2619.64,1,Churned
528,France,Female,26,10,102073.67,2,0,No Credit Card,0,Inactive,166799.93,0,Retained
720,Germany,Male,46,3,97042.6,1,1,Has Credit Card,1,Active,133516.51,1,Churned
743,Spain,Male,41,7,0.0,1,1,Has Credit Card,0,Inactive,163736.09,1,Churned
615,Germany,Male,24,8,108528.07,2,0,No Credit Card,0,Inactive,179488.41,1,Churned
635,Germany,Female,44,2,79064.85,2,0,No Credit Card,1,Active,113291.75,0,Retained
686,Spain,Male,45,3,74274.87,3,1,Has Credit Card,0,Inactive,64907.48,1,Churned
840,Spain,Female,36,6,0.0,2,1,Has Credit Card,0,Inactive,141364.27,0,Retained
695,France,Male,43,1,100421.1,1,1,Has Credit Card,1,Active,101141.28,0,Retained
564,France,Male,26,7,84006.88,2,0,No Credit Card,0,Inactive,183490.99,0,Retained
805,France,Female,31,4,0.0,2,1,Has Credit Card,0,Inactive,4798.12,0,Retained
558,Spain,Male,45,4,0.0,1,1,Has Credit Card,0,Inactive,131807.14,0,Retained
657,France,Female,39,4,80293.81,1,1,Has Credit Card,0,Inactive,97192.76,0,Retained
641,France,Female,42,7,125437.14,2,0,No Credit Card,0,Inactive,164128.58,0,Retained
755,France,Male,36,8,0.0,2,1,Has Credit Card,0,Inactive,176809.87,0,Retained
483,France,Male,48,1,0.0,2,1,Has Credit Card,1,Active,110059.38,0,Retained
545,Germany,Female,44,2,127536.44,1,1,Has Credit Card,0,Inactive,108398.63,0,Retained
678,France,Male,66,8,0.0,2,1,Has Credit Card,1,Active,47117.03,0,Retained
781,Germany,Female,48,9,82794.18,1,1,Has Credit Card,0,Inactive,124720.68,1,Churned
571,Spain,Female,22,3,108117.1,1,0,No Credit Card,1,Active,53328.7,0,Retained
634,Spain,Female,35,10,0.0,1,1,Has Credit Card,0,Inactive,82634.41,0,Retained
523,Germany,Male,27,8,61688.61,2,1,Has Credit Card,0,Inactive,147059.16,0,Retained
501,France,Female,40,2,0.0,2,0,No Credit Card,0,Inactive,141946.92,0,Retained
662,France,Male,74,6,0.0,2,1,Has Credit Card,0,Inactive,123583.85,0,Retained
573,Spain,Male,50,0,159304.07,1,0,No Credit Card,1,Active,155915.24,1,Churned
648,Germany,Male,33,5,138664.24,1,1,Has Credit Card,0,Inactive,29076.27,0,Retained
662,France,Female,22,2,126362.57,2,1,Has Credit Card,1,Active,97382.8,0,Retained
725,France,Male,39,4,160652.45,2,1,Has Credit Card,0,Inactive,57643.55,0,Retained
563,France,Female,35,2,183572.84,1,1,Has Credit Card,1,Active,66006.75,1,Churned
628,France,Male,31,0,88421.81,1,0,No Credit Card,0,Inactive,72350.47,0,Retained
546,Spain,Female,45,2,0.0,1,0,No Credit Card,0,Inactive,197789.83,1,Churned
688,Germany,Male,41,2,112871.19,2,0,No Credit Card,1,Active,65520.74,0,Retained
850,Germany,Male,41,8,60880.68,1,1,Has Credit Card,0,Inactive,31825.84,0,Retained
614,France,Female,34,5,0.0,2,1,Has Credit Card,0,Inactive,185561.89,0,Retained
719,France,Female,37,9,101455.7,1,1,Has Credit Card,0,Inactive,25803.59,1,Churned
757,France,Female,71,0,88084.13,2,1,Has Credit Card,1,Active,154337.47,0,Retained
669,France,Male,29,7,0.0,2,1,Has Credit Card,1,Active,138145.62,0,Retained
438,Germany,Male,59,7,127197.14,1,1,Has Credit Card,0,Inactive,51565.98,1,Churned
492,France,Male,39,7,0.0,2,0,No Credit Card,1,Active,71323.23,0,Retained
622,France,Female,39,9,83456.79,2,0,No Credit Card,0,Inactive,38882.34,0,Retained
645,France,Male,42,4,98298.18,1,1,Has Credit Card,1,Active,676.06,0,Retained
728,France,Male,37,0,0.0,2,1,Has Credit Card,1,Active,72203.8,0,Retained
651,France,Male,35,2,86911.8,1,1,Has Credit Card,0,Inactive,174094.24,0,Retained
783,Germany,Female,42,2,139707.28,1,1,Has Credit Card,0,Inactive,2150.22,0,Retained
732,Spain,Female,67,1,0.0,2,1,Has Credit Card,1,Active,177783.04,0,Retained
553,Spain,Female,39,1,142876.98,2,1,Has Credit Card,0,Inactive,44363.42,0,Retained
660,France,Male,30,7,146301.31,1,0,No Credit Card,0,Inactive,96847.91,0,Retained
670,France,Female,40,3,47364.45,1,1,Has Credit Card,1,Active,148579.43,1,Churned
718,France,Male,38,7,0.0,2,1,Has Credit Card,0,Inactive,38308.34,0,Retained
787,France,Male,51,0,58137.08,1,0,No Credit Card,1,Active,142538.31,0,Retained
775,Germany,Female,38,6,179886.41,2,0,No Credit Card,0,Inactive,153122.58,0,Retained
479,Germany,Male,24,6,107637.97,2,0,No Credit Card,1,Active,169505.83,0,Retained
660,France,Female,20,6,167685.56,1,1,Has Credit Card,0,Inactive,57929.9,0,Retained
721,Germany,Male,68,4,136525.99,1,0,No Credit Card,0,Inactive,175399.14,0,Retained
659,Germany,Male,39,8,52106.33,2,1,Has Credit Card,1,Active,107964.36,0,Retained
743,France,Female,39,8,0.0,1,1,Has Credit Card,0,Inactive,94263.44,0,Retained
670,France,Female,45,9,104930.38,1,1,Has Credit Card,0,Inactive,155921.81,1,Churned
766,Germany,Female,34,6,106434.94,1,0,No Credit Card,1,Active,137995.66,1,Churned
845,Spain,Female,38,2,112803.92,1,1,Has Credit Card,0,Inactive,179631.85,0,Retained
710,Germany,Female,46,10,120530.34,1,1,Has Credit Card,0,Inactive,166586.99,1,Churned
602,Germany,Female,43,2,113641.49,4,1,Has Credit Card,0,Inactive,115116.35,1,Churned
604,Spain,Male,43,2,145081.72,1,1,Has Credit Card,1,Active,23881.62,0,Retained
564,Spain,Female,35,9,0.0,2,1,Has Credit Card,1,Active,105837.38,0,Retained
637,Germany,Female,27,7,135842.89,1,1,Has Credit Card,1,Active,101418.05,0,Retained
527,France,Female,31,1,112203.25,1,1,Has Credit Card,0,Inactive,182266.01,0,Retained
687,France,Male,34,7,129895.19,1,0,No Credit Card,1,Active,28698.17,0,Retained
756,Germany,Male,41,6,149049.92,1,0,No Credit Card,1,Active,50422.36,1,Churned
503,Germany,Male,42,9,153279.39,1,1,Has Credit Card,1,Active,151336.96,0,Retained
657,Spain,Male,42,5,41473.33,1,1,Has Credit Card,0,Inactive,112979.6,1,Churned
666,France,Female,40,2,0.0,2,0,No Credit Card,0,Inactive,36371.27,0,Retained
615,Germany,Male,39,5,113193.51,2,1,Has Credit Card,1,Active,52166.25,0,Retained
712,Germany,Male,27,8,113174.21,2,1,Has Credit Card,0,Inactive,147261.58,0,Retained
764,France,Female,24,0,0.0,2,1,Has Credit Card,0,Inactive,88724.49,0,Retained
471,France,Male,42,3,164951.56,1,1,Has Credit Card,0,Inactive,190531.77,0,Retained
608,Spain,Male,27,4,153325.1,1,1,Has Credit Card,1,Active,199953.33,0,Retained
682,Spain,Female,47,10,134032.01,1,1,Has Credit Card,0,Inactive,144290.97,0,Retained
587,Germany,Female,32,3,125445.04,2,1,Has Credit Card,1,Active,130514.78,0,Retained
714,Germany,Female,35,6,126077.43,2,1,Has Credit Card,1,Active,53954.24,0,Retained
630,Spain,Female,31,1,0.0,2,1,Has Credit Card,1,Active,169802.73,0,Retained
648,Germany,Female,28,8,90371.09,1,1,Has Credit Card,1,Active,146851.73,0,Retained
785,France,Female,40,3,0.0,2,1,Has Credit Card,1,Active,96832.82,0,Retained
601,Germany,Female,47,1,142802.02,1,1,Has Credit Card,1,Active,57553.02,0,Retained
717,France,Female,28,1,90537.16,1,0,No Credit Card,1,Active,74800.99,0,Retained
707,France,Female,44,6,0.0,2,1,Has Credit Card,1,Active,192542.17,0,Retained
771,France,Female,23,7,156123.73,1,1,Has Credit Card,0,Inactive,72990.62,0,Retained
602,France,Female,35,5,0.0,2,1,Has Credit Card,0,Inactive,31050.02,0,Retained
626,France,Male,38,7,141074.59,1,1,Has Credit Card,0,Inactive,52795.56,1,Churned
588,Spain,Male,59,4,0.0,2,1,Has Credit Card,1,Active,27435.41,0,Retained
616,Germany,Female,42,6,117899.95,2,0,No Credit Card,0,Inactive,150266.81,0,Retained
621,Spain,Male,33,4,0.0,2,1,Has Credit Card,1,Active,40299.23,0,Retained
674,France,Male,26,6,166257.96,1,1,Has Credit Card,1,Active,149369.41,0,Retained
633,Spain,Female,46,3,0.0,2,1,Has Credit Card,0,Inactive,120250.58,0,Retained
698,Germany,Female,64,1,169362.43,1,1,Has Credit Card,0,Inactive,84760.32,1,Churned
508,France,Male,26,7,205962.0,1,1,Has Credit Card,0,Inactive,156424.4,0,Retained
736,France,Female,24,0,0.0,2,1,Has Credit Card,0,Inactive,109355.73,1,Churned
672,Germany,Male,68,0,126061.51,2,1,Has Credit Card,1,Active,184936.77,0,Retained
613,France,Female,21,7,105627.95,1,1,Has Credit Card,1,Active,36560.51,0,Retained
712,France,Male,32,9,100606.02,1,1,Has Credit Card,0,Inactive,165693.06,0,Retained
624,France,Female,38,3,0.0,2,1,Has Credit Card,1,Active,163666.85,0,Retained
676,France,Male,38,1,0.0,2,0,No Credit Card,1,Active,35644.79,0,Retained
683,Germany,Female,32,0,138171.1,2,1,Has Credit Card,1,Active,188203.58,0,Retained
489,France,Female,31,7,139395.08,1,0,No Credit Card,1,Active,6120.84,0,Retained
739,France,Male,29,1,0.0,2,1,Has Credit Card,1,Active,164484.78,0,Retained
701,France,Female,37,3,0.0,2,1,Has Credit Card,1,Active,164268.28,0,Retained
666,Germany,Female,50,7,109062.28,1,1,Has Credit Card,1,Active,140136.1,1,Churned
565,Germany,Female,40,1,89994.71,2,0,No Credit Card,1,Active,121084.27,0,Retained
666,France,Male,36,3,0.0,2,1,Has Credit Card,0,Inactive,35156.54,0,Retained
633,France,Male,59,2,103996.74,1,1,Has Credit Card,1,Active,103159.11,0,Retained
578,France,Male,34,4,175111.11,1,1,Has Credit Card,1,Active,74858.3,0,Retained
812,Spain,Female,49,8,66079.45,2,0,No Credit Card,0,Inactive,91556.57,1,Churned
809,Germany,Male,33,8,148055.74,1,0,No Credit Card,0,Inactive,199203.21,0,Retained
615,France,Male,36,6,0.0,1,1,Has Credit Card,1,Active,27011.8,1,Churned
684,Spain,Female,31,8,0.0,2,1,Has Credit Card,0,Inactive,188637.05,0,Retained
544,France,Male,40,8,0.0,2,1,Has Credit Card,0,Inactive,61581.2,0,Retained
713,Germany,Male,47,1,95994.98,1,1,Has Credit Card,0,Inactive,197529.23,0,Retained
633,France,Male,37,2,0.0,2,1,Has Credit Card,0,Inactive,182258.17,0,Retained
672,Germany,Female,23,10,110741.56,1,1,Has Credit Card,0,Inactive,80778.5,0,Retained
661,France,Male,35,5,0.0,1,1,Has Credit Card,0,Inactive,155394.52,0,Retained
749,Spain,Female,28,3,0.0,1,1,Has Credit Card,0,Inactive,3408.7,0,Retained
635,Spain,Female,32,8,0.0,2,1,Has Credit Card,1,Active,19367.98,1,Churned
850,Germany,Female,70,1,96947.58,3,1,Has Credit Card,0,Inactive,62282.99,1,Churned
641,France,Male,41,6,0.0,2,1,Has Credit Card,0,Inactive,65396.79,0,Retained
633,Germany,Male,30,2,109786.82,2,1,Has Credit Card,1,Active,139712.81,0,Retained
413,Spain,Male,35,2,0.0,2,1,Has Credit Card,1,Active,60972.84,0,Retained
538,France,Male,31,1,0.0,2,1,Has Credit Card,0,Inactive,1375.46,0,Retained
437,France,Female,39,0,102721.49,1,0,No Credit Card,0,Inactive,22191.82,0,Retained
612,Spain,Male,33,5,69478.57,1,1,Has Credit Card,0,Inactive,8973.67,1,Churned
516,Germany,Female,53,1,156674.2,1,1,Has Credit Card,0,Inactive,118502.34,1,Churned
826,Spain,Female,56,8,174506.1,2,0,No Credit Card,1,Active,161802.82,1,Churned
660,Germany,Female,23,6,166070.48,2,0,No Credit Card,0,Inactive,90494.72,0,Retained
646,Germany,Female,29,4,105957.44,1,1,Has Credit Card,0,Inactive,15470.91,0,Retained
767,France,Male,36,3,0.0,1,0,No Credit Card,0,Inactive,65147.27,0,Retained
640,France,Male,40,8,110340.68,1,1,Has Credit Card,1,Active,157886.6,0,Retained
778,France,Male,33,1,0.0,2,1,Has Credit Card,0,Inactive,85439.73,0,Retained
679,Germany,Male,52,9,135870.01,2,0,No Credit Card,0,Inactive,54038.62,0,Retained
549,France,Male,31,4,0.0,2,0,No Credit Card,1,Active,25684.85,0,Retained
598,France,Male,47,2,0.0,2,1,Has Credit Card,1,Active,186116.54,0,Retained
655,France,Female,45,0,0.0,2,1,Has Credit Card,0,Inactive,166830.71,0,Retained
494,France,Male,30,3,85704.95,1,0,No Credit Card,1,Active,27886.06,0,Retained
653,France,Female,42,1,0.0,2,1,Has Credit Card,1,Active,5768.32,0,Retained
539,Germany,Female,38,8,105435.74,1,0,No Credit Card,0,Inactive,80575.44,1,Churned
645,France,Female,37,1,0.0,2,1,Has Credit Card,1,Active,68987.55,0,Retained
751,Germany,Male,34,9,108513.25,2,1,Has Credit Card,1,Active,27097.82,0,Retained
528,France,Male,35,3,156687.1,1,1,Has Credit Card,0,Inactive,199320.77,0,Retained
696,Germany,Male,31,3,150604.52,1,0,No Credit Card,0,Inactive,5566.6,0,Retained
716,France,Female,44,6,155114.9,1,0,No Credit Card,0,Inactive,133871.83,0,Retained
602,France,Female,35,8,0.0,2,1,Has Credit Card,1,Active,152843.53,0,Retained
647,Spain,Female,64,1,91216.0,1,1,Has Credit Card,1,Active,41800.18,0,Retained
850,Germany,Male,61,3,141784.02,1,1,Has Credit Card,1,Active,92053.75,0,Retained
590,France,Female,32,0,127763.24,1,1,Has Credit Card,0,Inactive,100717.54,0,Retained
825,Spain,Female,32,1,0.0,2,1,Has Credit Card,1,Active,42935.15,0,Retained
850,Spain,Male,31,6,82613.56,2,1,Has Credit Card,0,Inactive,149170.92,0,Retained
789,France,Female,32,7,69423.52,1,1,Has Credit Card,0,Inactive,107499.39,0,Retained
701,France,Female,42,6,86167.82,1,1,Has Credit Card,0,Inactive,153342.38,0,Retained
713,Spain,Female,47,1,0.0,1,1,Has Credit Card,0,Inactive,107825.08,1,Churned
570,France,Male,30,2,131406.56,1,1,Has Credit Card,1,Active,47952.45,0,Retained
536,Germany,Female,44,4,121898.82,1,0,No Credit Card,0,Inactive,131007.18,0,Retained
771,Germany,Male,32,9,77487.2,1,0,No Credit Card,0,Inactive,33143.04,0,Retained
512,France,Female,75,2,0.0,1,1,Has Credit Card,0,Inactive,123304.62,0,Retained
698,Spain,Male,45,5,164450.94,1,1,Has Credit Card,0,Inactive,141970.02,1,Churned
656,France,Male,33,7,138705.02,2,1,Has Credit Card,0,Inactive,37136.15,0,Retained
761,Spain,Male,37,7,132730.17,1,1,Has Credit Card,0,Inactive,199293.01,0,Retained
709,France,Female,30,5,0.0,2,0,No Credit Card,1,Active,161388.22,0,Retained
597,Spain,Female,66,3,0.0,1,1,Has Credit Card,1,Active,70532.53,0,Retained
592,France,Male,28,2,116498.22,1,1,Has Credit Card,0,Inactive,144290.25,0,Retained
599,France,Female,41,1,0.0,2,1,Has Credit Card,0,Inactive,96069.82,0,Retained
572,Germany,Female,35,1,139979.07,1,1,Has Credit Card,0,Inactive,185662.84,0,Retained
611,Germany,Female,43,9,127216.31,2,0,No Credit Card,1,Active,17913.25,0,Retained
634,France,Female,45,2,0.0,4,1,Has Credit Card,0,Inactive,101039.53,1,Churned
666,France,Male,51,2,148222.65,1,0,No Credit Card,0,Inactive,156953.54,1,Churned
696,France,Female,41,8,0.0,2,0,No Credit Card,0,Inactive,28276.83,0,Retained
669,France,Female,38,8,0.0,2,1,Has Credit Card,0,Inactive,84049.16,0,Retained
726,Spain,Male,30,8,134152.29,1,1,Has Credit Card,1,Active,147822.44,0,Retained
497,Germany,Female,32,8,111537.23,4,1,Has Credit Card,1,Active,9497.99,1,Churned
750,Spain,Female,39,7,119565.92,1,1,Has Credit Card,0,Inactive,87067.73,0,Retained
850,Spain,Female,29,7,0.0,2,1,Has Credit Card,0,Inactive,23237.25,0,Retained
617,Spain,Male,38,7,0.0,1,1,Has Credit Card,1,Active,27239.28,0,Retained
652,Germany,Male,46,10,121063.8,3,1,Has Credit Card,0,Inactive,151481.86,1,Churned
560,Spain,Female,27,7,124995.98,1,1,Has Credit Card,1,Active,114669.79,0,Retained
629,Spain,Male,39,5,0.0,2,0,No Credit Card,0,Inactive,116748.14,0,Retained
660,Germany,Female,52,4,86891.84,1,1,Has Credit Card,0,Inactive,90877.76,0,Retained
676,France,Male,38,8,0.0,2,1,Has Credit Card,1,Active,133692.88,0,Retained
581,Spain,Male,43,9,78022.61,1,0,No Credit Card,1,Active,30662.91,0,Retained
798,France,Male,34,9,154495.79,1,1,Has Credit Card,0,Inactive,191395.88,0,Retained
705,France,Male,38,1,189443.72,1,0,No Credit Card,1,Active,106648.58,0,Retained
714,Spain,Female,31,6,152926.6,1,1,Has Credit Card,1,Active,50899.91,0,Retained
664,France,Female,44,8,142989.69,1,1,Has Credit Card,1,Active,115452.51,1,Churned
697,Germany,Male,43,7,115371.94,2,1,Has Credit Card,0,Inactive,64139.1,0,Retained
609,France,Male,37,6,0.0,2,0,No Credit Card,1,Active,22030.72,0,Retained
548,Spain,Male,38,0,178056.54,2,1,Has Credit Card,0,Inactive,38434.73,0,Retained
850,Spain,Male,39,6,206014.94,2,0,No Credit Card,1,Active,42774.84,1,Churned
656,France,Male,41,2,0.0,2,1,Has Credit Card,0,Inactive,158973.77,0,Retained
727,Germany,Male,37,9,101191.83,1,1,Has Credit Card,1,Active,34551.35,1,Churned
642,France,Female,55,7,0.0,2,1,Has Credit Card,1,Active,101515.76,0,Retained
710,Spain,Female,31,5,0.0,2,1,Has Credit Card,0,Inactive,9561.73,0,Retained
710,Spain,Male,33,1,0.0,2,1,Has Credit Card,0,Inactive,168313.17,0,Retained
718,France,Female,37,7,0.0,2,1,Has Credit Card,1,Active,55100.09,0,Retained
586,Germany,Male,32,1,149814.54,1,1,Has Credit Card,0,Inactive,31830.06,0,Retained
617,Spain,Female,36,7,115617.24,1,1,Has Credit Card,1,Active,71519.4,0,Retained
630,France,Male,28,9,0.0,2,0,No Credit Card,0,Inactive,32599.35,0,Retained
791,Germany,Female,42,10,113657.41,2,0,No Credit Card,1,Active,139946.68,1,Churned
673,Spain,Male,39,8,138160.0,1,1,Has Credit Card,1,Active,110468.51,0,Retained
477,Germany,Female,36,3,117700.86,1,0,No Credit Card,0,Inactive,74042.0,0,Retained
662,France,Female,37,5,0.0,2,1,Has Credit Card,0,Inactive,151871.84,0,Retained
850,Germany,Male,37,9,122506.38,1,0,No Credit Card,1,Active,199693.84,1,Churned
635,France,Female,58,1,0.0,1,1,Has Credit Card,1,Active,58907.08,1,Churned
537,France,Male,59,9,0.0,2,0,No Credit Card,0,Inactive,103799.77,1,Churned
579,France,Female,39,3,166501.17,2,1,Has Credit Card,0,Inactive,93835.64,0,Retained
651,Spain,Female,46,4,89743.05,1,1,Has Credit Card,0,Inactive,156425.57,1,Churned
610,France,Female,25,2,0.0,2,1,Has Credit Card,0,Inactive,123723.83,0,Retained
581,France,Male,30,1,0.0,2,1,Has Credit Card,0,Inactive,199464.08,0,Retained
592,France,Male,39,7,0.0,2,1,Has Credit Card,0,Inactive,83084.33,0,Retained
688,Spain,Female,35,6,0.0,1,1,Has Credit Card,0,Inactive,25488.43,1,Churned
681,France,Female,18,1,98894.39,1,1,Has Credit Card,1,Active,9596.4,0,Retained
658,Germany,Male,37,3,168735.74,2,0,No Credit Card,0,Inactive,70370.24,0,Retained
792,France,Male,34,1,0.0,1,0,No Credit Card,1,Active,86330.32,0,Retained
528,Germany,Female,62,7,133201.17,1,0,No Credit Card,0,Inactive,168507.68,1,Churned
624,Spain,Female,36,0,0.0,2,1,Has Credit Card,0,Inactive,111605.9,0,Retained
562,Germany,Male,31,4,127237.25,2,0,No Credit Card,1,Active,143317.42,0,Retained
678,Germany,Male,36,1,117864.85,2,1,Has Credit Card,0,Inactive,27619.06,0,Retained
705,Germany,Female,64,3,153469.26,3,0,No Credit Card,0,Inactive,146573.66,1,Churned
650,Germany,Male,23,4,93911.3,2,1,Has Credit Card,0,Inactive,69055.45,0,Retained
593,Spain,Female,46,2,76597.79,1,1,Has Credit Card,1,Active,54453.72,0,Retained
652,France,Female,40,4,79927.36,2,1,Has Credit Card,1,Active,33524.6,0,Retained
554,Spain,Female,27,4,0.0,2,1,Has Credit Card,1,Active,135083.73,0,Retained
584,Germany,Male,32,8,40172.91,1,1,Has Credit Card,1,Active,137439.34,0,Retained
516,France,Male,33,7,115195.58,1,1,Has Credit Card,1,Active,11205.5,0,Retained
789,Germany,Female,43,9,116644.29,2,1,Has Credit Card,1,Active,60176.1,0,Retained
598,Germany,Male,20,8,180293.84,2,1,Has Credit Card,1,Active,29552.7,0,Retained
669,Germany,Female,30,7,139872.81,1,1,Has Credit Card,0,Inactive,188795.85,0,Retained
645,France,Female,24,3,34547.82,1,1,Has Credit Card,1,Active,11638.17,0,Retained
659,France,Female,32,9,0.0,2,1,Has Credit Card,1,Active,93155.75,0,Retained
833,Germany,Male,29,1,96462.25,2,0,No Credit Card,1,Active,48986.18,0,Retained
697,Spain,Female,40,7,130334.35,2,0,No Credit Card,1,Active,116951.1,0,Retained
580,Germany,Male,39,3,119688.81,1,1,Has Credit Card,0,Inactive,137041.26,0,Retained
691,France,Male,38,1,0.0,2,0,No Credit Card,0,Inactive,44653.5,0,Retained
534,France,Male,52,1,0.0,3,1,Has Credit Card,1,Active,104035.41,1,Churned
478,France,Female,32,6,71187.24,1,1,Has Credit Card,1,Active,110593.62,0,Retained
572,France,Female,47,2,0.0,2,1,Has Credit Card,0,Inactive,36099.7,0,Retained
501,France,Male,37,4,0.0,2,0,No Credit Card,0,Inactive,12470.3,0,Retained
624,Spain,Female,38,8,0.0,2,1,Has Credit Card,0,Inactive,95403.41,0,Retained
595,France,Female,39,9,136422.41,1,1,Has Credit Card,1,Active,151757.81,0,Retained
603,France,Male,30,8,0.0,2,1,Has Credit Card,1,Active,47536.46,0,Retained
602,France,Female,25,0,0.0,2,1,Has Credit Card,1,Active,101274.17,0,Retained
500,France,Female,34,6,0.0,1,1,Has Credit Card,1,Active,140268.45,0,Retained
422,France,Male,41,6,153238.88,1,1,Has Credit Card,0,Inactive,11663.09,0,Retained
615,France,Male,35,7,0.0,2,1,Has Credit Card,0,Inactive,150784.29,0,Retained
635,France,Female,78,6,47536.4,1,1,Has Credit Card,1,Active,119400.08,0,Retained
711,France,Female,32,1,0.0,2,1,Has Credit Card,0,Inactive,126188.42,0,Retained
834,France,Male,36,8,142882.49,1,1,Has Credit Card,0,Inactive,89983.02,1,Churned
633,France,Female,44,7,0.0,2,1,Has Credit Card,0,Inactive,29761.29,0,Retained
650,France,Female,31,1,160566.11,2,0,No Credit Card,0,Inactive,27073.81,0,Retained
743,Germany,Male,65,2,131935.51,1,1,Has Credit Card,1,Active,96399.67,1,Churned
567,France,Male,38,6,127678.8,2,0,No Credit Card,0,Inactive,45422.89,0,Retained
706,Germany,Female,46,4,105214.58,1,1,Has Credit Card,0,Inactive,108699.59,1,Churned
638,France,Male,46,9,139859.54,1,1,Has Credit Card,0,Inactive,38967.29,0,Retained
641,France,Female,38,3,0.0,2,1,Has Credit Card,0,Inactive,116466.19,0,Retained
574,France,Female,34,5,112324.45,2,1,Has Credit Card,1,Active,17993.43,0,Retained
642,Germany,Male,30,8,134497.27,1,0,No Credit Card,0,Inactive,43250.54,0,Retained
722,Spain,Female,35,1,120171.58,1,1,Has Credit Card,0,Inactive,125240.8,0,Retained
623,France,Male,23,1,106012.2,2,0,No Credit Card,1,Active,191415.94,0,Retained
681,France,Male,25,5,0.0,1,0,No Credit Card,1,Active,90860.97,0,Retained
530,France,Female,34,8,0.0,2,0,No Credit Card,1,Active,141872.52,0,Retained
797,France,Female,55,10,0.0,4,1,Has Credit Card,1,Active,49418.87,1,Churned
653,France,Male,51,3,0.0,1,1,Has Credit Card,0,Inactive,170426.65,1,Churned
850,Germany,Male,42,8,119839.69,1,0,No Credit Card,1,Active,51016.02,1,Churned
581,Spain,Male,34,1,0.0,2,0,No Credit Card,1,Active,81175.25,0,Retained
589,Germany,Male,38,8,92219.21,1,1,Has Credit Card,0,Inactive,99106.97,0,Retained
555,Germany,Male,48,3,142055.41,2,0,No Credit Card,1,Active,79134.78,0,Retained
748,France,Female,49,7,29602.08,1,0,No Credit Card,0,Inactive,163550.58,1,Churned
745,France,Female,46,7,0.0,2,1,Has Credit Card,1,Active,67769.94,0,Retained
730,France,Male,34,1,0.0,2,1,Has Credit Card,1,Active,126592.01,0,Retained
565,France,Female,44,1,0.0,2,0,No Credit Card,1,Active,89602.81,0,Retained
778,France,Male,37,3,141803.77,1,0,No Credit Card,1,Active,179421.84,0,Retained
812,France,Male,24,10,0.0,2,1,Has Credit Card,1,Active,156906.15,0,Retained
526,France,Male,42,1,0.0,1,0,No Credit Card,1,Active,168486.02,0,Retained
708,France,Female,47,0,126589.12,2,0,No Credit Card,1,Active,132730.07,1,Churned
680,France,Male,33,2,108393.35,1,0,No Credit Card,1,Active,39057.67,0,Retained
567,Spain,Male,43,2,115643.58,2,0,No Credit Card,0,Inactive,174606.35,0,Retained
564,Spain,Male,48,5,132876.23,1,1,Has Credit Card,0,Inactive,79259.77,0,Retained
709,France,Female,24,3,110949.41,1,1,Has Credit Card,1,Active,168515.61,0,Retained
629,France,Male,46,1,130666.2,1,1,Has Credit Card,1,Active,161125.67,1,Churned
510,France,Female,45,10,103821.47,2,0,No Credit Card,1,Active,77878.62,0,Retained
506,France,Female,32,3,0.0,1,1,Has Credit Card,1,Active,80823.02,0,Retained
605,France,Male,39,7,0.0,1,0,No Credit Card,1,Active,119348.28,0,Retained
650,Spain,Male,32,1,132187.73,2,1,Has Credit Card,1,Active,178331.36,0,Retained
850,Germany,Male,49,8,98649.55,1,1,Has Credit Card,0,Inactive,119174.88,1,Churned
489,Germany,Male,38,2,126444.08,2,1,Has Credit Card,1,Active,82662.73,0,Retained
659,Germany,Female,30,8,154159.51,1,1,Has Credit Card,0,Inactive,40441.1,0,Retained
753,France,Female,43,5,0.0,2,1,Has Credit Card,0,Inactive,109881.71,0,Retained
477,Germany,Male,48,8,129250.0,2,1,Has Credit Card,1,Active,157937.35,0,Retained
610,Spain,Female,45,3,0.0,1,1,Has Credit Card,0,Inactive,38276.84,1,Churned
619,France,Female,33,2,167733.51,2,1,Has Credit Card,1,Active,65222.48,0,Retained
619,Germany,Female,31,2,56116.3,2,0,No Credit Card,0,Inactive,2181.94,0,Retained
758,France,Female,30,3,141581.08,1,1,Has Credit Card,0,Inactive,156249.06,0,Retained
516,Germany,Male,50,7,139675.07,2,1,Has Credit Card,0,Inactive,45591.23,0,Retained
789,France,Female,27,8,66201.96,1,1,Has Credit Card,1,Active,79458.12,0,Retained
687,France,Female,44,9,0.0,2,0,No Credit Card,0,Inactive,103042.2,1,Churned
485,Germany,Male,34,3,133658.24,1,1,Has Credit Card,0,Inactive,70209.83,0,Retained
446,Germany,Male,25,3,136202.78,1,1,Has Credit Card,0,Inactive,176743.51,0,Retained
597,France,Female,60,0,131778.08,1,0,No Credit Card,0,Inactive,10703.53,1,Churned
712,Spain,Male,74,5,0.0,2,0,No Credit Card,0,Inactive,151425.82,0,Retained
522,France,Female,34,3,0.0,2,1,Has Credit Card,1,Active,3894.34,0,Retained
805,Germany,Female,26,8,42712.87,2,1,Has Credit Card,1,Active,28861.69,0,Retained
781,France,Female,28,4,0.0,2,1,Has Credit Card,0,Inactive,177703.15,0,Retained
689,Spain,Female,57,4,0.0,2,1,Has Credit Card,0,Inactive,136649.8,1,Churned
670,Germany,Male,31,1,142631.54,2,1,Has Credit Card,1,Active,175894.24,0,Retained
670,France,Male,33,2,141204.65,2,1,Has Credit Card,0,Inactive,76257.46,0,Retained
524,Germany,Female,25,7,131402.21,1,0,No Credit Card,0,Inactive,193668.49,0,Retained
734,Spain,Female,39,3,92636.96,2,1,Has Credit Card,1,Active,125671.29,0,Retained
489,France,Female,51,3,0.0,2,0,No Credit Card,1,Active,174098.28,1,Churned
578,Germany,Female,31,5,102088.68,4,0,No Credit Card,0,Inactive,187866.21,1,Churned
622,Spain,Male,39,9,0.0,2,0,No Credit Card,1,Active,100862.36,0,Retained
843,France,Female,38,8,134887.53,1,1,Has Credit Card,1,Active,10804.04,0,Retained
687,France,Male,48,4,0.0,2,1,Has Credit Card,1,Active,170893.85,0,Retained
700,Spain,Male,28,8,159900.38,1,0,No Credit Card,0,Inactive,22698.56,0,Retained
410,Germany,Female,50,2,102278.79,2,1,Has Credit Card,0,Inactive,89822.48,0,Retained
537,France,Female,41,0,0.0,2,0,No Credit Card,1,Active,175262.49,0,Retained
780,France,Female,43,0,0.0,1,0,No Credit Card,1,Active,15705.27,0,Retained
652,Spain,Male,58,6,0.0,2,0,No Credit Card,1,Active,170025.43,0,Retained
620,Germany,Male,35,0,76989.97,1,1,Has Credit Card,1,Active,17242.79,0,Retained
697,France,Female,23,10,0.0,2,1,Has Credit Card,1,Active,79734.23,0,Retained
786,France,Male,35,3,0.0,2,1,Has Credit Card,0,Inactive,92712.97,0,Retained
850,Germany,Female,39,5,114491.82,1,1,Has Credit Card,0,Inactive,99689.48,0,Retained
749,Germany,Male,54,3,144768.94,1,1,Has Credit Card,0,Inactive,93336.3,1,Churned
445,France,Male,31,7,145056.59,1,1,Has Credit Card,1,Active,175893.53,0,Retained
443,Germany,Male,50,3,117206.3,1,1,Has Credit Card,0,Inactive,42840.18,1,Churned
637,Germany,Male,41,2,138014.4,2,1,Has Credit Card,0,Inactive,140298.24,0,Retained
616,Germany,Female,45,6,128352.59,3,1,Has Credit Card,1,Active,144000.59,1,Churned
756,France,Female,23,1,112568.31,1,1,Has Credit Card,1,Active,113408.11,0,Retained
644,France,Male,33,2,0.0,1,1,Has Credit Card,0,Inactive,96420.58,0,Retained
850,Germany,Male,41,1,176958.46,2,0,No Credit Card,1,Active,125806.3,0,Retained
703,Germany,Female,38,9,99167.54,1,1,Has Credit Card,0,Inactive,65720.92,0,Retained
684,Spain,Female,42,3,103210.27,1,1,Has Credit Card,0,Inactive,31002.03,0,Retained
706,Germany,Female,48,10,104478.12,3,0,No Credit Card,1,Active,158248.71,1,Churned
580,Spain,Male,61,8,125921.37,1,1,Has Credit Card,1,Active,94677.83,0,Retained
777,Spain,Female,35,3,0.0,2,1,Has Credit Card,1,Active,17257.72,0,Retained
676,Germany,Male,48,3,80697.44,1,0,No Credit Card,0,Inactive,101397.86,0,Retained
708,France,Female,44,2,161887.81,2,1,Has Credit Card,0,Inactive,84870.23,0,Retained
809,France,Male,24,7,109558.36,1,1,Has Credit Card,0,Inactive,183515.13,0,Retained
588,France,Male,38,1,124271.26,1,1,Has Credit Card,0,Inactive,75969.19,0,Retained
623,France,Male,43,1,0.0,2,1,Has Credit Card,1,Active,146379.3,0,Retained
537,Spain,Male,42,1,190569.23,1,0,No Credit Card,1,Active,127154.8,0,Retained
536,Spain,Male,53,2,143923.96,1,1,Has Credit Card,0,Inactive,2019.78,1,Churned
769,France,Male,48,2,96542.16,2,0,No Credit Card,1,Active,197885.72,0,Retained
690,France,Male,33,5,0.0,2,1,Has Credit Card,0,Inactive,138017.68,0,Retained
771,Spain,Male,45,0,139825.56,1,0,No Credit Card,0,Inactive,170984.97,1,Churned
497,Germany,Male,24,6,111769.14,2,1,Has Credit Card,0,Inactive,55859.27,0,Retained
622,Spain,Male,37,4,0.0,2,1,Has Credit Card,0,Inactive,4459.5,0,Retained
602,Spain,Male,30,9,113672.18,2,0,No Credit Card,0,Inactive,102135.92,0,Retained
543,France,Female,32,7,147256.86,1,1,Has Credit Card,0,Inactive,112771.95,0,Retained
520,Spain,Male,45,7,107023.03,1,1,Has Credit Card,0,Inactive,32903.93,0,Retained
669,France,Male,37,1,125529.55,1,1,Has Credit Card,1,Active,162260.93,0,Retained
631,Spain,Female,41,0,0.0,1,0,No Credit Card,0,Inactive,87959.83,0,Retained
537,Germany,Male,48,4,131834.8,1,1,Has Credit Card,0,Inactive,166476.95,1,Churned
732,France,Male,62,2,0.0,2,1,Has Credit Card,1,Active,25438.87,0,Retained
844,Spain,Male,56,5,99529.7,1,0,No Credit Card,1,Active,157230.06,1,Churned
838,Spain,Male,35,0,0.0,2,0,No Credit Card,1,Active,197305.91,0,Retained
652,France,Male,27,10,107303.72,2,0,No Credit Card,0,Inactive,44435.76,0,Retained
660,France,Male,33,0,72783.42,1,0,No Credit Card,0,Inactive,181051.99,0,Retained
692,Spain,Female,44,8,0.0,1,0,No Credit Card,1,Active,159069.37,0,Retained
588,France,Female,35,0,0.0,2,1,Has Credit Card,1,Active,155485.24,0,Retained
533,Germany,Female,22,10,115743.6,1,0,No Credit Card,0,Inactive,43852.05,0,Retained
850,France,Male,43,4,161256.53,1,1,Has Credit Card,1,Active,140071.57,0,Retained
511,France,Male,27,8,0.0,2,1,Has Credit Card,1,Active,49089.36,0,Retained
530,Spain,Male,44,6,0.0,2,0,No Credit Card,0,Inactive,55893.37,0,Retained
554,France,Male,31,1,0.0,2,0,No Credit Card,1,Active,192660.55,0,Retained
585,Germany,Female,40,3,162261.01,2,1,Has Credit Card,0,Inactive,137028.51,0,Retained
754,France,Male,39,3,74896.33,1,0,No Credit Card,0,Inactive,34430.16,0,Retained
474,France,Male,54,3,0.0,1,1,Has Credit Card,0,Inactive,108409.17,1,Churned
837,Germany,Male,35,0,144037.6,1,1,Has Credit Card,0,Inactive,145325.32,0,Retained
567,France,Female,23,9,93522.2,1,0,No Credit Card,1,Active,81425.61,0,Retained
800,Spain,Male,38,1,0.0,2,1,Has Credit Card,0,Inactive,51553.43,0,Retained
646,France,Male,18,10,0.0,2,0,No Credit Card,1,Active,52795.15,0,Retained
627,Germany,Male,38,8,106922.92,2,0,No Credit Card,1,Active,84270.09,0,Retained
505,France,Male,26,8,112972.57,1,1,Has Credit Card,0,Inactive,145011.62,0,Retained
566,Germany,Female,35,1,123042.0,1,1,Has Credit Card,0,Inactive,66245.44,1,Churned
619,Germany,Female,33,3,100488.92,2,0,No Credit Card,1,Active,36446.74,0,Retained
757,France,Female,44,4,123322.15,1,1,Has Credit Card,0,Inactive,137136.29,0,Retained
648,France,Male,32,0,0.0,1,0,No Credit Card,1,Active,117323.31,0,Retained
621,Spain,Male,42,8,68683.68,1,1,Has Credit Card,1,Active,74157.71,0,Retained
543,Germany,Male,49,6,59532.18,1,1,Has Credit Card,0,Inactive,104253.56,0,Retained
658,France,Female,43,7,140260.36,2,1,Has Credit Card,0,Inactive,2748.72,0,Retained
633,Germany,Male,50,7,88302.65,1,1,Has Credit Card,1,Active,195937.16,0,Retained
648,France,Female,19,1,0.0,2,0,No Credit Card,1,Active,22101.86,0,Retained
501,Germany,Male,40,5,114655.58,1,0,No Credit Card,0,Inactive,126535.92,0,Retained
683,France,Female,42,4,148283.94,1,1,Has Credit Card,1,Active,44692.63,1,Churned
619,Spain,Female,38,1,0.0,1,1,Has Credit Card,0,Inactive,112442.63,1,Churned
705,France,Female,35,3,0.0,2,0,No Credit Card,1,Active,66331.01,0,Retained
638,Germany,Female,53,1,123916.67,1,1,Has Credit Card,0,Inactive,16657.68,1,Churned
710,France,Female,31,1,0.0,2,1,Has Credit Card,0,Inactive,20081.3,0,Retained
590,France,Female,54,4,0.0,2,1,Has Credit Card,1,Active,93820.49,1,Churned
725,France,Male,43,2,165896.0,2,1,Has Credit Card,0,Inactive,130795.52,0,Retained
638,France,Female,32,0,0.0,2,1,Has Credit Card,0,Inactive,160129.99,0,Retained
791,France,Male,36,6,111168.97,1,1,Has Credit Card,1,Active,189969.91,0,Retained
702,France,Female,40,1,103549.24,1,0,No Credit Card,0,Inactive,9712.52,1,Churned
607,France,Female,32,6,0.0,2,0,No Credit Card,0,Inactive,196062.01,0,Retained
535,France,Male,30,6,103804.97,1,1,Has Credit Card,1,Active,125710.53,0,Retained
651,France,Male,45,2,165901.59,2,1,Has Credit Card,0,Inactive,23054.51,1,Churned
506,Germany,Male,59,8,119152.1,2,1,Has Credit Card,1,Active,170679.74,0,Retained
511,Spain,Female,57,8,122950.31,1,1,Has Credit Card,1,Active,181258.76,0,Retained
757,France,Female,51,1,0.0,1,1,Has Credit Card,1,Active,22835.13,1,Churned
768,Germany,Male,49,1,133384.66,1,1,Has Credit Card,0,Inactive,102397.22,1,Churned
757,France,Male,32,9,0.0,2,1,Has Credit Card,0,Inactive,115950.96,0,Retained
663,Spain,Male,64,6,0.0,2,0,No Credit Card,1,Active,15876.52,0,Retained
537,Germany,Female,37,7,158411.95,4,1,Has Credit Card,1,Active,117690.58,1,Churned
570,Germany,Male,29,4,122028.65,2,1,Has Credit Card,1,Active,173792.77,0,Retained
850,France,Female,35,5,0.0,1,1,Has Credit Card,1,Active,80992.8,0,Retained
661,Germany,Female,64,8,128751.65,2,1,Has Credit Card,0,Inactive,189398.18,1,Churned
659,France,Male,54,8,133436.52,1,1,Has Credit Card,0,Inactive,56787.8,0,Retained
454,Spain,Male,40,2,123177.01,1,1,Has Credit Card,0,Inactive,148309.98,0,Retained
708,France,Female,59,2,0.0,1,1,Has Credit Card,0,Inactive,179673.11,1,Churned
720,France,Female,37,2,120328.88,2,1,Has Credit Card,1,Active,138470.21,0,Retained
785,France,Female,39,1,130147.98,1,1,Has Credit Card,0,Inactive,163798.41,1,Churned
743,Spain,Female,36,8,92716.96,1,1,Has Credit Card,1,Active,33693.78,0,Retained
493,Spain,Female,48,7,0.0,2,1,Has Credit Card,0,Inactive,48545.1,0,Retained
557,Spain,Male,34,3,0.0,1,0,No Credit Card,1,Active,123427.98,0,Retained
850,France,Male,40,1,76914.21,1,1,Has Credit Card,0,Inactive,174183.44,0,Retained
799,France,Female,32,3,106045.92,2,1,Has Credit Card,1,Active,17938.0,0,Retained
756,France,Male,34,1,103133.26,1,1,Has Credit Card,1,Active,90059.04,0,Retained
752,France,Male,38,0,145974.79,2,1,Has Credit Card,1,Active,137694.23,0,Retained
696,Spain,Female,36,3,0.0,3,1,Has Credit Card,0,Inactive,65039.9,0,Retained
630,Spain,Female,49,1,0.0,2,0,No Credit Card,1,Active,162858.29,0,Retained
659,Spain,Female,38,9,0.0,2,1,Has Credit Card,1,Active,35701.06,0,Retained
685,Spain,Male,39,9,0.0,2,1,Has Credit Card,1,Active,18826.06,0,Retained
599,Spain,Female,31,3,0.0,1,1,Has Credit Card,1,Active,130086.47,1,Churned
559,Spain,Female,31,1,139183.06,1,0,No Credit Card,1,Active,143360.56,0,Retained
615,Spain,Male,19,5,0.0,2,1,Has Credit Card,0,Inactive,159920.92,0,Retained
580,Germany,Female,36,3,74974.89,1,1,Has Credit Card,1,Active,12099.67,0,Retained
487,Spain,Male,44,6,61691.45,1,1,Has Credit Card,1,Active,53087.98,0,Retained
646,Germany,Female,35,1,121952.75,2,1,Has Credit Card,1,Active,142839.82,0,Retained
811,France,Female,35,7,0.0,1,1,Has Credit Card,1,Active,178.19,0,Retained
526,Spain,Male,35,5,0.0,2,1,Has Credit Card,1,Active,105618.14,0,Retained
767,Spain,Male,37,7,0.0,2,1,Has Credit Card,1,Active,24734.25,0,Retained
548,France,Female,33,1,80107.83,2,0,No Credit Card,1,Active,82245.67,0,Retained
737,Spain,Female,45,2,0.0,2,0,No Credit Card,1,Active,177695.67,0,Retained
613,Germany,Male,40,1,147856.82,3,0,No Credit Card,0,Inactive,107961.11,1,Churned
711,Spain,Male,36,8,0.0,2,1,Has Credit Card,0,Inactive,55207.41,0,Retained
850,Spain,Female,53,7,65407.16,2,0,No Credit Card,0,Inactive,182633.63,1,Churned
752,France,Female,53,8,114233.18,1,1,Has Credit Card,1,Active,51587.04,0,Retained
710,France,Female,37,5,0.0,2,1,Has Credit Card,0,Inactive,115403.31,0,Retained
664,Spain,Female,53,7,187602.18,1,1,Has Credit Card,0,Inactive,186392.99,1,Churned
510,France,Female,22,3,156834.34,1,0,No Credit Card,0,Inactive,44374.44,0,Retained
577,France,Female,34,2,0.0,2,1,Has Credit Card,1,Active,84033.35,0,Retained
529,France,Male,42,1,157498.9,1,1,Has Credit Card,1,Active,82276.62,0,Retained
757,Spain,Female,44,9,0.0,2,1,Has Credit Card,0,Inactive,177528.92,0,Retained
691,France,Male,41,2,0.0,1,1,Has Credit Card,1,Active,56850.92,1,Churned
621,Spain,Male,34,8,0.0,1,0,No Credit Card,0,Inactive,47972.65,0,Retained
709,Spain,Male,35,2,0.0,2,1,Has Credit Card,0,Inactive,104982.39,0,Retained
756,Spain,Male,19,4,130274.22,1,1,Has Credit Card,1,Active,133535.29,0,Retained
788,France,Female,41,6,0.0,1,1,Has Credit Card,1,Active,25571.37,0,Retained
705,France,Female,39,5,149379.66,2,1,Has Credit Card,0,Inactive,96075.55,0,Retained
483,France,Male,29,9,0.0,1,1,Has Credit Card,1,Active,81634.45,0,Retained
719,Spain,Male,35,1,100829.94,1,1,Has Credit Card,1,Active,165008.97,0,Retained
793,Germany,Female,32,1,96408.98,1,1,Has Credit Card,1,Active,138191.81,0,Retained
593,France,Male,41,6,0.0,2,1,Has Credit Card,1,Active,99136.49,0,Retained
551,France,Male,52,1,0.0,1,0,No Credit Card,0,Inactive,63584.55,1,Churned
690,France,Male,39,6,0.0,2,1,Has Credit Card,0,Inactive,160532.88,0,Retained
823,France,Male,71,5,149105.08,1,0,No Credit Card,1,Active,162683.06,0,Retained
512,Spain,Male,39,3,0.0,1,1,Has Credit Card,0,Inactive,134878.19,0,Retained
802,Spain,Male,41,5,0.0,2,1,Has Credit Card,1,Active,134626.3,0,Retained
450,Spain,Female,34,2,0.0,2,1,Has Credit Card,0,Inactive,175480.93,0,Retained
651,Germany,Male,41,1,90218.11,1,1,Has Credit Card,0,Inactive,174337.68,0,Retained
697,France,Female,33,1,87347.7,1,1,Has Credit Card,0,Inactive,172524.51,0,Retained
611,France,Male,28,2,0.0,2,0,No Credit Card,0,Inactive,25395.83,0,Retained
643,France,Female,33,0,137811.75,1,1,Has Credit Card,1,Active,184856.89,0,Retained
822,France,Male,37,3,105563.0,1,1,Has Credit Card,0,Inactive,182624.93,0,Retained
632,France,Male,38,4,0.0,2,0,No Credit Card,0,Inactive,192505.62,0,Retained
575,Spain,Female,26,7,0.0,2,1,Has Credit Card,0,Inactive,112507.63,0,Retained
672,France,Male,31,6,91125.75,1,1,Has Credit Card,0,Inactive,177295.92,0,Retained
517,Spain,Male,39,3,0.0,2,0,No Credit Card,1,Active,12465.51,0,Retained
621,Spain,Male,39,8,0.0,2,1,Has Credit Card,0,Inactive,36122.96,0,Retained
775,Germany,Female,77,6,135120.56,1,1,Has Credit Card,0,Inactive,37836.64,0,Retained
600,France,Male,29,8,0.0,2,0,No Credit Card,1,Active,34747.43,0,Retained
640,France,Male,28,7,0.0,2,1,Has Credit Card,1,Active,131097.9,0,Retained
752,France,Female,36,1,86837.95,1,1,Has Credit Card,1,Active,105280.55,0,Retained
613,France,Male,26,4,100446.57,1,0,No Credit Card,1,Active,149653.81,0,Retained
484,France,Female,32,3,0.0,2,1,Has Credit Card,1,Active,139390.99,0,Retained
511,France,Female,33,3,0.0,2,1,Has Credit Card,0,Inactive,132436.71,0,Retained
745,France,Female,32,2,0.0,4,0,No Credit Card,1,Active,179705.13,1,Churned
786,Spain,Female,32,6,114512.59,1,1,Has Credit Card,0,Inactive,15796.66,0,Retained
727,France,Male,35,5,136364.46,1,0,No Credit Card,0,Inactive,142754.71,0,Retained
622,France,Male,31,5,106260.67,1,1,Has Credit Card,1,Active,2578.43,0,Retained
794,France,Male,24,10,146126.75,1,1,Has Credit Card,1,Active,88992.05,0,Retained
636,Spain,Male,52,4,111284.53,1,0,No Credit Card,1,Active,32936.44,1,Churned
741,Spain,Female,42,9,121056.63,2,1,Has Credit Card,0,Inactive,39122.58,0,Retained
687,France,Male,34,5,128270.56,1,1,Has Credit Card,0,Inactive,191092.62,0,Retained
660,Spain,Male,30,4,0.0,2,1,Has Credit Card,0,Inactive,129149.06,0,Retained
660,France,Male,35,7,0.0,2,1,Has Credit Card,0,Inactive,13218.6,0,Retained
617,France,Female,79,7,0.0,1,1,Has Credit Card,1,Active,160589.18,0,Retained
762,France,Male,32,10,191775.65,1,1,Has Credit Card,0,Inactive,179657.83,0,Retained
752,Spain,Female,35,2,0.0,1,1,Has Credit Card,0,Inactive,44335.54,1,Churned
561,Spain,Male,34,4,85141.79,2,1,Has Credit Card,1,Active,29217.37,0,Retained
609,France,Male,26,10,126392.18,1,0,No Credit Card,1,Active,43651.49,0,Retained
803,France,Male,28,3,0.0,2,1,Has Credit Card,0,Inactive,159654.0,0,Retained
556,France,Female,40,9,129860.37,1,0,No Credit Card,0,Inactive,17992.94,0,Retained
531,France,Female,53,5,127642.44,1,1,Has Credit Card,0,Inactive,141501.45,1,Churned
411,France,Female,35,2,0.0,2,1,Has Credit Card,1,Active,93825.78,0,Retained
587,Germany,Female,44,5,125584.17,2,1,Has Credit Card,1,Active,41852.24,1,Churned
683,Spain,Male,56,7,50911.21,3,0,No Credit Card,0,Inactive,97629.31,1,Churned
654,France,Male,29,2,91955.61,1,1,Has Credit Card,0,Inactive,37065.66,0,Retained
670,Germany,Female,36,2,84266.44,2,0,No Credit Card,0,Inactive,38614.69,0,Retained
655,France,Female,36,2,147149.59,1,1,Has Credit Card,1,Active,87816.86,0,Retained
752,France,Female,36,7,0.0,2,1,Has Credit Card,0,Inactive,184866.86,0,Retained
534,France,Female,23,5,104822.45,1,0,No Credit Card,1,Active,160176.47,0,Retained
635,France,Male,42,1,146766.72,2,0,No Credit Card,1,Active,164357.1,0,Retained
491,Germany,Male,70,6,148745.92,2,1,Has Credit Card,1,Active,17818.33,0,Retained
516,France,Male,27,9,0.0,1,1,Has Credit Card,0,Inactive,142680.64,1,Churned
530,France,Female,48,0,0.0,1,1,Has Credit Card,0,Inactive,85081.09,0,Retained
687,Spain,Male,35,3,0.0,2,1,Has Credit Card,1,Active,176450.19,0,Retained
684,France,Female,41,6,135203.81,2,1,Has Credit Card,1,Active,121967.88,0,Retained
706,Germany,Male,23,2,93301.97,2,0,No Credit Card,1,Active,127187.04,0,Retained
490,Germany,Male,33,5,96341.0,2,0,No Credit Card,0,Inactive,108313.34,0,Retained
796,France,Male,44,8,165326.2,1,1,Has Credit Card,1,Active,57205.55,0,Retained
849,France,Male,27,0,0.0,2,0,No Credit Card,1,Active,157891.86,0,Retained
779,France,Female,41,10,99786.2,1,1,Has Credit Card,0,Inactive,86927.53,0,Retained
794,Spain,Female,22,4,114440.24,1,1,Has Credit Card,1,Active,107753.07,0,Retained
748,Spain,Male,36,4,141573.55,1,1,Has Credit Card,0,Inactive,82158.14,0,Retained
663,Spain,Female,22,9,0.0,1,1,Has Credit Card,0,Inactive,29135.89,1,Churned
645,Spain,Female,55,1,133676.65,1,0,No Credit Card,1,Active,17095.49,0,Retained
464,France,Female,33,10,147493.7,2,1,Has Credit Card,0,Inactive,100447.53,0,Retained
737,France,Male,54,9,0.0,1,1,Has Credit Card,0,Inactive,83470.4,1,Churned
590,France,Female,29,4,0.0,2,1,Has Credit Card,0,Inactive,121846.81,0,Retained
522,Germany,Female,37,3,95022.57,1,1,Has Credit Card,1,Active,129107.59,0,Retained
648,France,Female,34,3,0.0,1,1,Has Credit Card,0,Inactive,54726.43,0,Retained
754,France,Male,37,6,0.0,1,1,Has Credit Card,1,Active,116141.72,0,Retained
669,France,Male,50,4,149713.61,3,1,Has Credit Card,1,Active,124872.42,1,Churned
648,Germany,Female,43,1,107963.38,1,0,No Credit Card,0,Inactive,186438.86,1,Churned
763,France,Male,40,3,0.0,2,1,Has Credit Card,0,Inactive,134281.11,0,Retained
790,Spain,Male,32,3,0.0,1,1,Has Credit Card,0,Inactive,91044.47,0,Retained
581,France,Male,37,7,0.0,2,1,Has Credit Card,1,Active,74320.75,0,Retained
703,France,Male,43,8,0.0,2,1,Has Credit Card,0,Inactive,9704.66,0,Retained
571,France,Female,33,9,102017.25,2,0,No Credit Card,0,Inactive,128600.49,0,Retained
657,Spain,Female,27,8,0.0,2,0,No Credit Card,0,Inactive,6468.24,0,Retained
737,France,Male,44,7,0.0,2,0,No Credit Card,0,Inactive,57898.58,0,Retained
793,Spain,Male,29,8,96674.55,2,0,No Credit Card,0,Inactive,192120.66,0,Retained
783,Spain,Female,44,3,81811.71,1,1,Has Credit Card,0,Inactive,164213.53,1,Churned
751,Spain,Male,33,4,79281.61,1,1,Has Credit Card,0,Inactive,117547.76,0,Retained
579,France,Male,31,6,0.0,2,1,Has Credit Card,0,Inactive,26149.25,0,Retained
655,Germany,Female,36,10,122314.39,1,1,Has Credit Card,0,Inactive,9181.66,0,Retained
614,Germany,Male,43,8,140733.74,1,1,Has Credit Card,1,Active,166588.76,0,Retained
678,Germany,Male,49,2,116933.11,1,1,Has Credit Card,0,Inactive,195053.58,1,Churned
562,Spain,Male,41,5,165445.04,2,1,Has Credit Card,0,Inactive,85787.31,0,Retained
711,Germany,Female,53,5,123805.03,1,1,Has Credit Card,0,Inactive,102428.51,0,Retained
620,France,Male,37,0,107548.94,1,1,Has Credit Card,0,Inactive,71175.94,0,Retained
437,France,Male,49,9,111634.29,2,0,No Credit Card,1,Active,166440.32,0,Retained
691,Germany,Female,41,8,109153.96,3,1,Has Credit Card,1,Active,148848.76,1,Churned
552,Spain,Female,34,4,0.0,2,1,Has Credit Card,0,Inactive,140286.69,0,Retained
765,Germany,Male,34,5,86055.17,2,1,Has Credit Card,1,Active,104220.5,0,Retained
707,Germany,Female,51,10,98438.23,1,0,No Credit Card,0,Inactive,70778.63,1,Churned
764,Spain,Male,29,5,0.0,2,1,Has Credit Card,0,Inactive,65868.28,0,Retained
585,France,Female,32,8,144705.87,2,0,No Credit Card,0,Inactive,171482.56,0,Retained
784,France,Male,31,7,0.0,2,1,Has Credit Card,1,Active,143204.41,0,Retained
605,France,Male,41,5,91612.91,1,1,Has Credit Card,1,Active,28427.84,0,Retained
699,Spain,Male,40,2,0.0,1,1,Has Credit Card,0,Inactive,78387.32,0,Retained
544,France,Female,40,7,0.0,1,0,No Credit Card,1,Active,161076.92,0,Retained
803,France,Female,32,9,192122.84,1,1,Has Credit Card,1,Active,54277.45,1,Churned
735,France,Male,41,7,179904.0,1,1,Has Credit Card,1,Active,137180.95,0,Retained
673,France,Male,59,0,178058.06,2,0,No Credit Card,1,Active,21063.71,1,Churned
652,France,Male,30,2,176166.56,2,1,Has Credit Card,1,Active,152210.81,0,Retained
694,France,Male,42,3,156864.2,2,0,No Credit Card,0,Inactive,88890.75,0,Retained
741,France,Female,44,7,0.0,2,1,Has Credit Card,1,Active,190534.76,0,Retained
590,Spain,Male,30,3,0.0,2,1,Has Credit Card,0,Inactive,83090.35,0,Retained
809,Spain,Female,33,3,0.0,2,0,No Credit Card,1,Active,141426.78,0,Retained
523,France,Male,34,2,161588.89,1,1,Has Credit Card,1,Active,51358.66,0,Retained
540,France,Male,48,2,109349.29,1,1,Has Credit Card,0,Inactive,88703.04,1,Churned
596,Spain,Female,29,6,0.0,2,1,Has Credit Card,0,Inactive,116696.77,0,Retained
597,France,Female,36,9,0.0,2,1,Has Credit Card,1,Active,7156.09,0,Retained
407,Spain,Male,37,1,0.0,1,1,Has Credit Card,1,Active,49161.12,1,Churned
748,France,Male,60,0,152335.7,1,1,Has Credit Card,0,Inactive,126743.33,1,Churned
562,France,Female,51,1,124662.54,1,1,Has Credit Card,1,Active,65390.46,1,Churned
734,Germany,Female,47,10,91522.04,2,1,Has Credit Card,1,Active,138835.91,0,Retained
710,France,Male,45,1,0.0,2,1,Has Credit Card,1,Active,36154.66,0,Retained
539,Spain,Female,39,6,62052.28,1,0,No Credit Card,1,Active,59755.14,0,Retained
542,France,Male,32,7,107871.72,1,1,Has Credit Card,0,Inactive,125302.64,0,Retained
717,France,Female,36,2,99472.76,2,1,Has Credit Card,0,Inactive,94274.72,1,Churned
682,Spain,Female,50,10,128039.01,1,1,Has Credit Card,1,Active,102260.16,0,Retained
515,France,Male,33,2,0.0,2,1,Has Credit Card,1,Active,136028.97,0,Retained
526,Spain,Female,33,8,114634.63,2,1,Has Credit Card,0,Inactive,110114.38,1,Churned
702,France,Male,26,5,56738.47,2,1,Has Credit Card,1,Active,100442.22,1,Churned
651,Germany,Male,34,2,90355.12,2,0,No Credit Card,0,Inactive,193597.94,0,Retained
792,Germany,Male,36,5,115725.24,2,0,No Credit Card,0,Inactive,1871.25,0,Retained
817,Germany,Male,58,3,114327.59,2,1,Has Credit Card,1,Active,42831.11,0,Retained
674,Germany,Female,36,6,100762.64,1,1,Has Credit Card,0,Inactive,182156.86,0,Retained
641,France,Female,40,9,0.0,1,0,No Credit Card,0,Inactive,151648.66,1,Churned
513,Spain,Male,39,7,89039.9,2,1,Has Credit Card,1,Active,146738.83,0,Retained
561,France,Male,34,1,78829.53,1,1,Has Credit Card,1,Active,12148.2,0,Retained
627,Germany,Male,30,6,112372.96,1,1,Has Credit Card,1,Active,118029.09,0,Retained
682,Germany,Male,81,6,122029.15,1,1,Has Credit Card,1,Active,50783.88,0,Retained
683,France,Female,29,0,157829.12,1,0,No Credit Card,0,Inactive,129891.66,0,Retained
420,Germany,Female,31,1,108377.75,2,1,Has Credit Card,1,Active,9904.63,0,Retained
670,France,Female,54,2,95507.12,1,1,Has Credit Card,1,Active,63213.31,0,Retained
505,Germany,Male,43,6,127146.68,1,0,No Credit Card,0,Inactive,137565.87,0,Retained
580,Germany,Male,24,1,133811.78,1,1,Has Credit Card,0,Inactive,17185.95,1,Churned
577,France,Male,36,3,121092.47,2,0,No Credit Card,1,Active,143783.46,0,Retained
773,Germany,Male,34,10,126979.75,1,0,No Credit Card,0,Inactive,36823.28,0,Retained
616,France,Male,37,5,144235.73,2,0,No Credit Card,0,Inactive,154957.66,1,Churned
763,France,Female,38,0,152582.2,2,0,No Credit Card,0,Inactive,31892.82,0,Retained
640,Spain,Male,43,9,172478.15,1,1,Has Credit Card,0,Inactive,191084.4,1,Churned
592,France,Male,36,1,126477.42,1,0,No Credit Card,0,Inactive,179718.17,0,Retained
528,Spain,Male,43,7,97473.87,2,1,Has Credit Card,1,Active,159823.16,0,Retained
630,France,Male,53,5,138053.67,1,0,No Credit Card,1,Active,114110.97,0,Retained
529,France,Female,31,2,164003.05,2,1,Has Credit Card,1,Active,60993.23,0,Retained
546,France,Female,47,8,0.0,1,1,Has Credit Card,1,Active,66408.01,1,Churned
753,France,Female,62,6,0.0,2,1,Has Credit Card,1,Active,136398.9,0,Retained
772,Spain,Female,39,4,122486.11,2,1,Has Credit Card,1,Active,140709.25,0,Retained
567,France,Male,36,1,0.0,2,0,No Credit Card,0,Inactive,8555.73,0,Retained
628,Germany,Female,45,6,53667.44,1,1,Has Credit Card,0,Inactive,115022.94,0,Retained
658,France,Male,20,7,0.0,2,0,No Credit Card,0,Inactive,187638.34,0,Retained
679,Spain,Male,58,9,109327.65,1,1,Has Credit Card,1,Active,3829.13,0,Retained
629,Spain,Male,34,1,121151.05,1,0,No Credit Card,0,Inactive,119357.93,0,Retained
731,Spain,Male,42,9,101043.63,1,1,Has Credit Card,1,Active,192175.52,0,Retained
775,Germany,Male,33,3,83501.66,2,1,Has Credit Card,0,Inactive,128841.31,0,Retained
660,Spain,Male,33,2,80462.24,1,0,No Credit Card,0,Inactive,150422.35,0,Retained
752,France,Male,39,3,0.0,1,1,Has Credit Card,0,Inactive,188187.05,0,Retained
655,France,Male,37,6,109093.41,2,1,Has Credit Card,0,Inactive,1775.52,0,Retained
543,Spain,Female,46,5,140355.6,1,1,Has Credit Card,1,Active,85086.78,0,Retained
811,France,Male,42,10,0.0,2,1,Has Credit Card,1,Active,3797.79,0,Retained
689,Germany,Male,45,0,130170.82,2,1,Has Credit Card,0,Inactive,150856.38,0,Retained
531,France,Female,42,2,0.0,2,0,No Credit Card,1,Active,90537.47,0,Retained
515,France,Male,40,0,109542.29,1,1,Has Credit Card,1,Active,166370.81,0,Retained
466,France,Female,41,3,33563.95,2,1,Has Credit Card,0,Inactive,178994.13,1,Churned
782,France,Male,36,1,148795.17,2,1,Has Credit Card,1,Active,195681.43,0,Retained
611,France,Male,64,9,0.0,2,1,Has Credit Card,1,Active,53277.15,0,Retained
621,Germany,Male,40,8,174126.75,3,1,Has Credit Card,0,Inactive,172490.78,1,Churned
604,Spain,Male,41,3,0.0,1,0,No Credit Card,0,Inactive,11819.84,0,Retained
655,Spain,Female,35,1,106405.03,1,1,Has Credit Card,1,Active,82900.25,0,Retained
689,Spain,Male,38,2,0.0,1,1,Has Credit Card,1,Active,82709.8,0,Retained
681,Spain,Male,30,2,128393.29,1,1,Has Credit Card,1,Active,180593.45,0,Retained
643,Germany,Male,41,2,127841.52,1,1,Has Credit Card,0,Inactive,172363.41,0,Retained
617,France,Female,24,4,137295.19,2,1,Has Credit Card,1,Active,91195.12,0,Retained
638,Spain,Female,55,2,155828.22,1,0,No Credit Card,1,Active,108987.25,1,Churned
743,France,Male,39,6,0.0,2,1,Has Credit Card,0,Inactive,44265.28,0,Retained
828,Germany,Female,25,7,144351.86,1,1,Has Credit Card,0,Inactive,116613.26,0,Retained
776,Spain,Male,35,8,106365.29,1,1,Has Credit Card,1,Active,148527.56,0,Retained
540,Germany,Male,35,7,127801.88,1,0,No Credit Card,1,Active,84239.46,0,Retained
616,Germany,Female,45,4,122793.96,1,1,Has Credit Card,1,Active,62002.04,0,Retained
628,Germany,Male,38,10,113525.84,1,1,Has Credit Card,0,Inactive,46044.48,1,Churned
667,Spain,Female,23,6,136100.69,2,0,No Credit Card,0,Inactive,169669.33,1,Churned
615,France,Male,30,7,0.0,2,1,Has Credit Card,1,Active,156346.84,0,Retained
543,France,Male,30,4,140916.81,1,1,Has Credit Card,0,Inactive,157711.18,0,Retained
553,France,Female,31,4,0.0,2,1,Has Credit Card,1,Active,89087.4,0,Retained
554,Germany,Male,26,4,121365.39,1,1,Has Credit Card,1,Active,8742.36,0,Retained
684,Spain,Female,36,4,0.0,1,1,Has Credit Card,0,Inactive,117038.96,0,Retained
452,France,Female,35,7,0.0,2,1,Has Credit Card,0,Inactive,164241.67,0,Retained
606,France,Male,47,3,93578.68,2,0,No Credit Card,1,Active,137720.56,1,Churned
629,France,Male,40,9,0.0,1,1,Has Credit Card,0,Inactive,106.67,0,Retained
659,Spain,Female,33,8,115409.6,1,0,No Credit Card,1,Active,1539.21,0,Retained
493,France,Female,33,8,90791.69,1,1,Has Credit Card,1,Active,59659.53,0,Retained
794,France,Female,62,9,123681.32,3,1,Has Credit Card,0,Inactive,173586.63,1,Churned
554,France,Female,44,6,92436.86,1,1,Has Credit Card,0,Inactive,126033.9,0,Retained
796,Germany,Female,52,9,167194.36,1,1,Has Credit Card,1,Active,62808.93,1,Churned
807,France,Female,36,4,0.0,2,0,No Credit Card,1,Active,147007.33,0,Retained
500,Germany,Male,44,9,160838.13,2,1,Has Credit Card,0,Inactive,196261.64,0,Retained
722,Spain,Male,43,1,0.0,1,1,Has Credit Card,0,Inactive,44560.17,1,Churned
559,Spain,Female,40,7,144470.77,1,1,Has Credit Card,1,Active,18917.95,0,Retained
584,Spain,Female,38,3,0.0,2,1,Has Credit Card,1,Active,4525.4,0,Retained
834,Germany,Female,68,9,130169.27,2,0,No Credit Card,1,Active,93112.2,0,Retained
754,Spain,Male,35,4,0.0,2,1,Has Credit Card,1,Active,9658.41,0,Retained
590,France,Male,43,7,81076.8,2,1,Has Credit Card,1,Active,182627.25,1,Churned
740,France,Male,36,7,0.0,1,1,Has Credit Card,1,Active,13177.4,0,Retained
502,Germany,Female,57,3,101465.31,1,1,Has Credit Card,0,Inactive,43568.31,1,Churned
733,France,Male,48,5,0.0,1,0,No Credit Card,1,Active,117830.57,0,Retained
755,Germany,Female,37,0,113865.23,2,1,Has Credit Card,1,Active,117396.25,0,Retained
554,Spain,Female,46,7,87603.35,3,0,No Credit Card,1,Active,96929.24,1,Churned
534,France,Male,36,4,120037.96,1,1,Has Credit Card,0,Inactive,36275.94,0,Retained
656,Spain,Male,33,4,0.0,2,1,Has Credit Card,0,Inactive,116706.0,0,Retained
575,Germany,Male,49,7,121205.15,4,1,Has Credit Card,1,Active,168080.53,1,Churned
480,Spain,Male,47,8,75408.33,1,1,Has Credit Card,0,Inactive,25887.89,1,Churned
575,France,Male,40,5,0.0,2,1,Has Credit Card,1,Active,122488.59,0,Retained
672,France,Female,40,3,0.0,1,1,Has Credit Card,0,Inactive,113171.61,1,Churned
758,Spain,Female,35,5,0.0,2,0,No Credit Card,0,Inactive,100365.51,0,Retained
682,France,Male,50,6,121818.84,2,0,No Credit Card,1,Active,124151.37,0,Retained
501,France,Female,29,8,0.0,2,1,Has Credit Card,0,Inactive,112664.24,0,Retained
746,Germany,Male,34,6,141806.0,2,1,Has Credit Card,1,Active,183494.87,0,Retained
556,France,Female,51,8,61354.14,1,1,Has Credit Card,0,Inactive,198810.65,1,Churned
823,Germany,Female,53,4,124954.94,1,0,No Credit Card,1,Active,131259.6,1,Churned
491,Germany,Female,68,1,95039.12,1,0,No Credit Card,1,Active,116471.14,1,Churned
638,France,Female,29,9,103417.74,1,1,Has Credit Card,1,Active,15336.4,0,Retained
734,France,Male,45,2,0.0,2,1,Has Credit Card,0,Inactive,99593.28,0,Retained
555,France,Male,40,10,43028.77,1,1,Has Credit Card,0,Inactive,170514.21,0,Retained
745,Germany,Female,44,0,119638.21,1,1,Has Credit Card,1,Active,34265.08,1,Churned
728,France,Male,37,3,122689.51,2,0,No Credit Card,0,Inactive,106977.53,1,Churned
626,France,Male,44,10,0.0,2,0,No Credit Card,0,Inactive,164287.86,0,Retained
681,Germany,Male,37,8,73179.34,2,1,Has Credit Card,1,Active,25292.53,0,Retained
478,France,Female,38,4,171913.87,1,1,Has Credit Card,0,Inactive,51820.87,1,Churned
709,France,Male,38,5,0.0,2,1,Has Credit Card,1,Active,81452.29,0,Retained
562,Germany,Male,33,8,92659.2,2,1,Has Credit Card,0,Inactive,1354.25,0,Retained
769,Germany,Female,34,7,137239.17,1,1,Has Credit Card,1,Active,71379.92,1,Churned
684,Germany,Female,46,3,102955.14,2,1,Has Credit Card,0,Inactive,154137.33,0,Retained
536,France,Female,61,8,65190.29,1,1,Has Credit Card,1,Active,64308.49,1,Churned
631,Germany,Female,29,2,96863.52,2,1,Has Credit Card,1,Active,31613.35,0,Retained
657,Spain,Male,34,5,154983.98,1,1,Has Credit Card,0,Inactive,27738.01,0,Retained
699,Germany,Male,59,3,106819.65,1,0,No Credit Card,1,Active,163570.25,0,Retained
606,Spain,Male,38,7,128578.52,1,1,Has Credit Card,1,Active,193878.51,0,Retained
612,France,Female,63,2,126473.33,1,0,No Credit Card,1,Active,147545.65,0,Retained
660,France,Female,38,5,110570.78,2,1,Has Credit Card,0,Inactive,195906.59,0,Retained
829,Spain,Male,50,7,0.0,2,0,No Credit Card,1,Active,178458.86,0,Retained
567,Spain,Male,29,8,0.0,2,1,Has Credit Card,0,Inactive,156125.72,0,Retained
850,France,Female,33,3,0.0,2,1,Has Credit Card,1,Active,11159.19,0,Retained
712,Spain,Female,44,2,0.0,2,0,No Credit Card,0,Inactive,45738.94,0,Retained
562,France,Male,30,3,111099.79,2,0,No Credit Card,0,Inactive,140650.19,0,Retained
755,France,Female,29,3,0.0,3,1,Has Credit Card,0,Inactive,4733.94,0,Retained
793,Spain,Male,25,3,100913.57,1,0,No Credit Card,0,Inactive,10579.72,0,Retained
471,Spain,Male,26,8,0.0,2,1,Has Credit Card,1,Active,179655.87,0,Retained
707,France,Male,42,2,16893.59,1,1,Has Credit Card,1,Active,77502.56,0,Retained
784,Spain,Male,38,10,122267.85,1,0,No Credit Card,0,Inactive,145759.93,0,Retained
703,France,Male,32,1,125685.79,1,1,Has Credit Card,1,Active,56246.72,0,Retained
704,Spain,Male,36,8,127397.34,1,1,Has Credit Card,0,Inactive,151335.24,0,Retained
662,France,Male,38,0,105271.56,1,0,No Credit Card,1,Active,179833.45,0,Retained
636,Germany,Female,28,2,115265.14,1,0,No Credit Card,0,Inactive,191627.85,0,Retained
640,Spain,Male,36,4,0.0,1,0,No Credit Card,0,Inactive,173016.46,0,Retained
739,Spain,Male,31,1,0.0,2,1,Has Credit Card,1,Active,58469.75,0,Retained
767,Germany,Male,23,2,139542.82,1,0,No Credit Card,1,Active,28038.28,0,Retained
753,Germany,Female,46,3,111512.75,3,1,Has Credit Card,0,Inactive,159576.75,1,Churned
714,France,Male,37,9,148466.93,2,0,No Credit Card,1,Active,151280.96,0,Retained
707,France,Male,29,4,0.0,2,1,Has Credit Card,0,Inactive,139953.94,0,Retained
577,France,Female,35,4,108155.49,1,1,Has Credit Card,0,Inactive,105407.79,0,Retained
633,France,Female,42,1,0.0,2,1,Has Credit Card,0,Inactive,56865.62,0,Retained
849,Germany,Male,41,10,84622.13,1,1,Has Credit Card,1,Active,198072.16,0,Retained
614,Spain,Female,41,7,146997.64,2,0,No Credit Card,0,Inactive,137791.18,0,Retained
558,France,Female,47,9,0.0,2,1,Has Credit Card,0,Inactive,103787.28,0,Retained
832,France,Female,27,10,98590.25,1,1,Has Credit Card,0,Inactive,30912.89,0,Retained
567,France,Female,26,2,0.0,2,1,Has Credit Card,1,Active,78651.55,0,Retained
587,Germany,Female,45,8,134980.74,1,1,Has Credit Card,1,Active,123309.57,1,Churned
712,Spain,Female,79,5,108078.56,1,1,Has Credit Card,1,Active,174118.93,0,Retained
655,Spain,Female,29,9,0.0,2,0,No Credit Card,1,Active,85736.26,0,Retained
641,France,Female,42,6,0.0,2,0,No Credit Card,0,Inactive,121138.77,0,Retained
676,France,Male,35,5,106836.67,2,1,Has Credit Card,0,Inactive,84199.78,0,Retained
472,France,Male,29,8,102490.27,1,0,No Credit Card,1,Active,181224.56,0,Retained
644,Germany,Male,34,9,112746.54,2,0,No Credit Card,0,Inactive,141230.07,0,Retained
598,France,Male,38,0,125487.89,1,0,No Credit Card,0,Inactive,158111.71,0,Retained
792,Spain,Male,25,8,142862.21,1,1,Has Credit Card,1,Active,130639.01,0,Retained
700,France,Female,37,7,0.0,2,1,Has Credit Card,0,Inactive,17040.82,0,Retained
616,France,Male,34,10,0.0,2,1,Has Credit Card,0,Inactive,25662.27,0,Retained
743,Spain,Male,35,6,79388.33,1,1,Has Credit Card,1,Active,193360.69,0,Retained
427,France,Male,37,5,0.0,2,1,Has Credit Card,1,Active,121485.1,0,Retained
731,France,Male,29,10,0.0,2,1,Has Credit Card,1,Active,162452.65,0,Retained
610,France,Female,31,6,107784.65,1,1,Has Credit Card,1,Active,141137.53,0,Retained
724,Spain,Female,41,4,142880.28,3,0,No Credit Card,0,Inactive,185541.2,1,Churned
653,Spain,Female,38,9,149571.94,1,1,Has Credit Card,0,Inactive,118383.18,0,Retained
774,France,Male,49,1,142767.39,1,1,Has Credit Card,1,Active,8214.41,0,Retained
547,Germany,Male,49,8,121537.71,2,1,Has Credit Card,0,Inactive,46521.45,1,Churned
719,Spain,Male,50,2,0.0,2,0,No Credit Card,0,Inactive,10772.13,0,Retained
740,Spain,Male,43,9,0.0,1,1,Has Credit Card,0,Inactive,199290.68,1,Churned
543,France,Male,42,4,89838.71,3,1,Has Credit Card,0,Inactive,85983.54,1,Churned
688,Germany,Male,45,9,103399.87,1,0,No Credit Card,0,Inactive,129870.93,0,Retained
474,France,Female,30,9,0.0,2,0,No Credit Card,0,Inactive,63158.22,0,Retained
505,Germany,Male,43,5,136855.94,2,1,Has Credit Card,0,Inactive,171070.52,0,Retained
688,France,Female,39,0,0.0,2,1,Has Credit Card,0,Inactive,53222.15,1,Churned
650,Germany,Female,55,2,140891.46,3,1,Has Credit Card,1,Active,179834.45,1,Churned
610,France,Male,37,0,0.0,1,1,Has Credit Card,0,Inactive,114514.64,0,Retained
705,Spain,Female,46,5,89364.91,1,0,No Credit Card,1,Active,139162.15,0,Retained
669,France,Female,29,7,146011.4,1,0,No Credit Card,0,Inactive,50249.16,0,Retained
650,Spain,Male,20,8,0.0,2,1,Has Credit Card,1,Active,113469.65,0,Retained
550,Germany,Male,29,9,145294.08,2,1,Has Credit Card,0,Inactive,147484.13,0,Retained
595,Germany,Female,45,9,106000.12,1,0,No Credit Card,0,Inactive,191448.96,1,Churned
572,Spain,Female,26,5,0.0,2,1,Has Credit Card,0,Inactive,119381.41,0,Retained
622,Spain,Female,58,2,0.0,2,1,Has Credit Card,1,Active,33277.31,0,Retained
662,Spain,Male,20,9,104508.77,2,0,No Credit Card,0,Inactive,73107.53,0,Retained
783,Germany,Female,58,3,127539.3,1,1,Has Credit Card,1,Active,96590.39,1,Churned
714,Spain,Male,44,7,0.0,1,0,No Credit Card,1,Active,6923.11,0,Retained
671,Germany,Male,51,3,96891.46,1,1,Has Credit Card,0,Inactive,176403.33,1,Churned
600,France,Female,32,1,78535.25,1,1,Has Credit Card,0,Inactive,64349.6,0,Retained
847,Spain,Female,37,9,112712.17,1,1,Has Credit Card,0,Inactive,116097.26,0,Retained
650,Spain,Male,55,9,119618.42,1,1,Has Credit Card,1,Active,29861.13,0,Retained
710,Spain,Female,28,6,0.0,1,1,Has Credit Card,0,Inactive,48426.98,0,Retained
682,France,Female,33,8,74963.5,1,1,Has Credit Card,1,Active,32770.56,0,Retained
642,France,Male,26,1,138023.79,2,0,No Credit Card,1,Active,117060.2,0,Retained
536,Spain,Female,28,4,0.0,1,1,Has Credit Card,1,Active,136197.65,0,Retained
754,France,Female,47,1,185513.67,1,1,Has Credit Card,0,Inactive,27438.83,0,Retained
678,France,Male,60,8,185648.56,1,0,No Credit Card,0,Inactive,192156.54,1,Churned
533,Germany,Female,49,1,102286.6,3,1,Has Credit Card,0,Inactive,69409.37,1,Churned
741,Germany,Male,38,4,128015.83,1,1,Has Credit Card,0,Inactive,58440.43,0,Retained
757,France,Male,31,10,39539.39,2,0,No Credit Card,0,Inactive,192519.39,0,Retained
721,France,Male,40,3,0.0,1,1,Has Credit Card,1,Active,144874.67,0,Retained
700,France,Male,37,3,77608.46,2,1,Has Credit Card,1,Active,175373.46,0,Retained
663,France,Male,26,5,141462.13,1,1,Has Credit Card,0,Inactive,440.2,0,Retained
677,Spain,Female,35,0,0.0,2,0,No Credit Card,0,Inactive,76637.38,0,Retained
655,France,Male,27,2,131691.33,1,1,Has Credit Card,0,Inactive,49480.66,0,Retained
832,Spain,Male,29,8,93833.86,1,0,No Credit Card,1,Active,10417.87,0,Retained
721,Spain,Female,46,7,137933.39,1,1,Has Credit Card,1,Active,67976.57,0,Retained
542,Spain,Male,54,8,105770.14,1,0,No Credit Card,1,Active,140929.98,1,Churned
654,Spain,Female,54,5,0.0,2,0,No Credit Card,1,Active,47139.06,0,Retained
821,Spain,Female,38,8,0.0,2,0,No Credit Card,1,Active,126241.4,1,Churned
508,France,Female,38,3,166328.65,2,0,No Credit Card,1,Active,22614.19,0,Retained
588,Germany,Female,42,2,164307.77,1,1,Has Credit Card,0,Inactive,48498.19,0,Retained
691,Germany,Male,38,9,163965.69,2,0,No Credit Card,1,Active,103511.26,0,Retained
664,France,Male,40,7,125608.72,1,1,Has Credit Card,0,Inactive,122073.48,0,Retained
439,France,Female,66,9,0.0,1,1,Has Credit Card,0,Inactive,65535.56,0,Retained
479,Spain,Male,37,6,118433.94,1,0,No Credit Card,1,Active,160060.9,0,Retained
850,France,Female,55,10,98488.08,1,1,Has Credit Card,0,Inactive,155879.57,1,Churned
518,France,Male,40,4,0.0,2,0,No Credit Card,1,Active,194416.58,0,Retained
717,Germany,Female,64,10,98362.35,2,1,Has Credit Card,1,Active,21630.21,0,Retained
698,France,Female,51,6,144237.91,4,1,Has Credit Card,0,Inactive,157143.61,1,Churned
850,France,Male,34,6,0.0,1,0,No Credit Card,1,Active,52796.31,0,Retained
700,Spain,Male,47,4,0.0,1,1,Has Credit Card,0,Inactive,121798.52,1,Churned
626,France,Female,29,4,105767.28,2,0,No Credit Card,0,Inactive,41104.82,0,Retained
774,Spain,Male,32,9,0.0,2,1,Has Credit Card,0,Inactive,10604.48,0,Retained
719,Spain,Female,48,5,0.0,2,0,No Credit Card,0,Inactive,78563.66,0,Retained
646,Spain,Male,31,2,0.0,1,1,Has Credit Card,1,Active,170821.43,1,Churned
485,France,Female,25,3,134467.26,1,1,Has Credit Card,1,Active,113266.09,0,Retained
784,Germany,Male,38,1,138515.02,1,1,Has Credit Card,1,Active,171768.76,0,Retained
850,Germany,Male,32,2,128647.98,2,0,No Credit Card,0,Inactive,54416.18,0,Retained
669,France,Female,38,9,121858.98,1,1,Has Credit Card,0,Inactive,130755.34,0,Retained
731,Spain,Male,70,3,0.0,2,1,Has Credit Card,1,Active,141180.66,0,Retained
721,France,Female,49,1,120108.56,1,0,No Credit Card,1,Active,183421.76,0,Retained
515,France,Female,37,0,196853.62,1,1,Has Credit Card,1,Active,132770.11,0,Retained
774,France,Female,35,3,121418.62,1,1,Has Credit Card,1,Active,24400.37,0,Retained
585,Spain,Male,36,10,0.0,2,1,Has Credit Card,1,Active,180318.6,0,Retained
695,France,Female,29,9,0.0,2,1,Has Credit Card,0,Inactive,111565.45,0,Retained
729,Germany,Female,42,4,97495.8,2,0,No Credit Card,0,Inactive,2002.5,0,Retained
713,France,Female,42,3,0.0,2,0,No Credit Card,0,Inactive,82565.01,0,Retained
555,Spain,Male,33,5,127343.4,1,0,No Credit Card,1,Active,121789.3,0,Retained
699,Spain,Female,50,0,158633.61,1,1,Has Credit Card,0,Inactive,193785.87,0,Retained
587,France,Male,55,9,0.0,1,1,Has Credit Card,0,Inactive,64593.07,0,Retained
762,Spain,Female,69,9,183744.98,1,1,Has Credit Card,1,Active,196993.69,0,Retained
510,France,Male,44,6,0.0,2,1,Has Credit Card,1,Active,175518.31,0,Retained
842,Spain,Male,46,9,0.0,1,0,No Credit Card,0,Inactive,17268.02,0,Retained
608,France,Male,31,7,79962.92,2,1,Has Credit Card,0,Inactive,60901.72,0,Retained
850,France,Female,36,10,0.0,2,1,Has Credit Card,1,Active,100750.03,0,Retained
642,France,Male,36,4,0.0,2,1,Has Credit Card,1,Active,195224.91,0,Retained
850,France,Male,33,7,140956.99,1,0,No Credit Card,0,Inactive,3510.18,0,Retained
455,Spain,Female,43,6,0.0,1,1,Has Credit Card,1,Active,81250.79,0,Retained
726,France,Male,29,7,0.0,2,1,Has Credit Card,1,Active,91844.14,1,Churned
544,Spain,Male,30,8,145241.63,1,1,Has Credit Card,1,Active,80676.83,0,Retained
651,Germany,Male,31,7,138008.06,2,1,Has Credit Card,0,Inactive,129912.74,0,Retained
814,France,Female,31,4,0.0,2,1,Has Credit Card,1,Active,142029.17,0,Retained
537,France,Male,39,2,0.0,2,1,Has Credit Card,1,Active,137651.6,0,Retained
553,France,Male,37,2,0.0,2,1,Has Credit Card,0,Inactive,33877.29,0,Retained
800,Spain,Male,38,9,0.0,1,1,Has Credit Card,0,Inactive,78744.39,0,Retained
791,France,Male,34,7,0.0,2,1,Has Credit Card,0,Inactive,96734.46,0,Retained
699,Spain,Female,29,9,127570.93,2,1,Has Credit Card,0,Inactive,164756.81,0,Retained
756,France,Female,28,6,0.0,1,1,Has Credit Card,1,Active,164394.65,0,Retained
591,Spain,Female,27,5,107812.67,1,0,No Credit Card,1,Active,162501.83,1,Churned
850,Germany,Male,22,7,91560.58,2,0,No Credit Card,0,Inactive,10541.38,0,Retained
760,Germany,Male,34,6,121303.77,2,1,Has Credit Card,1,Active,59325.21,0,Retained
569,Spain,Male,43,8,161546.68,2,0,No Credit Card,1,Active,178187.28,0,Retained
661,Spain,Female,35,5,128415.45,1,1,Has Credit Card,0,Inactive,142626.49,0,Retained
670,France,Female,31,2,57530.06,1,1,Has Credit Card,1,Active,181893.31,1,Churned
694,France,Male,38,1,0.0,2,0,No Credit Card,1,Active,156858.2,0,Retained
728,France,Female,28,4,142243.54,2,1,Has Credit Card,0,Inactive,33074.51,0,Retained
764,Germany,Female,39,9,138341.51,1,1,Has Credit Card,0,Inactive,50072.94,1,Churned
639,France,Male,32,9,0.0,2,1,Has Credit Card,0,Inactive,111340.36,0,Retained
683,France,Female,30,2,0.0,2,0,No Credit Card,1,Active,100496.84,1,Churned
663,Spain,Male,30,4,0.0,3,1,Has Credit Card,0,Inactive,101371.05,0,Retained
826,Spain,Male,41,5,146466.46,2,0,No Credit Card,0,Inactive,180934.67,0,Retained
735,Spain,Male,36,5,0.0,2,1,Has Credit Card,0,Inactive,105152.17,0,Retained
682,France,Female,58,1,0.0,1,1,Has Credit Card,1,Active,706.5,0,Retained
663,France,Female,39,8,0.0,2,1,Has Credit Card,1,Active,101168.9,0,Retained
562,Spain,Female,29,9,120307.58,1,1,Has Credit Card,1,Active,6795.61,0,Retained
696,France,Male,27,4,87637.26,2,0,No Credit Card,0,Inactive,196111.35,0,Retained
850,Spain,Male,38,2,94652.04,1,1,Has Credit Card,1,Active,171960.76,0,Retained
719,France,Female,22,7,114415.84,1,1,Has Credit Card,1,Active,177497.4,0,Retained
804,France,Female,71,8,0.0,2,0,No Credit Card,1,Active,147995.96,0,Retained
604,France,Male,40,1,84315.02,1,0,No Credit Card,0,Inactive,36209.1,0,Retained
782,Spain,Female,27,3,0.0,2,1,Has Credit Card,0,Inactive,143614.01,0,Retained
512,Germany,Male,42,9,93955.83,2,1,Has Credit Card,0,Inactive,14828.54,0,Retained
569,France,Male,36,1,67087.69,1,1,Has Credit Card,0,Inactive,154775.7,0,Retained
597,Germany,Female,22,6,101528.61,1,1,Has Credit Card,0,Inactive,70529.0,1,Churned
753,Germany,Male,30,1,110824.52,1,1,Has Credit Card,1,Active,57896.27,0,Retained
430,France,Female,33,8,0.0,1,1,Has Credit Card,1,Active,69759.91,0,Retained
756,France,Male,28,8,179960.2,1,1,Has Credit Card,0,Inactive,89938.08,0,Retained
493,France,Male,38,3,134006.77,1,1,Has Credit Card,0,Inactive,89578.32,0,Retained
777,Germany,Female,37,10,121532.17,2,1,Has Credit Card,1,Active,73464.88,0,Retained
779,Spain,Female,38,7,0.0,2,1,Has Credit Card,1,Active,138542.87,0,Retained
702,Spain,Female,38,2,0.0,1,1,Has Credit Card,1,Active,161888.63,0,Retained
551,France,Male,35,7,129717.3,2,0,No Credit Card,0,Inactive,86937.2,0,Retained
749,Germany,Male,22,4,94762.16,2,1,Has Credit Card,1,Active,42241.54,0,Retained
742,Germany,Male,55,5,155196.17,1,0,No Credit Card,1,Active,121207.66,1,Churned
752,Germany,Male,29,4,129514.99,1,1,Has Credit Card,1,Active,102930.46,0,Retained
740,Germany,Female,57,3,113386.36,2,1,Has Credit Card,1,Active,65121.63,1,Churned
576,France,Male,24,3,0.0,1,0,No Credit Card,1,Active,78498.04,1,Churned
637,Spain,Male,43,3,172196.23,1,1,Has Credit Card,1,Active,104769.96,0,Retained
724,France,Male,28,5,97612.12,1,1,Has Credit Card,1,Active,96498.14,0,Retained
685,France,Male,20,4,104719.94,2,1,Has Credit Card,0,Inactive,38691.34,0,Retained
625,France,Female,38,7,0.0,1,1,Has Credit Card,0,Inactive,164804.02,0,Retained
571,Germany,Male,37,9,139592.98,3,1,Has Credit Card,0,Inactive,104152.65,1,Churned
584,Spain,Female,29,4,0.0,2,1,Has Credit Card,0,Inactive,88866.92,0,Retained
550,France,Female,22,7,139096.85,1,1,Has Credit Card,0,Inactive,129890.94,0,Retained
662,Spain,Female,72,7,140301.72,1,0,No Credit Card,1,Active,179258.67,0,Retained
803,Spain,Male,43,3,0.0,1,1,Has Credit Card,0,Inactive,72051.44,0,Retained
615,France,Male,66,7,0.0,2,1,Has Credit Card,1,Active,74580.8,0,Retained
481,Spain,Male,39,1,111233.09,1,1,Has Credit Card,1,Active,123995.15,0,Retained
701,France,Male,23,3,0.0,2,1,Has Credit Card,0,Inactive,38960.59,0,Retained
751,France,Male,29,10,147737.63,1,0,No Credit Card,1,Active,94951.27,0,Retained
675,France,Male,35,8,0.0,2,1,Has Credit Card,1,Active,56642.97,0,Retained
733,Germany,Male,40,5,125725.02,2,1,Has Credit Card,1,Active,50783.1,0,Retained
822,France,Male,38,6,128289.7,3,1,Has Credit Card,0,Inactive,9149.96,1,Churned
559,France,Female,46,5,0.0,1,1,Has Credit Card,0,Inactive,21006.1,1,Churned
731,Germany,Female,49,4,88826.07,1,1,Has Credit Card,1,Active,33759.41,1,Churned
678,France,Female,41,1,143443.61,1,1,Has Credit Card,0,Inactive,196622.28,1,Churned
645,France,Female,68,9,0.0,4,1,Has Credit Card,1,Active,176353.87,1,Churned
701,France,Male,29,2,0.0,2,1,Has Credit Card,0,Inactive,176943.59,0,Retained
554,Spain,Male,26,8,149134.46,1,1,Has Credit Card,1,Active,177966.24,0,Retained
723,France,Male,30,3,124119.54,1,1,Has Credit Card,0,Inactive,162198.32,0,Retained
766,Germany,Male,44,3,116822.7,1,0,No Credit Card,0,Inactive,197643.24,0,Retained
597,France,Female,24,1,103219.47,1,1,Has Credit Card,0,Inactive,60420.07,0,Retained
574,France,Male,41,1,0.0,2,0,No Credit Card,0,Inactive,70550.0,0,Retained
655,Germany,Female,40,0,81954.6,1,1,Has Credit Card,1,Active,198798.44,1,Churned
780,Germany,Female,37,10,95196.26,1,1,Has Credit Card,0,Inactive,126310.39,1,Churned
672,Spain,Male,43,5,0.0,2,1,Has Credit Card,1,Active,64515.5,0,Retained
717,France,Male,38,7,0.0,2,1,Has Credit Card,1,Active,158580.05,0,Retained
521,France,Female,32,2,136555.01,2,1,Has Credit Card,1,Active,129353.21,0,Retained
633,France,Male,59,5,0.0,1,1,Has Credit Card,1,Active,137273.97,0,Retained
669,France,Male,39,3,119452.03,1,1,Has Credit Card,1,Active,171575.54,0,Retained
740,France,Male,44,9,0.0,1,0,No Credit Card,1,Active,96528.0,1,Churned
462,Germany,Female,24,9,69881.09,2,0,No Credit Card,1,Active,64421.02,0,Retained
619,France,Male,39,5,0.0,2,1,Has Credit Card,1,Active,158444.61,0,Retained
665,France,Female,44,7,0.0,2,1,Has Credit Card,1,Active,66548.58,0,Retained
655,Spain,Female,27,9,0.0,2,0,No Credit Card,0,Inactive,108008.05,0,Retained
463,Spain,Male,20,8,204223.03,1,1,Has Credit Card,0,Inactive,128268.39,0,Retained
799,France,Female,63,1,110314.21,2,1,Has Credit Card,0,Inactive,37464.0,1,Churned
713,Spain,Female,48,1,163760.82,1,0,No Credit Card,0,Inactive,157381.14,1,Churned
807,Germany,Female,31,1,141069.18,3,1,Has Credit Card,1,Active,194257.11,0,Retained
728,France,Male,38,1,115934.74,1,1,Has Credit Card,1,Active,139059.05,0,Retained
582,France,Male,52,2,151457.88,1,0,No Credit Card,1,Active,40893.61,0,Retained
704,Germany,Female,35,3,154206.07,2,1,Has Credit Card,1,Active,40261.49,0,Retained
714,France,Female,26,9,89928.99,1,1,Has Credit Card,0,Inactive,46203.31,0,Retained
628,France,Male,30,8,89182.09,1,1,Has Credit Card,1,Active,13126.9,0,Retained
809,Germany,Male,41,1,79706.25,2,1,Has Credit Card,0,Inactive,165675.01,0,Retained
547,Spain,Female,44,5,0.0,3,0,No Credit Card,0,Inactive,5459.07,1,Churned
560,France,Female,27,5,0.0,2,1,Has Credit Card,0,Inactive,131919.48,0,Retained
811,France,Male,31,7,117799.28,1,1,Has Credit Card,1,Active,182372.35,0,Retained
584,France,Male,26,4,0.0,2,1,Has Credit Card,0,Inactive,147600.54,0,Retained
691,France,Male,28,1,0.0,2,0,No Credit Card,0,Inactive,92865.41,0,Retained
680,Germany,Male,34,6,146422.22,1,1,Has Credit Card,0,Inactive,67142.97,1,Churned
588,Germany,Male,33,9,150186.22,2,1,Has Credit Card,1,Active,65611.01,0,Retained
721,Germany,Male,40,6,100275.88,1,1,Has Credit Card,0,Inactive,138564.48,1,Churned
850,France,Male,47,6,0.0,1,1,Has Credit Card,0,Inactive,187391.02,1,Churned
529,France,Male,32,9,147493.89,1,1,Has Credit Card,0,Inactive,33656.35,0,Retained
622,France,Male,43,8,0.0,2,1,Has Credit Card,0,Inactive,100618.17,0,Retained
683,France,Female,42,8,0.0,2,0,No Credit Card,1,Active,198134.9,0,Retained
575,France,Male,29,4,121823.4,2,1,Has Credit Card,1,Active,50368.87,0,Retained
577,Spain,Female,40,1,0.0,2,1,Has Credit Card,1,Active,108787.0,0,Retained
510,Germany,Male,31,0,113688.63,1,1,Has Credit Card,0,Inactive,33099.41,1,Churned
652,Spain,Female,40,7,100471.34,1,1,Has Credit Card,1,Active,124550.88,0,Retained
569,Germany,Female,28,3,100032.52,1,1,Has Credit Card,0,Inactive,5159.21,1,Churned
687,Spain,Male,31,3,0.0,2,0,No Credit Card,0,Inactive,48228.1,0,Retained
822,France,Male,32,8,116358.0,1,1,Has Credit Card,0,Inactive,108798.36,0,Retained
656,Germany,Female,23,4,163549.63,1,0,No Credit Card,1,Active,21085.12,0,Retained
745,Germany,Male,51,3,99183.9,1,1,Has Credit Card,1,Active,28922.25,0,Retained
386,Spain,Female,53,1,131955.07,1,1,Has Credit Card,1,Active,62514.65,1,Churned
684,Spain,Female,41,1,134177.06,1,0,No Credit Card,0,Inactive,177506.66,0,Retained
635,Spain,Female,38,1,0.0,2,1,Has Credit Card,0,Inactive,90605.05,0,Retained
582,France,Male,30,2,0.0,2,1,Has Credit Card,1,Active,132029.95,0,Retained
613,Spain,Male,19,5,0.0,1,1,Has Credit Card,1,Active,176903.35,0,Retained
795,Germany,Female,56,9,94348.94,1,1,Has Credit Card,0,Inactive,29239.29,1,Churned
659,France,Female,32,2,155584.21,1,0,No Credit Card,1,Active,153662.88,0,Retained
745,France,Female,28,6,0.0,2,1,Has Credit Card,0,Inactive,154389.18,0,Retained
604,Spain,Female,41,10,0.0,2,1,Has Credit Card,1,Active,166224.39,0,Retained
509,Germany,Male,32,9,170661.47,1,1,Has Credit Card,1,Active,21646.2,0,Retained
706,Germany,Female,29,6,185544.36,1,1,Has Credit Card,0,Inactive,171037.63,0,Retained
619,Spain,Female,44,6,52831.13,1,1,Has Credit Card,1,Active,112649.22,1,Churned
572,Germany,Male,51,8,97750.07,3,1,Has Credit Card,1,Active,193014.26,1,Churned
695,France,Male,36,6,114007.5,2,1,Has Credit Card,0,Inactive,118120.88,0,Retained
543,France,Female,71,1,104308.77,1,1,Has Credit Card,1,Active,25650.04,0,Retained
640,France,Female,33,6,84719.13,2,1,Has Credit Card,1,Active,113048.79,0,Retained
672,France,Male,39,2,0.0,2,1,Has Credit Card,0,Inactive,87372.49,0,Retained
701,France,Male,39,9,140236.98,1,0,No Credit Card,1,Active,146651.99,0,Retained
634,Spain,Male,25,9,0.0,2,1,Has Credit Card,1,Active,8227.91,0,Retained
531,Spain,Female,42,6,75302.85,2,0,No Credit Card,0,Inactive,57034.35,0,Retained
699,France,Male,27,1,0.0,2,1,Has Credit Card,0,Inactive,93003.21,0,Retained
605,France,Female,51,9,104760.82,1,1,Has Credit Card,1,Active,165574.54,1,Churned
534,France,Female,49,7,0.0,1,1,Has Credit Card,0,Inactive,13566.48,1,Churned
449,Spain,Female,31,1,113693.0,1,0,No Credit Card,0,Inactive,82796.29,0,Retained
684,Spain,Female,36,5,174180.39,1,1,Has Credit Card,0,Inactive,119830.08,0,Retained
622,Germany,Male,42,9,115766.26,1,0,No Credit Card,0,Inactive,72155.85,1,Churned
714,France,Female,40,0,0.0,2,1,Has Credit Card,0,Inactive,62762.12,0,Retained
712,Spain,Female,48,8,0.0,2,1,Has Credit Card,0,Inactive,183235.33,0,Retained
783,France,Female,72,5,121215.9,2,1,Has Credit Card,1,Active,105206.48,0,Retained
743,Germany,Male,45,10,144677.19,3,1,Has Credit Card,0,Inactive,22512.44,1,Churned
683,France,Male,36,5,115350.63,1,1,Has Credit Card,1,Active,122305.91,0,Retained
654,Spain,Male,40,5,105683.63,1,1,Has Credit Card,0,Inactive,173617.09,0,Retained
700,France,Male,37,1,135179.49,1,1,Has Credit Card,0,Inactive,160670.37,0,Retained
744,Spain,Male,31,0,117551.23,1,1,Has Credit Card,0,Inactive,158958.9,0,Retained
645,Germany,Male,25,1,157404.02,2,1,Has Credit Card,0,Inactive,93073.04,0,Retained
525,Spain,Male,36,3,77910.23,1,1,Has Credit Card,0,Inactive,67238.01,0,Retained
732,France,Male,25,0,110942.9,1,0,No Credit Card,0,Inactive,172576.56,0,Retained
721,France,Female,40,7,0.0,2,1,Has Credit Card,1,Active,122580.48,0,Retained
622,France,Male,32,5,179305.09,1,1,Has Credit Card,1,Active,149043.78,0,Retained
654,Germany,Male,31,5,150593.59,2,1,Has Credit Card,1,Active,105218.45,0,Retained
529,France,Female,43,0,123815.86,1,1,Has Credit Card,1,Active,78463.99,1,Churned
720,Spain,Female,59,6,0.0,2,1,Has Credit Card,1,Active,160849.43,1,Churned
850,Germany,Female,25,8,69385.17,2,1,Has Credit Card,0,Inactive,87834.24,0,Retained
667,Germany,Male,27,2,138032.15,1,1,Has Credit Card,0,Inactive,166317.71,0,Retained
620,France,Male,41,3,0.0,2,1,Has Credit Card,1,Active,137309.06,0,Retained
616,France,Male,29,9,0.0,1,1,Has Credit Card,1,Active,166984.44,0,Retained
637,Germany,Female,46,2,143500.82,1,1,Has Credit Card,0,Inactive,166996.46,1,Churned
710,Spain,Female,29,3,119670.18,1,1,Has Credit Card,0,Inactive,188022.44,0,Retained
717,Spain,Male,33,1,99106.73,1,0,No Credit Card,0,Inactive,194467.23,0,Retained
786,Germany,Male,24,2,120135.55,2,1,Has Credit Card,1,Active,125449.47,0,Retained
651,France,Female,39,8,0.0,1,1,Has Credit Card,0,Inactive,137452.57,0,Retained
530,France,Female,55,4,120905.03,1,0,No Credit Card,1,Active,123475.88,1,Churned
815,Spain,Female,57,5,0.0,3,0,No Credit Card,0,Inactive,38941.44,1,Churned
715,Germany,Female,34,9,102277.52,1,0,No Credit Card,0,Inactive,177852.57,1,Churned
496,Germany,Female,55,4,125292.53,1,1,Has Credit Card,1,Active,31532.96,1,Churned
680,Spain,Male,42,0,0.0,1,1,Has Credit Card,0,Inactive,136377.21,0,Retained
646,France,Female,51,4,101629.3,1,0,No Credit Card,0,Inactive,130541.1,0,Retained
807,Germany,Male,47,1,171937.27,1,1,Has Credit Card,1,Active,65636.92,0,Retained
727,France,Male,47,7,0.0,2,1,Has Credit Card,0,Inactive,193305.35,0,Retained
787,France,Male,25,5,0.0,2,1,Has Credit Card,0,Inactive,47307.9,0,Retained
806,France,Male,34,6,0.0,2,0,No Credit Card,0,Inactive,100809.99,0,Retained
603,France,Male,31,1,129743.75,1,1,Has Credit Card,0,Inactive,109145.2,0,Retained
649,Spain,Male,32,1,0.0,1,0,No Credit Card,1,Active,91167.19,1,Churned
547,Germany,Male,41,3,151191.31,1,1,Has Credit Card,0,Inactive,175295.89,1,Churned
684,Germany,Male,32,3,102630.13,2,1,Has Credit Card,1,Active,127433.47,0,Retained
477,France,Female,57,9,114023.64,2,1,Has Credit Card,1,Active,71167.17,1,Churned
558,Germany,Male,41,2,124227.14,1,1,Has Credit Card,1,Active,111184.67,0,Retained
695,France,Female,23,1,0.0,2,1,Has Credit Card,1,Active,141756.32,0,Retained
592,Spain,Male,35,6,80285.16,1,1,Has Credit Card,0,Inactive,72678.75,1,Churned
789,France,Male,31,4,175477.15,1,1,Has Credit Card,1,Active,172832.9,0,Retained
597,France,Female,29,1,132144.35,1,1,Has Credit Card,0,Inactive,158086.33,0,Retained
839,Germany,Male,47,2,136911.07,1,1,Has Credit Card,1,Active,168184.62,1,Churned
405,Germany,Male,31,5,133299.67,2,1,Has Credit Card,1,Active,72950.14,0,Retained
658,France,Male,39,7,0.0,2,1,Has Credit Card,0,Inactive,48378.4,0,Retained
684,Germany,Male,42,1,117691.0,1,1,Has Credit Card,1,Active,23135.65,1,Churned
633,France,Male,35,10,0.0,2,1,Has Credit Card,0,Inactive,65675.47,0,Retained
589,France,Male,46,9,0.0,2,1,Has Credit Card,0,Inactive,170676.67,0,Retained
750,Germany,Female,37,1,133199.71,2,1,Has Credit Card,1,Active,27366.77,0,Retained
771,Spain,Male,51,5,135506.58,3,1,Has Credit Card,1,Active,152479.64,1,Churned
812,Germany,Male,33,2,127154.14,2,0,No Credit Card,1,Active,105383.49,0,Retained
539,Spain,Male,39,2,0.0,2,1,Has Credit Card,1,Active,48189.94,0,Retained
670,Germany,Female,42,5,49508.79,3,1,Has Credit Card,1,Active,100324.01,0,Retained
673,France,Male,41,5,0.0,1,1,Has Credit Card,1,Active,65657.29,0,Retained
538,France,Female,62,3,75051.49,1,0,No Credit Card,0,Inactive,17682.02,1,Churned
575,Spain,Male,52,8,123925.23,1,0,No Credit Card,0,Inactive,111342.66,1,Churned
682,France,Male,41,6,0.0,2,0,No Credit Card,1,Active,134158.09,1,Churned
712,France,Male,33,3,153819.58,1,1,Has Credit Card,0,Inactive,79176.09,1,Churned
598,Spain,Female,39,5,0.0,2,1,Has Credit Card,1,Active,83103.46,0,Retained
776,Spain,Male,30,6,0.0,2,0,No Credit Card,1,Active,63908.86,0,Retained
606,Spain,Female,23,10,70417.79,1,0,No Credit Card,1,Active,90896.04,0,Retained
686,Spain,Male,38,7,111484.88,1,1,Has Credit Card,1,Active,76076.2,0,Retained
850,Spain,Male,38,1,146343.98,1,0,No Credit Card,1,Active,103902.11,0,Retained
642,France,Male,72,1,160541.0,2,1,Has Credit Card,1,Active,142223.94,0,Retained
606,Germany,Male,27,2,130274.26,2,1,Has Credit Card,0,Inactive,147533.09,0,Retained
627,France,Female,21,7,98993.02,1,1,Has Credit Card,1,Active,169156.64,0,Retained
850,Spain,Male,36,0,0.0,2,1,Has Credit Card,0,Inactive,141242.57,0,Retained
850,Germany,Male,32,9,141827.33,2,1,Has Credit Card,1,Active,149458.73,0,Retained
724,France,Female,40,6,110054.45,1,1,Has Credit Card,1,Active,86950.72,0,Retained
579,France,Male,28,4,0.0,2,1,Has Credit Card,1,Active,176925.69,0,Retained
727,Spain,Male,28,1,0.0,1,1,Has Credit Card,0,Inactive,40357.39,0,Retained
813,Germany,Female,36,6,98088.09,1,0,No Credit Card,1,Active,26687.22,1,Churned
642,France,Male,48,9,118317.27,4,0,No Credit Card,0,Inactive,78702.98,1,Churned
669,Spain,Male,22,10,0.0,2,1,Has Credit Card,0,Inactive,176163.74,0,Retained
574,Germany,Male,54,1,99774.5,1,0,No Credit Card,0,Inactive,4896.11,1,Churned
774,France,Female,32,4,0.0,2,0,No Credit Card,0,Inactive,114899.13,0,Retained
735,France,Female,38,1,0.0,3,0,No Credit Card,0,Inactive,92220.12,1,Churned
639,Spain,Female,27,8,133806.54,2,1,Has Credit Card,0,Inactive,6251.3,0,Retained
738,Spain,Male,44,2,0.0,2,1,Has Credit Card,0,Inactive,43018.82,1,Churned
835,France,Male,32,8,124993.29,2,1,Has Credit Card,1,Active,27548.06,0,Retained
637,Spain,Female,44,0,157622.58,1,1,Has Credit Card,1,Active,120454.2,0,Retained
589,Germany,Male,48,5,126111.61,1,0,No Credit Card,1,Active,133961.19,0,Retained
591,France,Male,42,9,161651.37,2,1,Has Credit Card,1,Active,131753.97,0,Retained
723,France,Female,40,7,142856.95,2,0,No Credit Card,0,Inactive,38019.74,0,Retained
831,Germany,Male,44,3,111100.98,1,1,Has Credit Card,1,Active,28144.07,1,Churned
733,Spain,Male,35,8,102918.38,1,1,Has Credit Card,1,Active,45959.86,0,Retained
731,France,Female,30,5,0.0,2,1,Has Credit Card,0,Inactive,189528.72,0,Retained
654,France,Male,47,10,0.0,2,1,Has Credit Card,0,Inactive,170481.98,0,Retained
828,France,Male,37,4,0.0,2,1,Has Credit Card,0,Inactive,94845.45,0,Retained
590,Spain,Male,22,7,125265.61,1,1,Has Credit Card,1,Active,161253.08,0,Retained
657,France,Male,37,4,82500.28,1,1,Has Credit Card,1,Active,115260.72,0,Retained
531,Germany,Female,64,2,175754.87,2,1,Has Credit Card,1,Active,60721.4,0,Retained
516,France,Female,47,6,109387.33,1,0,No Credit Card,0,Inactive,121365.45,0,Retained
561,France,Male,37,1,100443.36,2,0,No Credit Card,1,Active,101693.73,0,Retained
682,Spain,Female,54,0,83102.72,2,1,Has Credit Card,1,Active,54132.93,0,Retained
575,Spain,Male,28,7,0.0,1,1,Has Credit Card,1,Active,10666.05,0,Retained
623,France,Female,28,4,0.0,2,1,Has Credit Card,0,Inactive,41227.67,0,Retained
642,France,Female,40,7,0.0,2,1,Has Credit Card,0,Inactive,10712.82,0,Retained
779,France,Female,48,2,115290.27,1,0,No Credit Card,0,Inactive,98912.69,1,Churned
671,France,Female,42,6,0.0,2,1,Has Credit Card,0,Inactive,197202.48,0,Retained
495,France,Female,40,1,140197.71,2,1,Has Credit Card,0,Inactive,150720.39,0,Retained
850,France,Female,28,1,105245.34,1,0,No Credit Card,1,Active,74780.13,0,Retained
630,France,Male,50,8,0.0,2,0,No Credit Card,1,Active,79377.45,0,Retained
588,France,Male,32,1,0.0,2,1,Has Credit Card,1,Active,8763.87,0,Retained
562,Germany,Male,35,3,142296.13,1,0,No Credit Card,1,Active,177112.7,0,Retained
740,Spain,Female,56,4,99097.33,1,1,Has Credit Card,1,Active,85016.64,1,Churned
695,France,Male,28,5,171069.39,2,1,Has Credit Card,1,Active,88689.4,0,Retained
589,France,Female,39,7,0.0,2,0,No Credit Card,0,Inactive,95985.64,0,Retained
607,France,Female,31,1,102523.88,1,1,Has Credit Card,1,Active,166792.71,0,Retained
794,France,Male,35,6,0.0,2,1,Has Credit Card,1,Active,68730.91,0,Retained
580,Germany,Male,44,9,143391.07,1,0,No Credit Card,0,Inactive,146891.07,1,Churned
644,Germany,Female,44,8,106022.73,2,0,No Credit Card,0,Inactive,148727.42,0,Retained
636,Spain,Female,36,1,0.0,1,1,Has Credit Card,0,Inactive,43134.58,0,Retained
599,Germany,Male,36,3,128960.21,2,1,Has Credit Card,1,Active,40318.33,0,Retained
507,France,Female,35,2,0.0,2,1,Has Credit Card,0,Inactive,97633.93,0,Retained
682,France,Female,48,7,0.0,2,1,Has Credit Card,0,Inactive,65069.03,0,Retained
714,France,Female,24,7,0.0,2,1,Has Credit Card,0,Inactive,166335.0,0,Retained
696,France,Female,25,8,126442.59,1,1,Has Credit Card,0,Inactive,121904.44,0,Retained
599,Spain,Male,51,0,0.0,1,1,Has Credit Card,1,Active,175235.99,0,Retained
577,France,Male,37,2,127261.35,1,1,Has Credit Card,0,Inactive,56185.05,0,Retained
733,Spain,Female,32,5,0.0,2,1,Has Credit Card,0,Inactive,131625.14,0,Retained
647,France,Female,33,4,0.0,1,1,Has Credit Card,0,Inactive,152323.04,0,Retained
831,France,Female,34,2,0.0,2,0,No Credit Card,0,Inactive,165840.94,0,Retained
543,Germany,Male,30,6,73481.05,1,1,Has Credit Card,1,Active,176692.65,0,Retained
679,France,Male,34,7,160515.37,1,1,Has Credit Card,0,Inactive,121904.14,0,Retained
713,Germany,Female,61,4,149525.34,2,1,Has Credit Card,0,Inactive,123663.63,0,Retained
690,Germany,Male,43,2,166522.78,1,0,No Credit Card,0,Inactive,119644.59,1,Churned
751,France,Male,29,1,135536.5,1,1,Has Credit Card,0,Inactive,66825.33,0,Retained
613,Germany,Female,43,10,120481.69,1,0,No Credit Card,0,Inactive,94875.03,1,Churned
701,Spain,Male,28,1,103421.32,1,0,No Credit Card,1,Active,76304.73,0,Retained
698,France,Male,33,5,135658.73,2,0,No Credit Card,1,Active,39755.0,0,Retained
451,France,Female,36,2,0.0,2,1,Has Credit Card,1,Active,180142.42,0,Retained
665,France,Male,28,8,191402.82,2,1,Has Credit Card,0,Inactive,83238.4,0,Retained
726,Germany,Male,50,9,94504.35,1,0,No Credit Card,1,Active,5078.9,0,Retained
608,Germany,Female,44,5,126147.84,1,0,No Credit Card,1,Active,132424.69,1,Churned
549,France,Female,46,7,0.0,1,1,Has Credit Card,1,Active,109057.56,0,Retained
803,France,Male,33,6,0.0,2,1,Has Credit Card,0,Inactive,115676.61,0,Retained
663,France,Male,43,4,87624.03,2,1,Has Credit Card,0,Inactive,149401.33,0,Retained
558,France,Female,45,1,153697.53,2,0,No Credit Card,0,Inactive,89891.4,1,Churned
714,France,Female,25,4,0.0,2,0,No Credit Card,0,Inactive,82500.84,0,Retained
704,France,Male,39,5,0.0,1,1,Has Credit Card,0,Inactive,6416.92,0,Retained
805,Germany,Female,45,9,116585.97,1,1,Has Credit Card,0,Inactive,189428.75,1,Churned
659,Germany,Male,34,9,134464.58,2,1,Has Credit Card,0,Inactive,178833.34,0,Retained
738,Germany,Male,62,10,83008.31,1,1,Has Credit Card,1,Active,42766.03,0,Retained
635,Spain,Male,35,2,113635.16,1,1,Has Credit Card,0,Inactive,90883.12,0,Retained
530,Spain,Female,36,7,0.0,2,1,Has Credit Card,0,Inactive,80619.09,0,Retained
661,Germany,Male,41,5,122552.48,2,0,No Credit Card,1,Active,120646.4,0,Retained
531,Spain,Male,31,2,118899.45,2,0,No Credit Card,0,Inactive,41409.36,0,Retained
694,France,Female,29,5,99713.87,1,0,No Credit Card,0,Inactive,112317.89,0,Retained
731,France,Female,36,6,0.0,1,0,No Credit Card,0,Inactive,152128.36,0,Retained
556,France,Female,36,2,134208.22,1,0,No Credit Card,1,Active,177670.57,0,Retained
647,Germany,Female,41,1,85906.65,3,1,Has Credit Card,0,Inactive,189159.97,0,Retained
850,Germany,Male,32,3,137714.25,1,0,No Credit Card,1,Active,159403.68,0,Retained
573,Spain,Male,33,1,160777.9,1,1,Has Credit Card,1,Active,149536.15,0,Retained
591,France,Male,45,5,0.0,2,1,Has Credit Card,1,Active,155492.87,0,Retained
723,France,Male,21,4,0.0,2,0,No Credit Card,0,Inactive,24847.02,0,Retained
617,France,Male,25,1,102585.88,2,1,Has Credit Card,1,Active,115387.4,0,Retained
704,Germany,Female,39,10,102556.18,2,1,Has Credit Card,0,Inactive,171971.25,1,Churned
457,Germany,Male,42,4,126772.57,1,0,No Credit Card,1,Active,126106.4,0,Retained
787,Germany,Female,38,3,158373.23,1,1,Has Credit Card,1,Active,28228.35,0,Retained
651,France,Female,34,9,0.0,2,1,Has Credit Card,0,Inactive,138113.71,0,Retained
612,Germany,Male,42,5,141927.1,1,1,Has Credit Card,1,Active,43018.98,0,Retained
828,Spain,Male,47,1,109876.82,2,1,Has Credit Card,0,Inactive,83611.45,1,Churned
724,France,Female,34,2,0.0,2,1,Has Credit Card,1,Active,118863.38,0,Retained
648,Germany,Male,44,9,111369.79,2,1,Has Credit Card,1,Active,91947.74,0,Retained
569,Spain,Male,35,3,116969.35,1,0,No Credit Card,0,Inactive,94488.82,0,Retained
765,Germany,Female,34,8,136729.51,2,0,No Credit Card,0,Inactive,47058.21,0,Retained
577,Germany,Female,44,1,152086.15,1,0,No Credit Card,1,Active,44719.5,1,Churned
603,Spain,Male,46,2,0.0,2,1,Has Credit Card,0,Inactive,174478.54,0,Retained
568,Spain,Male,28,1,127289.28,1,0,No Credit Card,0,Inactive,45611.51,0,Retained
748,Germany,Male,45,2,119852.01,1,0,No Credit Card,0,Inactive,73853.94,1,Churned
573,Spain,Male,38,4,0.0,2,1,Has Credit Card,1,Active,196517.43,0,Retained
771,Spain,Female,41,5,0.0,2,0,No Credit Card,1,Active,92914.67,0,Retained
763,France,Male,35,9,0.0,1,1,Has Credit Card,1,Active,31372.91,0,Retained
410,France,Female,35,7,117183.74,1,1,Has Credit Card,1,Active,109733.73,0,Retained
728,France,Male,33,8,129907.63,1,0,No Credit Card,1,Active,36083.96,0,Retained
655,Spain,Female,78,2,0.0,2,0,No Credit Card,1,Active,188435.38,0,Retained
580,Germany,Female,36,6,145387.32,2,1,Has Credit Card,1,Active,169963.2,1,Churned
712,France,Male,35,7,124616.23,1,1,Has Credit Card,1,Active,69320.97,0,Retained
680,France,Male,31,9,0.0,2,1,Has Credit Card,0,Inactive,36145.53,0,Retained
383,Spain,Female,48,8,95808.19,1,0,No Credit Card,0,Inactive,137702.01,1,Churned
721,France,Male,35,10,0.0,2,1,Has Credit Card,0,Inactive,71594.26,0,Retained
620,France,Female,42,1,0.0,2,0,No Credit Card,1,Active,65565.92,0,Retained
774,Spain,Female,36,8,117152.3,1,0,No Credit Card,0,Inactive,101828.39,0,Retained
563,France,Male,35,3,106250.72,1,0,No Credit Card,0,Inactive,39546.32,0,Retained
850,Germany,Female,27,8,111837.78,2,1,Has Credit Card,1,Active,110805.79,0,Retained
681,France,Male,47,9,97023.21,1,1,Has Credit Card,1,Active,2168.13,0,Retained
631,France,Female,31,8,137687.72,1,1,Has Credit Card,0,Inactive,190067.12,0,Retained
614,Spain,Female,40,3,113348.5,1,1,Has Credit Card,1,Active,77789.01,0,Retained
704,Spain,Male,24,10,122109.78,1,1,Has Credit Card,1,Active,127654.37,0,Retained
786,France,Male,32,2,120452.4,2,0,No Credit Card,0,Inactive,79602.86,0,Retained
534,France,Female,53,7,0.0,2,1,Has Credit Card,1,Active,80619.17,0,Retained
590,Spain,Male,34,0,65812.35,2,0,No Credit Card,1,Active,160346.3,0,Retained
583,Spain,Female,40,3,54428.37,1,1,Has Credit Card,0,Inactive,109638.78,1,Churned
656,France,Female,75,3,0.0,2,1,Has Credit Card,1,Active,1276.87,0,Retained
597,France,Male,33,9,0.0,2,1,Has Credit Card,0,Inactive,49374.82,0,Retained
588,Germany,Female,48,1,143279.58,2,1,Has Credit Card,0,Inactive,31580.8,1,Churned
667,Germany,Male,32,0,103846.65,1,1,Has Credit Card,0,Inactive,20560.69,0,Retained
627,France,Male,37,2,125190.86,1,0,No Credit Card,1,Active,84584.69,0,Retained
708,France,Female,33,8,0.0,2,0,No Credit Card,1,Active,15246.83,0,Retained
641,France,Male,65,6,38340.02,1,1,Has Credit Card,0,Inactive,32607.77,1,Churned
527,Germany,Female,28,2,123802.98,2,1,Has Credit Card,1,Active,155846.69,0,Retained
592,France,Male,37,3,96651.03,1,1,Has Credit Card,1,Active,3232.82,0,Retained
465,France,Male,33,8,0.0,2,1,Has Credit Card,0,Inactive,177668.55,0,Retained
628,France,Male,39,6,0.0,2,0,No Credit Card,0,Inactive,134441.6,0,Retained
678,France,Male,43,1,133237.21,1,1,Has Credit Card,0,Inactive,111032.79,1,Churned
570,France,Female,61,6,142105.35,1,1,Has Credit Card,1,Active,45214.04,0,Retained
815,France,Male,37,1,166115.42,1,1,Has Credit Card,0,Inactive,67208.3,0,Retained
817,France,Female,37,6,81070.34,2,1,Has Credit Card,0,Inactive,80985.88,0,Retained
717,France,Male,35,4,0.0,1,1,Has Credit Card,1,Active,167573.06,0,Retained
641,France,Female,53,0,123835.52,2,0,No Credit Card,1,Active,160110.65,0,Retained
624,France,Male,51,10,123401.43,2,1,Has Credit Card,1,Active,127825.25,0,Retained
579,Germany,Male,49,4,169377.31,1,1,Has Credit Card,1,Active,123535.05,0,Retained
698,France,Male,38,2,130015.24,1,1,Has Credit Card,1,Active,41595.3,0,Retained
645,France,Male,32,4,0.0,2,0,No Credit Card,1,Active,97628.08,0,Retained
691,France,Male,34,8,133936.04,2,1,Has Credit Card,0,Inactive,91359.79,0,Retained
638,France,Male,34,6,114543.27,1,1,Has Credit Card,1,Active,97755.29,0,Retained
705,France,Female,31,3,119794.67,1,0,No Credit Card,0,Inactive,182528.44,0,Retained
720,France,Male,33,9,0.0,2,1,Has Credit Card,1,Active,142956.48,0,Retained
553,Spain,Male,44,4,0.0,1,1,Has Credit Card,0,Inactive,10789.3,0,Retained
658,France,Female,29,8,0.0,2,0,No Credit Card,1,Active,130461.09,0,Retained
648,Germany,Female,32,8,157138.99,3,1,Has Credit Card,0,Inactive,190994.48,1,Churned
636,Spain,Male,45,3,0.0,2,1,Has Credit Card,1,Active,159463.8,0,Retained
527,Germany,Female,41,10,136733.24,1,1,Has Credit Card,1,Active,57589.29,0,Retained
717,Germany,Female,28,9,82498.14,2,0,No Credit Card,0,Inactive,40437.67,0,Retained
614,Spain,Male,39,3,151914.93,1,0,No Credit Card,0,Inactive,56459.45,0,Retained
737,France,Male,43,0,80090.93,1,1,Has Credit Card,0,Inactive,39920.0,1,Churned
587,Spain,Male,51,3,83739.32,1,0,No Credit Card,1,Active,148798.45,0,Retained
682,France,Female,35,2,181166.44,1,1,Has Credit Card,1,Active,63737.19,1,Churned
710,France,Male,38,3,130588.82,1,1,Has Credit Card,1,Active,154997.64,0,Retained
507,France,Male,42,6,0.0,2,1,Has Credit Card,0,Inactive,34777.23,0,Retained
609,Germany,Male,33,6,94126.67,1,0,No Credit Card,0,Inactive,93718.16,0,Retained
786,France,Male,32,9,0.0,2,1,Has Credit Card,0,Inactive,133112.41,0,Retained
688,France,Male,38,7,148045.68,1,1,Has Credit Card,0,Inactive,175479.92,1,Churned
710,France,Male,38,2,0.0,2,1,Has Credit Card,0,Inactive,96.27,0,Retained
779,Spain,Male,33,3,0.0,2,1,Has Credit Card,0,Inactive,30804.68,0,Retained
733,France,Female,44,6,168165.84,1,0,No Credit Card,1,Active,197193.49,0,Retained
583,Germany,Female,26,10,72835.56,2,1,Has Credit Card,0,Inactive,96792.15,0,Retained
627,France,Male,41,3,0.0,2,1,Has Credit Card,0,Inactive,132719.8,0,Retained
666,Germany,Male,31,3,123212.08,2,1,Has Credit Card,1,Active,112157.31,0,Retained
620,Spain,Male,38,0,0.0,2,1,Has Credit Card,1,Active,38015.34,0,Retained
614,Spain,Female,39,6,0.0,2,1,Has Credit Card,1,Active,164018.98,0,Retained
606,France,Male,40,6,119501.88,2,1,Has Credit Card,0,Inactive,46774.94,0,Retained
700,Germany,Female,39,5,144550.83,2,1,Has Credit Card,1,Active,189664.43,0,Retained
677,Germany,Male,34,3,126729.41,1,1,Has Credit Card,1,Active,26106.39,1,Churned
850,Germany,Male,36,5,119984.07,1,1,Has Credit Card,0,Inactive,191535.11,1,Churned
564,France,Male,35,4,0.0,1,1,Has Credit Card,0,Inactive,158937.55,0,Retained
771,Spain,Female,56,2,0.0,1,1,Has Credit Card,1,Active,25222.6,1,Churned
620,Spain,Male,42,9,121490.05,1,1,Has Credit Card,1,Active,29296.74,0,Retained
610,Spain,Male,46,5,91897.8,1,1,Has Credit Card,0,Inactive,54394.28,0,Retained
609,Spain,Male,39,2,139443.75,2,1,Has Credit Card,0,Inactive,9234.06,0,Retained
683,Germany,Male,35,5,144961.97,1,0,No Credit Card,1,Active,26796.73,0,Retained
633,Germany,Male,42,3,126041.02,1,0,No Credit Card,1,Active,11796.89,0,Retained
676,Germany,Male,28,1,69459.05,2,1,Has Credit Card,1,Active,128461.29,0,Retained
693,France,Male,38,7,198338.77,2,1,Has Credit Card,1,Active,14278.18,0,Retained
709,France,Male,36,0,0.0,2,1,Has Credit Card,0,Inactive,46811.77,0,Retained
569,Germany,Male,35,2,109196.66,3,1,Has Credit Card,0,Inactive,109393.19,1,Churned
684,Spain,Female,38,3,134168.5,3,1,Has Credit Card,0,Inactive,3966.5,1,Churned
565,France,Male,34,6,0.0,1,1,Has Credit Card,1,Active,63173.64,0,Retained
681,France,Male,29,8,0.0,1,1,Has Credit Card,0,Inactive,66367.33,0,Retained
503,Spain,Female,36,9,0.0,2,1,Has Credit Card,1,Active,16274.67,0,Retained
656,France,Male,40,2,0.0,2,1,Has Credit Card,1,Active,180553.48,0,Retained
566,Germany,Male,65,4,120100.41,1,1,Has Credit Card,0,Inactive,107563.16,1,Churned
592,France,Female,62,5,0.0,1,1,Has Credit Card,1,Active,100941.57,0,Retained
687,Spain,Female,50,5,0.0,2,1,Has Credit Card,0,Inactive,110230.4,0,Retained
686,Spain,Male,22,8,0.0,2,0,No Credit Card,0,Inactive,142331.85,0,Retained
616,Spain,Male,30,2,0.0,2,1,Has Credit Card,0,Inactive,199099.51,0,Retained
494,Spain,Male,67,5,0.0,2,1,Has Credit Card,1,Active,85890.16,0,Retained
534,France,Male,38,3,0.0,1,0,No Credit Card,0,Inactive,143938.27,0,Retained
695,Spain,Female,31,8,0.0,2,0,No Credit Card,1,Active,131644.41,0,Retained
579,Spain,Female,31,9,0.0,2,1,Has Credit Card,0,Inactive,112395.98,0,Retained
432,Germany,Male,38,2,135559.8,2,1,Has Credit Card,1,Active,71856.3,0,Retained
816,Germany,Female,25,2,150355.35,2,1,Has Credit Card,1,Active,35770.84,0,Retained
730,France,Female,37,1,0.0,2,1,Has Credit Card,1,Active,124364.63,0,Retained
593,France,Female,35,6,133489.12,2,1,Has Credit Card,1,Active,78101.29,0,Retained
715,Germany,Female,37,9,105489.31,1,0,No Credit Card,0,Inactive,143096.49,1,Churned
775,Germany,Male,25,10,60205.2,2,1,Has Credit Card,0,Inactive,14073.11,0,Retained
539,France,Male,38,5,0.0,2,1,Has Credit Card,0,Inactive,47388.41,0,Retained
576,Spain,Male,19,6,0.0,2,0,No Credit Card,0,Inactive,72306.07,0,Retained
617,Spain,Male,50,7,0.0,1,1,Has Credit Card,0,Inactive,184839.7,1,Churned
688,France,Male,40,6,0.0,1,1,Has Credit Card,1,Active,47886.44,0,Retained
608,France,Male,33,4,0.0,1,0,No Credit Card,1,Active,130474.03,0,Retained
597,Spain,Male,35,9,0.0,3,0,No Credit Card,1,Active,73181.39,1,Churned
670,France,Female,42,6,112333.63,1,1,Has Credit Card,1,Active,65706.86,0,Retained
616,Germany,Female,57,7,116936.81,1,1,Has Credit Card,1,Active,104379.36,0,Retained
579,Germany,Female,50,5,117721.02,1,0,No Credit Card,1,Active,192146.63,1,Churned
786,France,Male,37,7,165896.22,2,1,Has Credit Card,1,Active,66977.68,0,Retained
704,Spain,Female,44,9,153656.85,1,1,Has Credit Card,0,Inactive,158742.81,0,Retained
796,France,Female,50,1,94164.0,1,1,Has Credit Card,1,Active,189414.74,0,Retained
598,Spain,Male,39,1,0.0,2,1,Has Credit Card,0,Inactive,159130.32,0,Retained
602,France,Male,49,0,191808.73,1,0,No Credit Card,0,Inactive,97640.2,0,Retained
619,France,Male,58,5,152199.33,1,1,Has Credit Card,1,Active,86022.09,0,Retained
492,Germany,Female,52,8,125396.24,1,1,Has Credit Card,0,Inactive,10014.72,1,Churned
641,Germany,Male,41,7,104405.54,3,1,Has Credit Card,0,Inactive,17384.21,0,Retained
518,France,Female,27,1,133801.49,1,1,Has Credit Card,1,Active,143315.57,0,Retained
623,Spain,Female,40,4,0.0,3,1,Has Credit Card,0,Inactive,31669.18,0,Retained
733,France,Female,28,5,0.0,2,0,No Credit Card,0,Inactive,12761.16,0,Retained
625,Germany,Male,42,6,100047.33,1,1,Has Credit Card,0,Inactive,93429.95,0,Retained
759,France,Female,31,1,109848.6,1,1,Has Credit Card,1,Active,42012.55,0,Retained
604,France,Female,32,7,127849.38,1,1,Has Credit Card,0,Inactive,15798.7,0,Retained
512,Spain,Female,46,3,0.0,2,1,Has Credit Card,1,Active,56408.14,0,Retained
520,France,Female,29,8,95947.76,1,1,Has Credit Card,0,Inactive,4696.44,0,Retained
805,Spain,Male,26,2,0.0,2,1,Has Credit Card,1,Active,25042.1,0,Retained
626,France,Male,43,4,137638.69,1,1,Has Credit Card,0,Inactive,130442.08,1,Churned
656,France,Male,38,10,0.0,1,1,Has Credit Card,1,Active,136521.82,0,Retained
785,Spain,Male,41,7,0.0,2,1,Has Credit Card,1,Active,199108.88,0,Retained
553,France,Male,31,6,0.0,2,0,No Credit Card,0,Inactive,124596.63,0,Retained
569,France,Female,44,4,0.0,2,0,No Credit Card,0,Inactive,134394.78,0,Retained
670,France,Male,38,10,89416.99,1,0,No Credit Card,0,Inactive,144275.39,0,Retained
586,Spain,Male,42,6,0.0,2,1,Has Credit Card,1,Active,123410.23,0,Retained
617,Spain,Female,45,1,0.0,1,1,Has Credit Card,0,Inactive,143298.06,0,Retained
508,France,Female,60,7,143262.04,1,1,Has Credit Card,1,Active,129562.74,0,Retained
624,Spain,Female,35,7,119656.45,2,1,Has Credit Card,1,Active,4595.05,0,Retained
654,France,Male,29,4,132954.64,1,1,Has Credit Card,1,Active,146715.07,0,Retained
681,Germany,Female,44,3,105206.7,2,1,Has Credit Card,1,Active,163558.36,0,Retained
578,Spain,Male,28,4,0.0,2,0,No Credit Card,0,Inactive,6947.09,0,Retained
621,Spain,Female,37,9,83061.26,2,1,Has Credit Card,0,Inactive,9170.54,0,Retained
632,France,Male,40,5,147650.68,1,1,Has Credit Card,1,Active,199674.83,0,Retained
644,France,Male,44,5,73348.56,1,1,Has Credit Card,0,Inactive,157166.79,1,Churned
821,France,Male,28,2,0.0,2,1,Has Credit Card,0,Inactive,46072.52,0,Retained
754,France,Female,38,2,0.0,2,0,No Credit Card,0,Inactive,3524.69,0,Retained
568,Spain,Female,27,1,116320.68,1,0,No Credit Card,1,Active,45563.94,0,Retained
584,France,Male,33,3,0.0,2,0,No Credit Card,1,Active,59103.13,0,Retained
549,France,Female,29,8,0.0,2,1,Has Credit Card,1,Active,189558.44,0,Retained
729,France,Female,38,7,0.0,2,0,No Credit Card,0,Inactive,45779.9,0,Retained
523,France,Male,61,8,66250.71,1,1,Has Credit Card,1,Active,21859.06,0,Retained
477,Germany,Female,24,2,95675.62,2,0,No Credit Card,0,Inactive,162699.7,1,Churned
675,Germany,Male,42,2,92616.64,2,1,Has Credit Card,0,Inactive,8567.18,0,Retained
782,Spain,Female,41,4,0.0,1,1,Has Credit Card,0,Inactive,132943.88,0,Retained
616,Spain,Female,36,6,0.0,1,1,Has Credit Card,1,Active,12916.32,1,Churned
738,Spain,Female,37,8,100565.94,1,1,Has Credit Card,1,Active,128799.86,0,Retained
717,Spain,Female,42,5,190305.78,1,1,Has Credit Card,0,Inactive,99347.8,1,Churned
526,Germany,Female,35,9,118536.4,1,1,Has Credit Card,0,Inactive,40980.87,1,Churned
660,France,Male,19,5,127649.64,1,1,Has Credit Card,1,Active,40368.65,0,Retained
525,France,Male,35,7,165358.77,1,0,No Credit Card,1,Active,94738.54,0,Retained
629,Spain,Male,29,6,0.0,2,1,Has Credit Card,1,Active,88842.8,0,Retained
616,Germany,Female,36,10,78249.53,1,1,Has Credit Card,0,Inactive,136934.91,0,Retained
521,Germany,Female,61,0,125193.96,1,1,Has Credit Card,1,Active,109356.53,0,Retained
691,France,Female,29,9,0.0,2,0,No Credit Card,0,Inactive,199635.93,0,Retained
687,Germany,Female,41,2,154007.21,1,1,Has Credit Card,0,Inactive,158408.23,0,Retained
677,Spain,Female,43,3,133214.88,2,1,Has Credit Card,1,Active,95936.84,0,Retained
695,Spain,Male,63,1,146202.93,1,1,Has Credit Card,1,Active,126688.83,1,Churned
663,France,Female,27,9,0.0,2,1,Has Credit Card,0,Inactive,150850.29,0,Retained
496,France,Male,30,0,90963.49,1,0,No Credit Card,1,Active,27802.0,0,Retained
747,Spain,Male,41,9,0.0,1,1,Has Credit Card,0,Inactive,32430.94,1,Churned
546,France,Female,52,2,0.0,1,1,Has Credit Card,0,Inactive,137332.37,1,Churned
706,Spain,Male,68,4,114386.85,1,1,Has Credit Card,1,Active,28601.68,0,Retained
472,France,Female,26,5,0.0,2,1,Has Credit Card,0,Inactive,108411.66,0,Retained
703,France,Female,40,7,0.0,2,0,No Credit Card,1,Active,122518.5,0,Retained
850,France,Female,38,2,0.0,2,1,Has Credit Card,0,Inactive,9015.07,0,Retained
667,Spain,Male,71,4,137260.78,1,0,No Credit Card,1,Active,94433.08,1,Churned
559,France,Male,33,9,111060.05,2,1,Has Credit Card,0,Inactive,110371.84,0,Retained
636,Spain,Male,60,7,124447.73,1,1,Has Credit Card,1,Active,141364.62,1,Churned
672,France,Female,34,8,0.0,2,1,Has Credit Card,1,Active,16245.25,0,Retained
667,France,Male,42,7,0.0,1,0,No Credit Card,1,Active,108348.94,1,Churned
648,Germany,Male,33,7,135310.41,2,0,No Credit Card,1,Active,171668.2,0,Retained
497,France,Male,32,8,0.0,2,1,Has Credit Card,0,Inactive,67364.42,0,Retained
743,France,Female,73,6,0.0,2,0,No Credit Card,1,Active,107867.38,0,Retained
619,France,Male,29,5,0.0,2,1,Has Credit Card,0,Inactive,194310.1,0,Retained
639,Spain,Male,34,5,139393.19,2,0,No Credit Card,0,Inactive,33950.08,0,Retained
540,Spain,Male,28,8,0.0,2,0,No Credit Card,0,Inactive,197588.32,0,Retained
766,France,Female,26,3,104258.8,1,1,Has Credit Card,1,Active,428.23,0,Retained
749,France,Female,26,6,0.0,2,0,No Credit Card,1,Active,34948.77,0,Retained
655,Germany,Male,32,9,113447.01,1,1,Has Credit Card,0,Inactive,82084.3,0,Retained
630,France,Male,33,9,0.0,2,1,Has Credit Card,0,Inactive,64804.59,0,Retained
778,Germany,Female,33,4,111063.73,2,1,Has Credit Card,0,Inactive,83556.65,0,Retained
757,Germany,Female,30,6,161378.02,1,0,No Credit Card,0,Inactive,71926.28,1,Churned
529,Spain,Female,39,2,82766.43,1,1,Has Credit Card,1,Active,122925.44,0,Retained
620,Spain,Male,29,9,0.0,2,1,Has Credit Card,0,Inactive,13133.88,0,Retained
615,France,Female,61,1,104267.7,1,1,Has Credit Card,0,Inactive,62845.64,1,Churned
735,France,Female,25,3,91718.8,1,0,No Credit Card,0,Inactive,28411.23,0,Retained
705,Spain,Female,47,3,63488.7,1,0,No Credit Card,1,Active,28640.92,1,Churned
644,Spain,Female,46,6,12459.19,1,0,No Credit Card,0,Inactive,156787.34,1,Churned
505,Germany,Female,37,6,159863.9,2,0,No Credit Card,1,Active,125307.87,0,Retained
471,Germany,Male,23,6,104592.55,2,1,Has Credit Card,0,Inactive,131736.23,0,Retained
722,Spain,Female,50,4,132088.59,1,1,Has Credit Card,1,Active,128262.14,0,Retained
577,Spain,Female,39,4,0.0,2,1,Has Credit Card,0,Inactive,91366.42,0,Retained
744,Spain,Male,44,5,120654.68,1,1,Has Credit Card,0,Inactive,82290.81,0,Retained
573,France,Female,30,6,0.0,2,1,Has Credit Card,0,Inactive,66190.21,0,Retained
653,France,Female,32,4,83772.95,1,0,No Credit Card,1,Active,23920.65,0,Retained
660,France,Female,31,6,172325.67,1,0,No Credit Card,1,Active,45438.38,0,Retained
787,France,Male,46,7,117685.31,2,1,Has Credit Card,1,Active,93360.35,0,Retained
617,France,Male,41,7,0.0,2,0,No Credit Card,1,Active,14496.67,0,Retained
567,France,Male,39,5,0.0,2,0,No Credit Card,0,Inactive,168521.72,0,Retained
682,Spain,Female,64,9,0.0,2,1,Has Credit Card,1,Active,103318.44,0,Retained
684,France,Male,35,6,135871.5,1,1,Has Credit Card,1,Active,87219.41,0,Retained
447,France,Male,41,3,0.0,4,1,Has Credit Card,1,Active,197490.39,1,Churned
625,Germany,Female,49,4,128504.76,1,1,Has Credit Card,0,Inactive,126812.63,1,Churned
585,France,Male,36,7,0.0,2,1,Has Credit Card,0,Inactive,94283.09,0,Retained
516,France,Female,42,8,56228.25,1,1,Has Credit Card,0,Inactive,46857.52,0,Retained
732,Germany,Female,45,6,98792.4,1,1,Has Credit Card,0,Inactive,81491.7,1,Churned
628,Germany,Male,40,5,181768.32,2,1,Has Credit Card,1,Active,129107.97,0,Retained
682,Spain,Female,48,9,101198.01,1,1,Has Credit Card,1,Active,49732.9,0,Retained
746,France,Male,25,9,0.0,2,0,No Credit Card,1,Active,88728.47,0,Retained
655,France,Female,60,3,0.0,2,1,Has Credit Card,1,Active,86981.45,0,Retained
644,France,Female,39,9,0.0,1,1,Has Credit Card,0,Inactive,3740.93,0,Retained
778,France,Male,34,5,139064.06,2,0,No Credit Card,0,Inactive,67949.32,0,Retained
617,France,Female,35,2,104508.1,1,1,Has Credit Card,1,Active,147636.46,0,Retained
660,Germany,Male,35,9,113948.58,1,1,Has Credit Card,0,Inactive,188891.96,1,Churned
537,France,Male,47,10,0.0,2,0,No Credit Card,1,Active,25482.62,0,Retained
554,France,Female,39,10,0.0,2,1,Has Credit Card,1,Active,18391.93,0,Retained
806,France,Male,31,9,0.0,2,0,No Credit Card,1,Active,140168.36,0,Retained
611,Germany,Male,37,1,117524.72,2,0,No Credit Card,1,Active,161064.29,0,Retained
665,France,Female,37,5,160389.82,1,0,No Credit Card,1,Active,183542.08,0,Retained
648,France,Female,37,7,0.0,2,1,Has Credit Card,0,Inactive,194238.92,0,Retained
692,France,Male,27,1,125547.53,1,0,No Credit Card,0,Inactive,7900.46,0,Retained
507,Spain,Male,46,6,92783.68,1,1,Has Credit Card,1,Active,51424.29,0,Retained
696,Germany,Male,49,5,97036.22,2,1,Has Credit Card,0,Inactive,152450.84,1,Churned
681,France,Male,34,3,0.0,2,0,No Credit Card,0,Inactive,55816.2,0,Retained
687,France,Female,26,6,0.0,2,1,Has Credit Card,1,Active,32909.13,0,Retained
641,Spain,Male,40,5,102145.13,1,1,Has Credit Card,1,Active,100637.07,0,Retained
507,France,Female,33,1,113452.66,1,0,No Credit Card,0,Inactive,142911.99,0,Retained
688,Spain,Female,46,8,155681.72,1,1,Has Credit Card,0,Inactive,26287.21,0,Retained
535,Germany,Male,38,8,127475.24,1,0,No Credit Card,0,Inactive,60775.76,1,Churned
701,France,Male,41,10,0.0,2,1,Has Credit Card,1,Active,146257.77,0,Retained
488,France,Male,43,10,112751.13,1,1,Has Credit Card,1,Active,28332.0,0,Retained
539,France,Female,29,4,0.0,2,1,Has Credit Card,1,Active,100919.19,0,Retained
674,France,Male,45,7,144889.18,1,1,Has Credit Card,1,Active,102591.9,1,Churned
538,Spain,Male,40,8,0.0,2,1,Has Credit Card,1,Active,25554.4,0,Retained
829,France,Female,22,7,150126.44,1,1,Has Credit Card,0,Inactive,152107.93,1,Churned
768,France,Male,54,8,69712.74,1,1,Has Credit Card,1,Active,69381.05,0,Retained
585,Spain,Female,44,4,0.0,2,0,No Credit Card,1,Active,101728.46,0,Retained
581,France,Male,31,3,0.0,2,0,No Credit Card,0,Inactive,89040.61,0,Retained
682,Germany,Female,35,2,117438.92,2,1,Has Credit Card,1,Active,16910.98,0,Retained
653,France,Male,38,8,119315.75,1,1,Has Credit Card,0,Inactive,150468.35,0,Retained
712,France,Female,30,1,89571.59,1,1,Has Credit Card,1,Active,177613.19,0,Retained
620,Germany,Female,34,8,102251.57,1,1,Has Credit Card,0,Inactive,120672.09,0,Retained
709,France,Male,42,9,118546.71,1,0,No Credit Card,1,Active,77142.85,0,Retained
832,France,Male,61,2,0.0,1,0,No Credit Card,1,Active,127804.66,1,Churned
635,Spain,Male,38,0,103257.14,1,0,No Credit Card,0,Inactive,158344.63,0,Retained
749,Spain,Female,43,1,124209.02,1,1,Has Credit Card,1,Active,167179.48,0,Retained
629,Spain,Male,32,3,0.0,2,1,Has Credit Card,1,Active,15404.64,0,Retained
836,Spain,Female,41,7,150302.84,1,1,Has Credit Card,1,Active,156036.19,0,Retained
542,Spain,Male,34,8,108653.93,1,0,No Credit Card,1,Active,144725.14,0,Retained
645,France,Female,45,8,85325.93,1,0,No Credit Card,0,Inactive,22558.74,0,Retained
844,France,Female,29,8,0.0,2,0,No Credit Card,0,Inactive,147342.03,0,Retained
747,Germany,Male,37,9,135776.36,3,1,Has Credit Card,0,Inactive,85470.45,1,Churned
645,France,Male,40,6,131411.24,1,1,Has Credit Card,1,Active,194656.11,0,Retained
752,Spain,Female,36,3,0.0,2,1,Has Credit Card,1,Active,48505.1,0,Retained
760,Spain,Female,41,6,0.0,2,0,No Credit Card,0,Inactive,101491.23,0,Retained
714,Germany,Female,45,9,106431.97,2,1,Has Credit Card,1,Active,164117.69,0,Retained
717,France,Male,50,9,90305.76,1,1,Has Credit Card,1,Active,124626.57,0,Retained
645,Germany,Male,28,7,117466.03,2,1,Has Credit Card,1,Active,34490.06,0,Retained
681,France,Male,32,3,148884.47,2,1,Has Credit Card,1,Active,90967.37,0,Retained
681,Germany,Female,44,4,91115.76,2,0,No Credit Card,0,Inactive,24208.84,1,Churned
679,Germany,Female,37,8,77373.87,2,0,No Credit Card,1,Active,174873.09,0,Retained
528,Spain,Male,23,7,104744.89,1,1,Has Credit Card,0,Inactive,170262.97,0,Retained
710,France,Female,31,3,0.0,2,1,Has Credit Card,1,Active,112289.06,0,Retained
733,Germany,Male,39,5,91538.51,1,1,Has Credit Card,1,Active,93783.0,0,Retained
724,France,Female,32,6,0.0,2,1,Has Credit Card,1,Active,150026.79,0,Retained
726,France,Female,34,0,185734.75,1,1,Has Credit Card,1,Active,102036.82,0,Retained
520,France,Male,30,3,143396.54,2,1,Has Credit Card,1,Active,898.51,0,Retained
556,France,Male,40,5,125909.85,1,1,Has Credit Card,1,Active,95124.4,0,Retained
579,France,Female,45,2,0.0,2,0,No Credit Card,0,Inactive,11514.39,0,Retained
674,France,Male,36,2,154525.7,1,0,No Credit Card,1,Active,27468.72,0,Retained
570,France,Female,29,0,0.0,1,1,Has Credit Card,0,Inactive,37092.43,0,Retained
631,France,Male,51,8,100654.8,1,1,Has Credit Card,0,Inactive,171587.9,0,Retained
623,Spain,Male,44,1,83325.77,1,0,No Credit Card,1,Active,80828.78,0,Retained
665,France,Male,35,8,110934.54,1,1,Has Credit Card,0,Inactive,169287.99,0,Retained
523,Spain,Female,36,8,113680.54,1,0,No Credit Card,0,Inactive,13197.44,0,Retained
706,Germany,Male,31,1,117020.08,2,1,Has Credit Card,0,Inactive,54439.53,0,Retained
619,France,Female,49,9,145359.99,1,1,Has Credit Card,0,Inactive,38186.85,0,Retained
593,Germany,Female,39,8,151391.68,1,1,Has Credit Card,0,Inactive,27274.6,1,Churned
608,Spain,Male,66,8,123935.35,1,1,Has Credit Card,1,Active,65758.19,0,Retained
526,France,Female,36,0,0.0,2,1,Has Credit Card,0,Inactive,97767.63,0,Retained
684,Spain,Male,40,2,70291.02,1,1,Has Credit Card,1,Active,115468.84,1,Churned
604,Germany,Female,42,10,166031.45,1,1,Has Credit Card,0,Inactive,98293.14,0,Retained
636,Germany,Male,36,6,96643.32,1,0,No Credit Card,0,Inactive,182059.28,0,Retained
669,Spain,Female,33,8,0.0,2,0,No Credit Card,1,Active,128538.05,0,Retained
624,France,Male,71,7,0.0,2,1,Has Credit Card,1,Active,108841.83,0,Retained
631,France,Male,29,2,0.0,2,1,Has Credit Card,1,Active,18581.84,0,Retained
753,France,Male,48,4,0.0,2,0,No Credit Card,1,Active,146821.42,0,Retained
588,France,Male,40,5,0.0,2,0,No Credit Card,0,Inactive,100727.68,0,Retained
729,Germany,Male,26,4,97268.1,2,1,Has Credit Card,0,Inactive,39356.38,0,Retained
602,France,Female,42,10,0.0,2,0,No Credit Card,0,Inactive,169921.11,1,Churned
689,Germany,Female,55,1,76296.81,1,1,Has Credit Card,0,Inactive,42364.75,1,Churned
486,Spain,Male,27,7,0.0,2,1,Has Credit Card,0,Inactive,28823.04,0,Retained
809,Germany,Female,42,6,64497.94,3,0,No Credit Card,1,Active,182436.81,1,Churned
562,France,Male,38,5,0.0,1,1,Has Credit Card,0,Inactive,115700.2,0,Retained
763,Spain,Female,32,8,0.0,2,1,Has Credit Card,0,Inactive,16725.53,0,Retained
669,France,Male,57,5,0.0,2,1,Has Credit Card,1,Active,56875.76,0,Retained
709,France,Male,39,8,0.0,2,1,Has Credit Card,0,Inactive,56214.09,0,Retained
554,Spain,Female,45,4,0.0,2,1,Has Credit Card,1,Active,193412.05,0,Retained
699,France,Male,37,10,0.0,2,0,No Credit Card,0,Inactive,83263.04,0,Retained
732,Spain,Male,54,0,134249.7,1,0,No Credit Card,1,Active,13404.4,0,Retained
625,France,Female,45,3,0.0,1,1,Has Credit Card,1,Active,184474.15,1,Churned
599,France,Male,30,9,105443.68,1,1,Has Credit Card,1,Active,121124.53,0,Retained
584,Spain,Female,50,1,0.0,1,0,No Credit Card,1,Active,152567.75,1,Churned
499,France,Male,35,10,0.0,2,1,Has Credit Card,0,Inactive,10722.54,0,Retained
526,Spain,Male,38,2,0.0,2,0,No Credit Card,0,Inactive,58010.98,0,Retained
625,Germany,Female,35,5,86147.46,2,1,Has Credit Card,0,Inactive,163440.8,1,Churned
537,Spain,Female,38,1,96939.06,1,1,Has Credit Card,1,Active,102606.92,0,Retained
696,Spain,Male,47,1,106758.6,1,1,Has Credit Card,1,Active,80591.18,0,Retained
679,France,Female,33,9,112528.65,2,1,Has Credit Card,0,Inactive,177362.45,0,Retained
684,France,Male,60,2,116563.58,1,1,Has Credit Card,0,Inactive,120257.7,1,Churned
850,France,Male,32,4,0.0,1,1,Has Credit Card,1,Active,180622.02,0,Retained
495,Spain,Female,42,7,0.0,2,0,No Credit Card,0,Inactive,130404.53,0,Retained
537,Spain,Female,38,6,141786.78,1,0,No Credit Card,1,Active,147797.54,0,Retained
850,France,Male,41,3,136416.82,1,0,No Credit Card,1,Active,57844.26,0,Retained
513,France,Male,30,5,0.0,2,1,Has Credit Card,0,Inactive,162523.66,0,Retained
618,Germany,Female,40,1,133245.52,2,1,Has Credit Card,1,Active,54495.82,0,Retained
802,Germany,Female,41,4,90757.64,2,0,No Credit Card,1,Active,169183.66,0,Retained
547,France,Male,43,1,92350.36,1,0,No Credit Card,1,Active,80262.91,0,Retained
613,Germany,Male,69,9,78778.49,1,0,No Credit Card,1,Active,8751.59,0,Retained
592,Germany,Female,34,6,102143.93,2,1,Has Credit Card,1,Active,102628.98,0,Retained
546,France,Male,29,5,0.0,1,1,Has Credit Card,1,Active,94823.95,0,Retained
721,Germany,Male,37,4,98459.6,1,0,No Credit Card,0,Inactive,90821.66,0,Retained
671,Germany,Female,47,7,114603.76,2,1,Has Credit Card,0,Inactive,153194.32,1,Churned
624,Spain,Male,35,2,0.0,2,1,Has Credit Card,0,Inactive,87310.59,0,Retained
751,Germany,Female,51,7,148074.79,1,1,Has Credit Card,0,Inactive,146411.41,1,Churned
636,Spain,Male,36,1,0.0,3,1,Has Credit Card,1,Active,74048.1,1,Churned
607,Spain,Female,62,8,108004.64,1,1,Has Credit Card,1,Active,23386.77,1,Churned
509,Germany,Female,29,0,107712.57,2,1,Has Credit Card,1,Active,92898.17,0,Retained
653,Spain,Male,35,9,0.0,2,1,Has Credit Card,1,Active,45956.05,0,Retained
709,Spain,Female,37,8,0.0,3,1,Has Credit Card,0,Inactive,71738.56,0,Retained
559,France,Male,32,9,145303.52,1,1,Has Credit Card,0,Inactive,103560.98,0,Retained
684,Germany,Male,37,4,138476.41,2,1,Has Credit Card,1,Active,52367.29,0,Retained
635,France,Female,27,8,127471.56,1,1,Has Credit Card,1,Active,152916.05,1,Churned
709,France,Male,26,6,156551.63,1,0,No Credit Card,1,Active,4410.77,0,Retained
656,Germany,Female,49,9,97092.87,1,1,Has Credit Card,0,Inactive,74771.22,1,Churned
793,France,Male,32,2,0.0,2,1,Has Credit Card,0,Inactive,193817.63,1,Churned
609,Spain,Male,37,5,129312.79,1,1,Has Credit Card,1,Active,26793.82,0,Retained
618,Germany,Female,29,10,100315.1,2,1,Has Credit Card,1,Active,32526.64,0,Retained
850,France,Female,35,6,81684.97,1,1,Has Credit Card,0,Inactive,824.0,0,Retained
669,Spain,Male,51,3,88827.53,1,0,No Credit Card,0,Inactive,85250.77,1,Churned
594,Germany,Male,40,0,152092.44,2,1,Has Credit Card,1,Active,83508.93,0,Retained
616,Spain,Male,71,4,0.0,2,1,Has Credit Card,1,Active,173599.38,0,Retained
676,France,Female,49,1,0.0,1,1,Has Credit Card,0,Inactive,79342.31,1,Churned
608,Spain,Female,38,9,102406.76,1,0,No Credit Card,1,Active,57600.66,0,Retained
710,France,Male,21,4,109130.96,2,1,Has Credit Card,1,Active,56191.99,0,Retained
695,France,Male,29,5,0.0,2,1,Has Credit Card,1,Active,6770.44,0,Retained
530,Germany,Male,33,9,75242.28,1,0,No Credit Card,1,Active,101694.67,0,Retained
509,Spain,Male,29,1,0.0,2,1,Has Credit Card,0,Inactive,69113.14,0,Retained
517,France,Female,45,4,0.0,1,0,No Credit Card,0,Inactive,172674.36,1,Churned
758,Germany,Male,33,0,129142.54,2,1,Has Credit Card,1,Active,26606.28,0,Retained
665,France,Male,51,2,0.0,1,0,No Credit Card,0,Inactive,53353.36,0,Retained
631,Germany,Female,22,6,139129.92,1,1,Has Credit Card,1,Active,63747.51,0,Retained
576,Spain,Male,33,3,0.0,2,0,No Credit Card,1,Active,190112.05,0,Retained
544,Spain,Male,22,3,66483.32,1,0,No Credit Card,1,Active,110317.39,0,Retained
596,Germany,Male,40,5,62389.03,3,1,Has Credit Card,0,Inactive,148623.43,1,Churned
481,France,Female,34,5,0.0,2,1,Has Credit Card,1,Active,125253.46,0,Retained
498,France,Male,46,1,91857.66,1,1,Has Credit Card,0,Inactive,101954.78,1,Churned
512,Spain,Male,31,6,0.0,2,1,Has Credit Card,0,Inactive,168462.26,0,Retained
594,France,Female,56,7,0.0,1,1,Has Credit Card,0,Inactive,26215.85,1,Churned
570,France,Female,30,10,176173.52,1,1,Has Credit Card,0,Inactive,97045.32,1,Churned
721,Spain,Male,38,7,0.0,1,0,No Credit Card,1,Active,53534.8,0,Retained
453,France,Female,37,4,131834.76,2,1,Has Credit Card,0,Inactive,8949.2,0,Retained
562,France,Male,48,3,92347.96,1,1,Has Credit Card,1,Active,163116.75,0,Retained
682,France,Male,40,4,0.0,2,1,Has Credit Card,1,Active,140745.91,0,Retained
748,France,Male,40,3,95297.11,1,0,No Credit Card,0,Inactive,171515.84,0,Retained
729,France,Female,32,9,0.0,2,0,No Credit Card,0,Inactive,150803.44,0,Retained
663,France,Male,39,4,0.0,1,1,Has Credit Card,0,Inactive,76884.05,0,Retained
735,France,Female,53,8,123845.36,2,0,No Credit Card,1,Active,170454.93,1,Churned
627,Germany,Male,62,3,143426.34,2,1,Has Credit Card,1,Active,143104.3,0,Retained
713,France,Male,46,5,0.0,1,1,Has Credit Card,1,Active,55701.62,0,Retained
562,Germany,Male,31,2,112708.2,1,0,No Credit Card,1,Active,186370.3,0,Retained
632,France,Male,43,2,100013.51,1,1,Has Credit Card,0,Inactive,24275.32,0,Retained
479,France,Female,33,2,208165.53,1,0,No Credit Card,0,Inactive,50774.81,1,Churned
658,Spain,Male,21,7,0.0,2,0,No Credit Card,1,Active,154279.87,0,Retained
598,France,Female,40,9,0.0,1,1,Has Credit Card,0,Inactive,68462.59,1,Churned
597,France,Male,19,2,0.0,2,1,Has Credit Card,1,Active,91036.74,0,Retained
512,France,Female,33,6,121685.31,2,1,Has Credit Card,1,Active,83681.97,0,Retained
704,France,Male,39,2,111525.02,1,1,Has Credit Card,0,Inactive,199484.96,0,Retained
474,France,Male,26,6,0.0,2,0,No Credit Card,0,Inactive,152491.22,0,Retained
604,Germany,Male,36,10,113546.3,1,1,Has Credit Card,1,Active,134875.37,0,Retained
683,France,Male,41,6,95696.52,2,1,Has Credit Card,1,Active,184366.14,0,Retained
537,France,Male,28,0,88963.31,2,1,Has Credit Card,1,Active,189839.93,0,Retained
794,Spain,Male,31,0,144880.34,2,0,No Credit Card,1,Active,175643.44,0,Retained
732,France,Male,55,9,136576.02,1,0,No Credit Card,1,Active,3268.17,1,Churned
495,France,Female,38,2,63093.01,1,1,Has Credit Card,1,Active,47089.72,0,Retained
552,Germany,Male,38,10,132271.12,2,1,Has Credit Card,1,Active,46562.02,0,Retained
602,France,Female,29,3,88814.4,2,1,Has Credit Card,1,Active,62487.97,0,Retained
607,Germany,Male,40,5,90594.55,1,0,No Credit Card,1,Active,181598.25,0,Retained
675,Germany,Female,33,0,141816.25,1,1,Has Credit Card,0,Inactive,64815.05,1,Churned
443,France,Female,54,3,138547.97,1,1,Has Credit Card,1,Active,70196.23,1,Churned
727,France,Female,31,2,52192.08,2,0,No Credit Card,1,Active,160383.47,0,Retained
482,France,Male,38,4,124976.19,1,1,Has Credit Card,0,Inactive,35848.12,0,Retained
686,France,Female,34,1,0.0,2,1,Has Credit Card,0,Inactive,87278.48,0,Retained
588,Germany,Male,35,3,104356.38,1,1,Has Credit Card,0,Inactive,94498.82,0,Retained
605,Spain,Female,48,10,150315.92,1,0,No Credit Card,1,Active,133486.36,0,Retained
583,France,Male,39,1,129299.28,2,1,Has Credit Card,0,Inactive,73107.6,0,Retained
738,Germany,Male,37,7,140950.92,2,1,Has Credit Card,0,Inactive,195333.98,0,Retained
744,Spain,Male,30,1,128065.12,1,1,Has Credit Card,0,Inactive,121525.48,0,Retained
781,France,Male,23,2,107433.48,1,1,Has Credit Card,0,Inactive,173843.21,0,Retained
699,France,Male,34,2,117468.67,1,1,Has Credit Card,0,Inactive,185227.42,0,Retained
639,France,Female,27,2,0.0,2,0,No Credit Card,0,Inactive,125244.18,0,Retained
583,France,Female,27,4,0.0,3,1,Has Credit Card,0,Inactive,163113.41,0,Retained
587,France,Male,42,1,0.0,1,0,No Credit Card,0,Inactive,123006.91,0,Retained
694,France,Male,40,9,0.0,2,1,Has Credit Card,0,Inactive,40463.03,0,Retained
570,France,Female,29,4,153040.03,1,1,Has Credit Card,1,Active,131363.57,1,Churned
692,Germany,Male,45,6,142084.04,4,1,Has Credit Card,0,Inactive,188305.85,1,Churned
511,France,Female,30,5,0.0,2,1,Has Credit Card,0,Inactive,143994.86,0,Retained
788,France,Male,32,4,112079.58,1,0,No Credit Card,0,Inactive,89368.59,0,Retained
526,Spain,Male,66,7,132044.6,2,1,Has Credit Card,1,Active,158365.89,0,Retained
749,Spain,Female,46,9,66582.81,1,1,Has Credit Card,0,Inactive,78753.12,1,Churned
691,France,Female,33,6,0.0,2,1,Has Credit Card,1,Active,100408.31,0,Retained
481,France,Female,39,6,0.0,1,1,Has Credit Card,1,Active,24677.54,0,Retained
752,France,Male,33,4,0.0,2,1,Has Credit Card,1,Active,39570.78,0,Retained
658,France,Female,38,6,102895.1,1,0,No Credit Card,0,Inactive,155665.76,0,Retained
679,Spain,Male,42,2,0.0,1,1,Has Credit Card,1,Active,168294.27,0,Retained
754,Germany,Male,27,7,117578.35,2,0,No Credit Card,1,Active,87908.01,0,Retained
679,France,Male,47,10,198546.1,2,1,Has Credit Card,0,Inactive,191198.92,1,Churned
633,Spain,Female,39,2,0.0,2,0,No Credit Card,0,Inactive,191207.03,0,Retained
674,France,Female,31,1,0.0,1,1,Has Credit Card,0,Inactive,128954.05,0,Retained
600,Germany,Male,28,2,116623.31,1,0,No Credit Card,1,Active,59905.29,0,Retained
645,Spain,Male,49,8,0.0,2,1,Has Credit Card,0,Inactive,162012.6,0,Retained
698,France,Male,36,6,0.0,2,0,No Credit Card,1,Active,19231.98,0,Retained
508,Spain,Male,54,10,0.0,1,1,Has Credit Card,1,Active,175749.36,0,Retained
555,France,Female,44,3,105770.7,3,1,Has Credit Card,0,Inactive,60533.96,1,Churned
751,France,Female,48,9,0.0,1,1,Has Credit Card,0,Inactive,137508.42,1,Churned
738,France,Female,39,1,94435.45,2,0,No Credit Card,1,Active,189430.86,0,Retained
706,Germany,Female,39,8,112889.91,1,0,No Credit Card,1,Active,6723.66,0,Retained
595,France,Female,53,7,0.0,2,1,Has Credit Card,0,Inactive,41371.68,1,Churned
577,Germany,Female,43,3,127940.47,1,0,No Credit Card,0,Inactive,125140.72,1,Churned
578,Germany,Female,36,8,129745.1,1,1,Has Credit Card,1,Active,143683.75,0,Retained
699,France,Male,32,3,0.0,2,1,Has Credit Card,1,Active,170770.44,0,Retained
826,France,Female,30,5,0.0,2,0,No Credit Card,1,Active,157397.57,0,Retained
656,Germany,Female,46,7,141535.52,1,1,Has Credit Card,0,Inactive,50595.15,1,Churned
556,France,Female,47,2,139914.27,1,1,Has Credit Card,1,Active,50390.98,0,Retained
569,France,Male,41,4,120243.49,1,1,Has Credit Card,0,Inactive,163150.03,1,Churned
765,France,Male,34,9,91835.16,1,0,No Credit Card,0,Inactive,138280.17,0,Retained
544,Spain,Male,37,2,0.0,2,0,No Credit Card,0,Inactive,135067.02,0,Retained
588,Spain,Female,22,9,67178.19,1,1,Has Credit Card,1,Active,163534.75,1,Churned
740,Spain,Female,31,8,0.0,2,0,No Credit Card,0,Inactive,86657.48,0,Retained
850,Spain,Male,38,7,115378.94,1,0,No Credit Card,1,Active,162087.82,0,Retained
766,Germany,Male,30,4,127786.28,2,1,Has Credit Card,1,Active,28879.3,0,Retained
849,France,Female,41,6,0.0,2,1,Has Credit Card,1,Active,169203.51,1,Churned
612,France,Female,33,0,64900.32,2,1,Has Credit Card,0,Inactive,102426.12,0,Retained
517,Germany,Male,53,0,109172.88,1,1,Has Credit Card,0,Inactive,54676.1,1,Churned
645,France,Female,55,7,0.0,2,1,Has Credit Card,1,Active,18369.33,0,Retained
696,Germany,Male,43,4,114091.38,1,0,No Credit Card,1,Active,159888.1,0,Retained
716,France,Female,40,3,0.0,2,0,No Credit Card,1,Active,167636.15,0,Retained
590,France,Male,32,9,0.0,2,1,Has Credit Card,0,Inactive,138889.15,0,Retained
656,France,Female,45,7,145933.27,1,1,Has Credit Card,1,Active,199392.14,0,Retained
473,Germany,Female,35,7,131504.73,1,1,Has Credit Card,0,Inactive,189560.43,0,Retained
742,Germany,Female,44,8,107926.02,1,0,No Credit Card,1,Active,17375.27,1,Churned
834,Germany,Female,57,8,112281.6,3,1,Has Credit Card,0,Inactive,140225.14,1,Churned
721,France,Male,41,7,0.0,2,0,No Credit Card,1,Active,61018.85,0,Retained
590,Spain,Male,29,10,0.0,1,1,Has Credit Card,1,Active,51907.72,1,Churned
516,Spain,Female,31,7,0.0,1,1,Has Credit Card,0,Inactive,47018.75,0,Retained
850,France,Male,33,0,124781.67,1,0,No Credit Card,1,Active,33700.52,0,Retained
748,France,Female,39,9,132865.56,1,1,Has Credit Card,1,Active,59636.43,1,Churned
798,Germany,Female,38,4,129055.13,1,1,Has Credit Card,0,Inactive,157147.59,0,Retained
612,Germany,Male,76,6,96166.88,1,1,Has Credit Card,1,Active,191393.26,0,Retained
540,France,Female,40,3,165298.12,1,0,No Credit Card,1,Active,199862.75,0,Retained
719,Spain,Female,33,7,0.0,2,1,Has Credit Card,0,Inactive,20016.59,0,Retained
598,France,Male,48,6,120682.53,1,1,Has Credit Card,0,Inactive,30635.52,1,Churned
796,Spain,Male,32,5,102773.15,2,0,No Credit Card,1,Active,117832.88,0,Retained
579,Germany,Male,42,0,144386.32,1,1,Has Credit Card,1,Active,22497.1,1,Churned
850,Germany,Female,40,7,104449.8,1,1,Has Credit Card,1,Active,747.88,0,Retained
599,Spain,Male,35,6,137102.65,1,0,No Credit Card,0,Inactive,76870.81,0,Retained
724,France,Female,30,9,142475.87,1,1,Has Credit Card,1,Active,107848.24,0,Retained
508,France,Female,43,9,0.0,1,1,Has Credit Card,0,Inactive,103726.71,0,Retained
773,Spain,Male,37,2,103195.2,2,1,Has Credit Card,0,Inactive,178268.36,0,Retained
526,France,Male,28,1,112070.44,1,0,No Credit Card,1,Active,126281.83,0,Retained
542,France,Female,29,7,0.0,2,0,No Credit Card,1,Active,196651.72,0,Retained
470,France,Male,35,1,96473.59,1,0,No Credit Card,0,Inactive,5962.3,0,Retained
805,Spain,Male,37,5,0.0,2,1,Has Credit Card,0,Inactive,21928.81,0,Retained
548,Germany,Male,49,9,108437.89,1,0,No Credit Card,0,Inactive,127022.87,1,Churned
672,France,Male,37,5,153195.59,1,1,Has Credit Card,1,Active,162763.01,0,Retained
773,France,Male,45,8,96877.21,1,1,Has Credit Card,1,Active,113950.51,0,Retained
614,France,Male,44,6,0.0,2,0,No Credit Card,1,Active,104930.46,0,Retained
537,France,Female,38,10,0.0,1,0,No Credit Card,0,Inactive,52337.97,1,Churned
704,France,Female,40,6,95452.89,1,0,No Credit Card,1,Active,179964.55,0,Retained
586,Spain,Male,41,3,63873.56,1,1,Has Credit Card,0,Inactive,83753.64,0,Retained
677,France,Female,24,0,148298.59,2,0,No Credit Card,0,Inactive,182913.95,0,Retained
558,Spain,Female,31,7,0.0,2,1,Has Credit Card,0,Inactive,166720.28,0,Retained
634,Germany,Female,37,7,143258.85,2,1,Has Credit Card,0,Inactive,192721.98,0,Retained
655,Germany,Male,37,9,121342.24,1,1,Has Credit Card,1,Active,180241.44,0,Retained
619,Germany,Female,28,6,99152.73,2,1,Has Credit Card,0,Inactive,48475.12,0,Retained
662,France,Female,41,4,0.0,2,1,Has Credit Card,0,Inactive,126551.48,0,Retained
705,Spain,Male,33,7,68423.89,1,1,Has Credit Card,1,Active,64872.55,0,Retained
527,Spain,Female,35,8,0.0,1,1,Has Credit Card,0,Inactive,98031.53,1,Churned
630,Germany,Female,25,7,79656.81,1,1,Has Credit Card,0,Inactive,93524.22,0,Retained
850,France,Male,35,2,0.0,2,1,Has Credit Card,1,Active,56991.66,0,Retained
668,France,Female,53,10,110240.04,1,0,No Credit Card,0,Inactive,183980.56,1,Churned
573,France,Female,32,9,125321.84,2,1,Has Credit Card,1,Active,130234.63,0,Retained
680,France,Male,27,3,0.0,1,1,Has Credit Card,0,Inactive,32454.26,0,Retained
758,France,Female,32,2,84378.9,1,1,Has Credit Card,1,Active,75396.43,0,Retained
597,France,Male,45,7,0.0,2,0,No Credit Card,0,Inactive,167756.45,0,Retained
580,Germany,Male,35,10,136281.41,2,1,Has Credit Card,1,Active,24799.47,0,Retained
622,France,Male,59,5,119380.37,1,1,Has Credit Card,1,Active,60429.43,0,Retained
638,Germany,Male,62,4,108716.59,2,1,Has Credit Card,1,Active,74241.09,0,Retained
640,France,Female,20,4,0.0,2,0,No Credit Card,1,Active,78310.82,0,Retained
644,Spain,Male,28,0,0.0,2,1,Has Credit Card,0,Inactive,119419.37,0,Retained
753,France,Female,31,6,106596.29,1,0,No Credit Card,0,Inactive,91305.77,0,Retained
629,France,Female,37,10,99546.25,3,0,No Credit Card,1,Active,25136.95,1,Churned
775,France,Female,30,5,0.0,1,1,Has Credit Card,0,Inactive,193880.6,1,Churned
701,France,Female,41,2,0.0,1,1,Has Credit Card,0,Inactive,47856.78,0,Retained
708,Spain,Male,19,7,112615.86,1,1,Has Credit Card,1,Active,4491.77,0,Retained
521,Spain,Female,22,10,0.0,1,1,Has Credit Card,1,Active,101311.95,0,Retained
636,France,Female,24,9,0.0,2,0,No Credit Card,1,Active,38830.72,0,Retained
529,France,Female,31,5,0.0,2,1,Has Credit Card,0,Inactive,26817.23,0,Retained
757,France,Male,28,3,75381.15,1,1,Has Credit Card,1,Active,199727.72,0,Retained
767,Spain,Female,24,5,0.0,2,1,Has Credit Card,1,Active,67445.85,0,Retained
525,Spain,Male,33,5,0.0,2,1,Has Credit Card,0,Inactive,161002.29,0,Retained
759,Spain,Male,38,1,0.0,2,1,Has Credit Card,0,Inactive,20778.39,0,Retained
520,Germany,Female,45,1,123086.39,1,1,Has Credit Card,1,Active,41042.4,1,Churned
738,France,Female,26,3,0.0,2,1,Has Credit Card,0,Inactive,67484.16,0,Retained
548,Spain,Male,37,4,0.0,1,1,Has Credit Card,0,Inactive,121763.68,0,Retained
535,Spain,Male,48,9,109472.47,1,1,Has Credit Card,0,Inactive,157358.43,1,Churned
615,Spain,Male,59,4,155766.05,1,1,Has Credit Card,1,Active,110275.17,0,Retained
850,Germany,Male,38,7,101985.81,2,0,No Credit Card,0,Inactive,43801.27,0,Retained
487,France,Female,34,2,96019.5,1,0,No Credit Card,0,Inactive,9085.0,0,Retained
731,France,Male,30,7,0.0,2,0,No Credit Card,1,Active,143086.09,0,Retained
726,Spain,Female,35,9,0.0,2,0,No Credit Card,1,Active,100556.98,0,Retained
609,France,Female,35,2,147900.43,1,1,Has Credit Card,0,Inactive,140000.29,0,Retained
714,France,Male,52,4,100755.66,1,1,Has Credit Card,1,Active,186775.25,0,Retained
694,Spain,Female,35,7,0.0,1,1,Has Credit Card,0,Inactive,133570.43,1,Churned
786,France,Female,33,0,83036.05,1,0,No Credit Card,1,Active,154990.58,1,Churned
698,Spain,Male,27,6,125427.37,2,0,No Credit Card,0,Inactive,27654.44,0,Retained
601,France,Female,46,3,98202.76,1,0,No Credit Card,0,Inactive,137763.93,0,Retained
769,Spain,Male,41,1,72509.91,1,1,Has Credit Card,0,Inactive,25723.73,0,Retained
850,Germany,Male,44,3,140393.65,2,0,No Credit Card,1,Active,186285.52,0,Retained
646,Spain,Female,50,5,142644.64,2,1,Has Credit Card,1,Active,142208.5,1,Churned
659,France,Female,44,9,23503.31,1,0,No Credit Card,1,Active,169862.01,1,Churned
487,Spain,Male,33,8,145729.71,1,1,Has Credit Card,0,Inactive,41365.85,0,Retained
740,Germany,Female,40,2,122295.17,2,1,Has Credit Card,1,Active,30812.84,0,Retained
686,France,Male,39,4,0.0,2,1,Has Credit Card,0,Inactive,155023.93,0,Retained
612,Spain,Female,36,5,119799.27,2,1,Has Credit Card,0,Inactive,159416.58,0,Retained
655,Spain,Male,37,8,163708.58,2,0,No Credit Card,0,Inactive,76259.23,0,Retained
617,France,Male,34,1,61687.33,2,1,Has Credit Card,0,Inactive,105965.25,0,Retained
674,France,Female,27,4,79144.34,1,0,No Credit Card,1,Active,50743.83,0,Retained
711,Spain,Male,32,5,0.0,2,1,Has Credit Card,1,Active,147720.27,0,Retained
624,Germany,Female,27,7,104848.68,1,1,Has Credit Card,1,Active,167387.36,0,Retained
597,Spain,Male,26,5,0.0,2,0,No Credit Card,1,Active,95159.13,0,Retained
682,Spain,Male,46,4,0.0,1,1,Has Credit Card,1,Active,4654.28,0,Retained
775,France,Male,45,8,0.0,1,1,Has Credit Card,0,Inactive,130376.68,0,Retained
727,France,Female,29,1,146652.01,1,1,Has Credit Card,1,Active,173486.39,0,Retained
629,France,Male,31,6,0.0,2,1,Has Credit Card,0,Inactive,93881.75,0,Retained
684,France,Male,46,0,0.0,2,1,Has Credit Card,1,Active,36376.97,0,Retained
549,Germany,Female,37,1,130622.34,2,1,Has Credit Card,1,Active,128499.94,0,Retained
593,Germany,Male,69,2,187013.13,2,0,No Credit Card,1,Active,105898.69,0,Retained
536,Spain,Male,40,9,0.0,2,1,Has Credit Card,1,Active,11959.03,0,Retained
707,France,Female,36,6,0.0,1,0,No Credit Card,0,Inactive,98810.78,0,Retained
592,Spain,Male,41,0,0.0,2,1,Has Credit Card,0,Inactive,65906.07,0,Retained
703,France,Male,44,6,98862.54,1,1,Has Credit Card,0,Inactive,151516.7,0,Retained
723,Spain,Female,45,4,0.0,2,1,Has Credit Card,0,Inactive,37214.39,0,Retained
452,Germany,Male,52,1,98443.14,2,0,No Credit Card,0,Inactive,92033.98,0,Retained
552,Spain,Male,42,4,0.0,2,0,No Credit Card,0,Inactive,195692.3,0,Retained
633,France,Female,47,0,0.0,1,1,Has Credit Card,1,Active,6342.84,1,Churned
479,Germany,Female,23,9,123575.51,1,0,No Credit Card,1,Active,95148.28,0,Retained
768,France,Male,25,6,0.0,2,1,Has Credit Card,1,Active,21215.67,0,Retained
742,France,Male,31,4,105239.1,1,1,Has Credit Card,1,Active,19700.24,0,Retained
668,Germany,Male,56,9,110993.79,1,1,Has Credit Card,0,Inactive,134396.64,1,Churned
707,Spain,Male,44,3,0.0,2,1,Has Credit Card,1,Active,135077.01,0,Retained
754,Spain,Male,39,7,157691.98,2,1,Has Credit Card,0,Inactive,133600.89,1,Churned
544,Germany,Male,47,5,105245.21,1,0,No Credit Card,0,Inactive,99922.08,1,Churned
718,Spain,Male,32,8,0.0,2,1,Has Credit Card,1,Active,41399.33,0,Retained
762,France,Male,31,7,117687.35,1,1,Has Credit Card,1,Active,159344.43,0,Retained
772,France,Male,23,2,0.0,2,1,Has Credit Card,0,Inactive,18364.19,0,Retained
691,Germany,Female,37,7,123067.63,1,1,Has Credit Card,1,Active,98162.44,1,Churned
502,France,Male,45,0,0.0,1,0,No Credit Card,0,Inactive,84663.21,0,Retained
563,France,Female,34,6,0.0,2,0,No Credit Card,0,Inactive,36536.93,0,Retained
676,France,Female,41,4,101457.14,1,1,Has Credit Card,1,Active,79101.67,0,Retained
576,Spain,Male,52,2,100549.43,2,1,Has Credit Card,1,Active,16644.16,0,Retained
629,Spain,Male,35,4,174588.8,2,0,No Credit Card,1,Active,158420.14,0,Retained
625,Spain,Male,52,8,121161.57,1,1,Has Credit Card,0,Inactive,48988.28,0,Retained
628,France,Male,45,9,0.0,2,1,Has Credit Card,1,Active,96862.56,0,Retained
471,Germany,Female,36,5,90063.74,2,1,Has Credit Card,1,Active,96366.7,0,Retained
811,France,Female,45,5,0.0,2,1,Has Credit Card,1,Active,146123.19,0,Retained
504,France,Male,42,3,134936.97,2,0,No Credit Card,0,Inactive,135178.91,0,Retained
687,France,Female,24,3,110495.27,1,1,Has Credit Card,0,Inactive,158615.41,0,Retained
660,Germany,Female,37,2,133200.09,1,0,No Credit Card,0,Inactive,71433.88,0,Retained
548,France,Female,41,4,82596.8,1,0,No Credit Card,1,Active,55672.09,0,Retained
609,Germany,Male,31,9,103837.75,1,1,Has Credit Card,1,Active,150218.11,0,Retained
659,Spain,Female,42,2,0.0,1,0,No Credit Card,0,Inactive,162734.31,1,Churned
526,France,Male,52,8,93590.47,1,0,No Credit Card,1,Active,21228.71,1,Churned
725,Germany,Male,40,8,104149.66,1,1,Has Credit Card,0,Inactive,62027.9,0,Retained
519,Germany,Male,38,1,114141.64,1,1,Has Credit Card,1,Active,60988.21,1,Churned
562,Germany,Female,31,9,117153.0,1,1,Has Credit Card,1,Active,108675.01,0,Retained
482,Germany,Male,45,7,156353.46,1,1,Has Credit Card,0,Inactive,72643.95,1,Churned
535,Spain,Male,37,3,175534.78,2,1,Has Credit Card,1,Active,9241.52,0,Retained
561,France,Female,27,9,135637.0,1,1,Has Credit Card,0,Inactive,153080.4,1,Churned
661,France,Female,30,7,0.0,2,1,Has Credit Card,0,Inactive,72196.57,0,Retained
771,France,Male,27,2,0.0,2,1,Has Credit Card,1,Active,199527.34,0,Retained
545,France,Male,26,7,0.0,2,0,No Credit Card,1,Active,156598.23,0,Retained
850,Germany,Female,33,2,83415.04,1,0,No Credit Card,1,Active,74917.64,0,Retained
601,Germany,Male,43,3,141859.12,2,1,Has Credit Card,1,Active,111249.62,0,Retained
712,Germany,Male,38,7,132767.66,2,1,Has Credit Card,1,Active,59115.77,0,Retained
589,France,Female,31,10,110635.32,1,1,Has Credit Card,0,Inactive,148218.86,0,Retained
600,Spain,Male,37,8,177657.35,1,1,Has Credit Card,1,Active,77142.32,0,Retained
642,Germany,Male,41,4,157777.58,1,1,Has Credit Card,0,Inactive,67484.6,0,Retained
575,Germany,Male,47,9,107915.94,2,1,Has Credit Card,1,Active,63452.18,1,Churned
570,Germany,Female,57,5,86568.75,1,0,No Credit Card,1,Active,103660.31,0,Retained
532,Germany,Male,52,9,137755.76,1,1,Has Credit Card,0,Inactive,163191.99,1,Churned
796,France,Male,30,2,137262.71,2,1,Has Credit Card,0,Inactive,62905.29,0,Retained
833,Spain,Male,32,6,0.0,1,1,Has Credit Card,1,Active,44323.22,1,Churned
642,Spain,Female,36,6,0.0,2,1,Has Credit Card,1,Active,97938.59,0,Retained
655,France,Male,28,10,0.0,2,0,No Credit Card,1,Active,126565.21,0,Retained
736,Germany,Male,50,9,116309.01,1,1,Has Credit Card,0,Inactive,185360.4,1,Churned
617,France,Female,34,0,131244.65,2,1,Has Credit Card,0,Inactive,183229.02,0,Retained
762,Germany,Male,28,3,125155.83,2,1,Has Credit Card,1,Active,106024.02,0,Retained
703,Germany,Male,35,5,140691.08,2,1,Has Credit Card,0,Inactive,167810.26,0,Retained
507,France,Male,41,3,58820.32,2,1,Has Credit Card,1,Active,138536.09,0,Retained
581,Germany,Female,26,3,105099.45,1,1,Has Credit Card,1,Active,184520.0,1,Churned
593,France,Male,31,9,0.0,2,0,No Credit Card,1,Active,20492.16,0,Retained
648,France,Male,23,9,168372.52,1,1,Has Credit Card,0,Inactive,134676.72,0,Retained
462,Germany,Male,34,1,94682.56,2,1,Has Credit Card,0,Inactive,138478.2,0,Retained
596,Spain,Male,36,2,0.0,2,0,No Credit Card,1,Active,125557.95,0,Retained
627,France,Female,44,5,0.0,2,1,Has Credit Card,0,Inactive,82969.61,1,Churned
494,France,Male,40,7,0.0,2,0,No Credit Card,1,Active,158071.69,0,Retained
627,France,Male,73,0,146329.73,1,0,No Credit Card,1,Active,43615.67,0,Retained
850,Spain,Male,37,2,0.0,2,1,Has Credit Card,0,Inactive,119969.99,0,Retained
632,France,Female,49,5,167962.7,1,0,No Credit Card,0,Inactive,140201.21,0,Retained
490,France,Male,33,1,0.0,2,1,Has Credit Card,1,Active,80792.83,0,Retained
715,France,Male,40,7,0.0,1,1,Has Credit Card,1,Active,141359.11,0,Retained
679,France,Male,48,8,0.0,2,1,Has Credit Card,0,Inactive,23344.94,0,Retained
619,France,Male,44,3,116967.68,1,1,Has Credit Card,0,Inactive,5075.17,1,Churned
465,Spain,Female,33,6,0.0,2,1,Has Credit Card,1,Active,95500.98,0,Retained
736,Spain,Male,32,7,0.0,1,0,No Credit Card,1,Active,79082.62,0,Retained
501,Germany,Female,34,7,93244.42,1,0,No Credit Card,1,Active,199805.63,0,Retained
535,France,Female,29,5,0.0,2,0,No Credit Card,1,Active,52709.55,0,Retained
759,France,Female,33,2,0.0,2,1,Has Credit Card,0,Inactive,56583.88,0,Retained
819,France,Male,35,1,0.0,2,0,No Credit Card,1,Active,3385.04,0,Retained
533,Germany,Male,43,4,80442.06,2,0,No Credit Card,1,Active,12537.42,0,Retained
632,Germany,Female,35,2,150561.03,2,0,No Credit Card,0,Inactive,64722.61,0,Retained
686,France,Male,60,9,0.0,3,1,Has Credit Card,1,Active,75246.21,1,Churned
687,France,Female,34,9,125474.44,1,1,Has Credit Card,0,Inactive,198929.84,0,Retained
667,Germany,Female,33,4,127076.68,2,1,Has Credit Card,0,Inactive,69011.66,0,Retained
699,Spain,Female,25,8,0.0,2,1,Has Credit Card,1,Active,52404.47,0,Retained
497,Spain,Male,37,8,128650.11,2,1,Has Credit Card,1,Active,163641.53,0,Retained
780,Spain,Female,33,6,145580.61,1,1,Has Credit Card,1,Active,154598.56,0,Retained
652,France,Female,51,3,0.0,1,1,Has Credit Card,0,Inactive,173989.47,1,Churned
477,France,Male,47,9,144900.58,1,1,Has Credit Card,0,Inactive,61315.37,1,Churned
652,France,Female,37,4,0.0,2,1,Has Credit Card,0,Inactive,143393.24,0,Retained
488,France,Female,31,8,97588.6,1,0,No Credit Card,0,Inactive,124210.53,0,Retained
572,France,Male,24,1,0.0,2,1,Has Credit Card,1,Active,151460.84,0,Retained
755,France,Female,38,1,0.0,2,1,Has Credit Card,0,Inactive,20734.81,0,Retained
779,Germany,Female,24,10,122200.31,2,1,Has Credit Card,0,Inactive,43705.56,0,Retained
693,Spain,Female,46,3,151709.33,1,1,Has Credit Card,0,Inactive,180736.24,0,Retained
530,Spain,Female,22,7,0.0,2,1,Has Credit Card,0,Inactive,104170.48,0,Retained
738,Spain,Female,33,3,122134.4,2,0,No Credit Card,1,Active,27867.59,0,Retained
690,Germany,Male,31,2,137260.45,2,1,Has Credit Card,0,Inactive,55387.28,0,Retained
611,France,Female,30,9,88594.14,1,1,Has Credit Card,0,Inactive,196332.45,0,Retained
643,Spain,Male,34,6,0.0,2,1,Has Credit Card,1,Active,116046.22,0,Retained
632,Germany,Male,41,8,127205.32,4,1,Has Credit Card,0,Inactive,93874.87,1,Churned
727,Spain,Female,31,10,96997.09,2,0,No Credit Card,0,Inactive,76614.04,0,Retained
508,France,Female,64,2,0.0,1,1,Has Credit Card,1,Active,6076.62,0,Retained
550,France,Male,31,5,142200.19,2,1,Has Credit Card,1,Active,122221.71,0,Retained
754,Germany,Female,39,3,160761.41,1,1,Has Credit Card,1,Active,24156.03,0,Retained
759,France,Male,26,4,0.0,2,1,Has Credit Card,0,Inactive,135394.62,0,Retained
794,Spain,Male,33,8,0.0,2,0,No Credit Card,0,Inactive,91340.02,0,Retained
549,France,Male,29,3,0.0,2,1,Has Credit Card,0,Inactive,146090.38,0,Retained
671,France,Male,31,0,116234.61,1,1,Has Credit Card,0,Inactive,172096.08,0,Retained
756,Germany,Female,26,5,155143.52,1,0,No Credit Card,1,Active,135034.57,1,Churned
632,France,Female,21,1,0.0,2,1,Has Credit Card,0,Inactive,84008.66,0,Retained
579,France,Male,38,8,0.0,2,0,No Credit Card,0,Inactive,91763.67,0,Retained
748,France,Male,34,5,84009.47,1,1,Has Credit Card,1,Active,137001.1,0,Retained
488,Germany,Female,28,7,139246.22,2,1,Has Credit Card,0,Inactive,106799.49,0,Retained
710,Germany,Male,58,7,170113.0,2,0,No Credit Card,1,Active,10494.64,0,Retained
619,Spain,Female,41,8,0.0,3,1,Has Credit Card,1,Active,79866.73,1,Churned
773,France,Male,64,2,145578.28,1,0,No Credit Card,1,Active,186172.85,0,Retained
657,Spain,Male,75,7,126273.95,1,0,No Credit Card,1,Active,91673.6,0,Retained
579,France,Female,26,10,162482.76,1,1,Has Credit Card,1,Active,18458.2,0,Retained
542,France,Male,29,9,0.0,1,1,Has Credit Card,0,Inactive,8342.35,0,Retained
709,France,Female,32,2,87814.89,1,1,Has Credit Card,0,Inactive,138578.37,0,Retained
617,Spain,Male,61,3,113858.95,1,1,Has Credit Card,1,Active,38129.22,0,Retained
568,Germany,Male,43,5,87612.64,4,1,Has Credit Card,1,Active,107155.4,1,Churned
769,France,Female,73,1,0.0,1,1,Has Credit Card,1,Active,29792.11,0,Retained
608,Germany,Male,26,1,106648.98,1,0,No Credit Card,1,Active,7063.6,0,Retained
503,Spain,Male,31,4,0.0,2,1,Has Credit Card,1,Active,21645.06,0,Retained
608,Germany,Female,38,8,103653.51,2,1,Has Credit Card,1,Active,137079.86,0,Retained
731,Germany,Male,37,3,116880.53,1,0,No Credit Card,0,Inactive,172718.35,1,Churned
850,Germany,Female,40,4,97990.49,2,0,No Credit Card,0,Inactive,106691.02,0,Retained
591,Germany,Female,34,4,150635.3,1,1,Has Credit Card,1,Active,72274.84,0,Retained
579,Spain,Male,37,4,0.0,2,1,Has Credit Card,1,Active,32246.63,0,Retained
570,France,Male,39,10,129674.89,2,1,Has Credit Card,0,Inactive,80552.36,0,Retained
709,France,Female,37,9,0.0,2,1,Has Credit Card,0,Inactive,16733.59,0,Retained
611,France,Male,53,3,83568.26,1,0,No Credit Card,0,Inactive,1235.49,0,Retained
775,Spain,Male,48,4,178144.91,2,0,No Credit Card,0,Inactive,50168.41,1,Churned
699,Germany,Male,36,6,147137.74,1,1,Has Credit Card,1,Active,33687.9,0,Retained
618,France,Male,37,5,0.0,1,0,No Credit Card,1,Active,178705.45,1,Churned
704,France,Male,36,3,114370.41,1,0,No Credit Card,1,Active,66810.48,0,Retained
835,Germany,Female,47,5,108289.28,2,1,Has Credit Card,1,Active,45859.55,1,Churned
714,Germany,Male,39,3,149887.49,2,1,Has Credit Card,0,Inactive,63846.36,0,Retained
581,Spain,Female,43,4,170172.9,1,0,No Credit Card,1,Active,100236.02,0,Retained
592,France,Male,27,3,0.0,2,1,Has Credit Card,1,Active,19645.65,0,Retained
551,France,Male,43,7,0.0,2,1,Has Credit Card,0,Inactive,178393.68,0,Retained
689,Germany,Female,28,2,64808.32,2,0,No Credit Card,0,Inactive,78591.15,0,Retained
604,France,Female,56,0,62732.65,1,0,No Credit Card,1,Active,124954.56,0,Retained
514,France,Female,41,7,0.0,2,1,Has Credit Card,1,Active,3756.65,0,Retained
698,France,Male,29,5,95167.55,1,1,Has Credit Card,1,Active,152723.23,0,Retained
581,Germany,Female,54,2,152508.99,1,1,Has Credit Card,0,Inactive,187597.98,1,Churned
573,Germany,Male,31,0,134644.19,1,1,Has Credit Card,1,Active,70381.49,0,Retained
449,Spain,Female,33,8,0.0,2,0,No Credit Card,0,Inactive,156792.89,0,Retained
850,Germany,Female,31,3,51293.47,1,0,No Credit Card,0,Inactive,35534.68,0,Retained
612,France,Male,41,5,0.0,3,0,No Credit Card,0,Inactive,151256.22,0,Retained
690,Spain,Male,49,8,116622.73,1,0,No Credit Card,1,Active,51011.29,0,Retained
599,Spain,Female,49,2,0.0,2,1,Has Credit Card,0,Inactive,111190.53,0,Retained
498,France,Male,33,1,198113.86,1,1,Has Credit Card,0,Inactive,69664.35,0,Retained
497,France,Female,29,4,85646.81,1,0,No Credit Card,0,Inactive,63233.02,1,Churned
802,Spain,Male,51,7,0.0,1,0,No Credit Card,1,Active,40855.79,0,Retained
644,France,Male,33,9,141234.98,1,1,Has Credit Card,0,Inactive,95673.05,0,Retained
714,France,Male,34,10,0.0,2,1,Has Credit Card,1,Active,80234.14,0,Retained
690,France,Female,40,9,77641.99,1,0,No Credit Card,0,Inactive,189051.59,1,Churned
522,Spain,Male,30,3,0.0,2,1,Has Credit Card,0,Inactive,145490.85,0,Retained
502,Germany,Female,40,7,117304.29,1,0,No Credit Card,0,Inactive,196278.32,0,Retained
730,Spain,Female,62,2,0.0,2,1,Has Credit Card,1,Active,162889.1,0,Retained
590,Germany,Male,36,6,92340.69,2,1,Has Credit Card,1,Active,174667.58,0,Retained
458,Germany,Male,35,9,146780.52,2,1,Has Credit Card,1,Active,3476.38,0,Retained
553,Spain,Male,41,6,144974.55,1,1,Has Credit Card,1,Active,19344.92,0,Retained
479,France,Male,47,1,0.0,1,1,Has Credit Card,0,Inactive,95270.83,0,Retained
693,France,Male,31,2,0.0,2,1,Has Credit Card,1,Active,107759.31,0,Retained
707,Spain,Male,43,10,0.0,2,1,Has Credit Card,0,Inactive,118368.2,0,Retained
636,Spain,Male,37,1,115137.26,1,1,Has Credit Card,0,Inactive,52484.01,0,Retained
807,France,Male,33,10,101952.97,2,1,Has Credit Card,0,Inactive,178153.65,0,Retained
513,France,Female,45,0,164649.52,3,1,Has Credit Card,0,Inactive,49915.52,1,Churned
582,France,Male,31,2,0.0,2,1,Has Credit Card,1,Active,33747.03,0,Retained
694,France,Male,32,0,91956.49,1,1,Has Credit Card,1,Active,59961.81,0,Retained
777,France,Male,39,8,0.0,2,1,Has Credit Card,1,Active,18613.52,0,Retained
598,Germany,Male,32,9,123938.6,2,1,Has Credit Card,0,Inactive,198894.42,0,Retained
762,Germany,Male,46,6,123571.77,3,0,No Credit Card,1,Active,57014.17,1,Churned
588,France,Female,34,3,120777.88,1,1,Has Credit Card,1,Active,131729.52,0,Retained
663,Germany,Male,42,5,90248.79,1,1,Has Credit Card,1,Active,79169.73,0,Retained
777,France,Male,36,7,0.0,1,1,Has Credit Card,0,Inactive,106472.34,0,Retained
592,France,Male,71,4,0.0,2,0,No Credit Card,1,Active,17013.54,0,Retained
631,Germany,Male,48,1,106396.48,1,1,Has Credit Card,1,Active,150661.42,1,Churned
725,Germany,Female,47,1,104887.43,1,0,No Credit Card,0,Inactive,86622.56,1,Churned
850,France,Male,34,2,72079.71,1,1,Has Credit Card,1,Active,115767.93,0,Retained
540,France,Male,37,6,0.0,2,1,Has Credit Card,0,Inactive,141998.89,0,Retained
674,Spain,Male,36,2,0.0,2,1,Has Credit Card,1,Active,182787.17,0,Retained
553,France,Male,38,3,99844.68,1,0,No Credit Card,0,Inactive,187915.7,0,Retained
630,France,Female,28,1,0.0,2,1,Has Credit Card,1,Active,133267.78,0,Retained
466,France,Male,26,3,156815.71,1,1,Has Credit Card,1,Active,137476.09,0,Retained
613,France,Male,47,6,146034.74,1,1,Has Credit Card,1,Active,77146.14,0,Retained
558,France,Male,27,1,152283.39,1,1,Has Credit Card,0,Inactive,183271.15,0,Retained
775,Germany,Female,33,1,118897.1,2,1,Has Credit Card,1,Active,26362.4,0,Retained
698,Germany,Male,52,8,96781.39,1,1,Has Credit Card,1,Active,153373.71,0,Retained
608,Germany,Male,33,1,102772.67,2,1,Has Credit Card,0,Inactive,70705.58,0,Retained
670,Spain,Female,20,4,0.0,2,1,Has Credit Card,0,Inactive,119759.24,0,Retained
591,Spain,Male,39,8,0.0,2,0,No Credit Card,0,Inactive,42392.24,0,Retained
633,France,Male,40,4,150578.0,1,0,No Credit Card,1,Active,34670.62,1,Churned
678,France,Female,46,1,0.0,2,0,No Credit Card,0,Inactive,82106.19,0,Retained
590,France,Male,47,3,0.0,2,1,Has Credit Card,0,Inactive,171774.5,0,Retained
705,France,Female,48,0,0.0,2,0,No Credit Card,0,Inactive,149772.61,0,Retained
608,France,Male,42,10,163548.07,1,1,Has Credit Card,0,Inactive,38866.85,0,Retained
682,France,Female,37,8,148580.12,1,1,Has Credit Card,0,Inactive,35179.18,0,Retained
596,Germany,Male,32,3,96709.07,2,0,No Credit Card,0,Inactive,41788.37,0,Retained
395,Germany,Female,34,5,106011.59,1,1,Has Credit Card,1,Active,17376.57,1,Churned
578,Germany,Male,37,1,135650.88,1,1,Has Credit Card,0,Inactive,199428.19,0,Retained
547,Germany,Male,55,4,111362.76,3,1,Has Credit Card,0,Inactive,16922.28,1,Churned
609,France,Male,37,1,39344.83,1,1,Has Credit Card,1,Active,178291.89,1,Churned
774,Germany,Male,36,9,130809.77,1,1,Has Credit Card,0,Inactive,152290.28,0,Retained
712,France,Female,27,2,133009.51,1,1,Has Credit Card,0,Inactive,126809.15,0,Retained
585,Germany,Female,28,9,135337.49,2,1,Has Credit Card,1,Active,40385.61,0,Retained
666,France,Female,32,10,112536.57,2,1,Has Credit Card,1,Active,34350.54,0,Retained
708,Spain,Female,35,8,122570.69,1,0,No Credit Card,0,Inactive,199005.88,0,Retained
513,France,Male,44,1,63562.02,2,0,No Credit Card,1,Active,52629.73,1,Churned
445,France,Male,37,3,0.0,2,1,Has Credit Card,1,Active,180012.39,0,Retained
690,Germany,Male,44,9,100368.63,2,0,No Credit Card,0,Inactive,35342.33,0,Retained
850,France,Male,37,6,0.0,2,1,Has Credit Card,0,Inactive,109291.22,0,Retained
537,Spain,Female,33,7,136082.0,1,1,Has Credit Card,0,Inactive,62746.54,0,Retained
705,Germany,Male,48,9,114169.16,1,0,No Credit Card,0,Inactive,173273.2,1,Churned
670,France,Female,45,5,47884.92,1,1,Has Credit Card,1,Active,54340.24,0,Retained
652,Spain,Female,36,1,0.0,2,1,Has Credit Card,1,Active,19302.78,0,Retained
696,Spain,Male,24,9,0.0,1,0,No Credit Card,0,Inactive,10883.52,0,Retained
747,France,Male,49,6,202904.64,1,1,Has Credit Card,1,Active,17298.72,1,Churned
511,France,Female,46,1,0.0,1,1,Has Credit Card,1,Active,115779.48,1,Churned
743,Spain,Male,43,2,161807.18,2,0,No Credit Card,1,Active,93228.86,1,Churned
532,Germany,Male,52,3,110791.97,1,1,Has Credit Card,0,Inactive,148704.77,1,Churned
642,Spain,Female,33,9,0.0,2,1,Has Credit Card,1,Active,150475.14,0,Retained
554,Germany,Female,54,6,108755.0,1,1,Has Credit Card,0,Inactive,40914.32,1,Churned
604,Spain,Female,34,3,0.0,2,1,Has Credit Card,0,Inactive,38587.7,0,Retained
602,France,Female,72,3,0.0,2,1,Has Credit Card,1,Active,171260.66,0,Retained
757,Spain,Female,55,9,117294.12,4,1,Has Credit Card,0,Inactive,94187.47,1,Churned
491,Germany,Male,26,4,102251.14,1,1,Has Credit Card,1,Active,145900.89,0,Retained
850,France,Male,31,4,0.0,2,0,No Credit Card,0,Inactive,152298.28,0,Retained
521,France,Male,22,5,0.0,2,1,Has Credit Card,1,Active,99828.45,0,Retained
726,France,Male,37,2,132057.92,2,1,Has Credit Card,0,Inactive,34743.98,0,Retained
596,France,Male,33,8,0.0,1,1,Has Credit Card,0,Inactive,121189.3,1,Churned
850,Germany,Female,35,7,114285.2,1,0,No Credit Card,1,Active,129660.59,0,Retained
637,France,Female,41,9,0.0,2,1,Has Credit Card,0,Inactive,145477.36,0,Retained
690,Spain,Male,32,2,76087.98,1,0,No Credit Card,1,Active,151822.66,0,Retained
689,France,Male,40,8,160272.27,1,1,Has Credit Card,0,Inactive,49656.24,0,Retained
633,Spain,Male,63,4,114552.6,1,1,Has Credit Card,0,Inactive,73856.28,1,Churned
555,France,Female,27,8,102000.17,1,1,Has Credit Card,1,Active,116757.0,0,Retained
563,Spain,Male,24,7,0.0,2,0,No Credit Card,0,Inactive,16319.56,0,Retained
494,France,Female,33,1,137853.0,1,0,No Credit Card,1,Active,90273.85,0,Retained
534,France,Male,27,9,0.0,2,1,Has Credit Card,0,Inactive,161344.13,0,Retained
696,Germany,Male,42,7,162318.61,1,1,Has Credit Card,0,Inactive,121061.89,0,Retained
535,Spain,Female,50,1,140292.58,3,0,No Credit Card,0,Inactive,69531.22,1,Churned
600,France,Male,34,0,0.0,2,0,No Credit Card,1,Active,3756.23,0,Retained
807,France,Female,34,1,0.0,1,0,No Credit Card,0,Inactive,114448.13,0,Retained
714,France,Female,52,2,0.0,1,0,No Credit Card,1,Active,144045.08,1,Churned
590,France,Male,24,7,126431.54,1,1,Has Credit Card,0,Inactive,58781.11,0,Retained
614,France,Female,41,3,123475.04,1,1,Has Credit Card,1,Active,179227.52,0,Retained
766,Germany,Female,45,6,97652.96,1,1,Has Credit Card,0,Inactive,127332.33,0,Retained
557,Spain,Male,42,4,0.0,2,0,No Credit Card,1,Active,86642.38,0,Retained
788,Germany,Female,49,4,137455.99,1,1,Has Credit Card,0,Inactive,184178.29,1,Churned
648,France,Female,38,2,0.0,2,0,No Credit Card,1,Active,9551.49,0,Retained
726,Germany,Female,33,7,99046.31,2,1,Has Credit Card,1,Active,56053.06,0,Retained
773,France,Male,33,9,0.0,2,1,Has Credit Card,1,Active,1118.31,0,Retained
583,Germany,Male,27,4,105907.42,2,1,Has Credit Card,1,Active,195732.04,0,Retained
565,Germany,Male,52,5,97720.35,2,1,Has Credit Card,0,Inactive,175070.94,1,Churned
705,France,Male,25,9,0.0,2,0,No Credit Card,1,Active,112331.19,0,Retained
685,Spain,Male,43,4,97392.18,2,1,Has Credit Card,0,Inactive,43956.83,0,Retained
741,France,Male,29,8,0.0,2,1,Has Credit Card,1,Active,115994.52,0,Retained
658,Germany,Female,28,9,152812.58,1,1,Has Credit Card,0,Inactive,166682.57,0,Retained
575,France,Male,27,3,139301.68,1,1,Has Credit Card,0,Inactive,99843.98,0,Retained
844,France,Female,41,10,76319.64,1,1,Has Credit Card,1,Active,141175.18,1,Churned
559,Spain,Male,67,9,125919.35,1,1,Has Credit Card,0,Inactive,175910.95,1,Churned
725,France,Male,37,6,124348.38,2,0,No Credit Card,1,Active,176984.34,0,Retained
450,France,Male,29,7,117199.8,1,1,Has Credit Card,1,Active,43480.63,0,Retained
738,Germany,Female,57,9,148384.64,1,0,No Credit Card,0,Inactive,155047.11,1,Churned
642,Germany,Female,19,3,113905.48,1,1,Has Credit Card,1,Active,176137.2,0,Retained
618,Spain,Male,32,5,133476.09,1,0,No Credit Card,1,Active,154843.4,0,Retained
590,France,Male,47,0,117879.32,1,1,Has Credit Card,1,Active,8214.46,0,Retained
735,France,Male,50,2,0.0,2,0,No Credit Card,1,Active,147075.69,0,Retained
550,France,Male,34,8,122359.5,1,0,No Credit Card,0,Inactive,116495.55,0,Retained
729,Spain,Female,28,0,0.0,2,1,Has Credit Card,1,Active,31165.06,1,Churned
743,Germany,Male,59,5,108585.35,1,1,Has Credit Card,1,Active,192127.22,1,Churned
555,France,Male,31,8,145875.74,1,1,Has Credit Card,0,Inactive,137491.23,0,Retained
667,Spain,Female,36,3,121542.57,2,1,Has Credit Card,1,Active,186841.71,0,Retained
790,Spain,Female,41,7,109508.68,1,0,No Credit Card,0,Inactive,86776.38,0,Retained
727,Germany,Male,34,2,146407.11,1,1,Has Credit Card,1,Active,72073.72,0,Retained
744,France,Female,39,6,0.0,1,0,No Credit Card,0,Inactive,10662.58,0,Retained
629,Germany,Male,35,8,112330.83,1,1,Has Credit Card,1,Active,91001.02,0,Retained
619,France,Female,35,4,90413.12,1,1,Has Credit Card,1,Active,20555.21,0,Retained
634,France,Male,34,8,105302.66,1,1,Has Credit Card,1,Active,123164.97,0,Retained
608,Spain,Female,35,6,0.0,2,1,Has Credit Card,1,Active,143463.28,0,Retained
507,France,Female,35,1,0.0,2,0,No Credit Card,0,Inactive,92131.54,0,Retained
536,Germany,Female,35,4,121520.36,1,0,No Credit Card,0,Inactive,77178.42,0,Retained
730,Spain,Female,43,1,103960.38,1,1,Has Credit Card,1,Active,193650.16,0,Retained
583,Germany,Male,39,8,102945.01,1,0,No Credit Card,0,Inactive,52861.89,0,Retained
644,France,Female,24,8,92760.55,1,1,Has Credit Card,0,Inactive,35896.75,0,Retained
790,Spain,Male,37,8,0.0,2,1,Has Credit Card,1,Active,149418.41,0,Retained
807,Germany,Female,40,1,134590.21,1,1,Has Credit Card,1,Active,46253.65,0,Retained
581,France,Female,37,10,104255.03,1,1,Has Credit Card,0,Inactive,86609.37,0,Retained
627,Spain,Female,55,6,0.0,1,0,No Credit Card,0,Inactive,91943.94,1,Churned
850,France,Male,41,3,0.0,2,1,Has Credit Card,0,Inactive,128892.36,0,Retained
754,France,Female,35,4,0.0,2,1,Has Credit Card,0,Inactive,44830.71,0,Retained
551,Germany,Male,50,1,121399.98,1,0,No Credit Card,1,Active,84508.44,1,Churned
637,Germany,Male,35,8,147127.81,2,1,Has Credit Card,1,Active,84760.7,0,Retained
699,Spain,Male,31,8,125927.51,2,1,Has Credit Card,0,Inactive,147661.47,0,Retained
542,France,Female,25,7,0.0,2,0,No Credit Card,1,Active,82393.08,0,Retained
640,Germany,Male,48,1,111599.32,1,0,No Credit Card,1,Active,135995.58,0,Retained
553,France,Female,27,3,0.0,2,0,No Credit Card,0,Inactive,159800.16,0,Retained
741,France,Male,38,9,0.0,2,1,Has Credit Card,0,Inactive,14379.01,0,Retained
598,France,Male,35,8,114212.6,1,1,Has Credit Card,1,Active,74322.85,0,Retained
660,Spain,Female,42,5,0.0,3,1,Has Credit Card,1,Active,189016.24,1,Churned
618,Spain,Male,41,4,115251.64,1,0,No Credit Card,0,Inactive,136435.75,0,Retained
647,France,Male,43,9,0.0,2,1,Has Credit Card,1,Active,78488.39,0,Retained
491,France,Female,68,3,107571.61,1,0,No Credit Card,1,Active,113695.99,0,Retained
652,France,Female,32,2,0.0,2,1,Has Credit Card,0,Inactive,54628.11,0,Retained
650,Germany,Female,45,9,152367.21,3,1,Has Credit Card,0,Inactive,150835.21,1,Churned
413,Germany,Male,39,1,130969.77,2,1,Has Credit Card,1,Active,158891.79,0,Retained
416,Germany,Female,25,0,97738.97,2,1,Has Credit Card,1,Active,160523.33,0,Retained
629,Spain,Male,34,8,0.0,2,1,Has Credit Card,1,Active,180595.02,0,Retained
678,Spain,Female,40,4,113794.22,1,1,Has Credit Card,0,Inactive,16618.76,0,Retained
527,Spain,Male,28,6,128396.33,2,1,Has Credit Card,0,Inactive,79919.97,0,Retained
743,Spain,Female,48,5,118207.69,2,0,No Credit Card,0,Inactive,186489.14,1,Churned
683,Germany,Male,73,9,124730.26,1,1,Has Credit Card,1,Active,51999.5,0,Retained
536,France,Female,41,9,0.0,1,1,Has Credit Card,0,Inactive,121299.14,0,Retained
663,Spain,Male,52,0,136298.65,1,1,Has Credit Card,0,Inactive,144593.3,1,Churned
646,France,Female,38,2,0.0,2,0,No Credit Card,0,Inactive,178752.73,0,Retained
707,France,Male,35,2,0.0,3,1,Has Credit Card,1,Active,94148.3,0,Retained
602,France,Male,34,5,0.0,2,1,Has Credit Card,1,Active,77414.45,0,Retained
635,France,Female,47,2,125724.95,2,1,Has Credit Card,0,Inactive,63236.97,0,Retained
597,France,Male,67,2,0.0,2,0,No Credit Card,1,Active,108645.85,0,Retained
503,France,Male,38,1,0.0,2,1,Has Credit Card,1,Active,95153.24,0,Retained
524,Spain,Female,64,5,0.0,1,1,Has Credit Card,0,Inactive,136079.64,1,Churned
700,France,Male,46,5,95872.86,1,1,Has Credit Card,0,Inactive,98273.01,1,Churned
692,France,Male,33,9,0.0,1,1,Has Credit Card,0,Inactive,113505.93,1,Churned
562,France,Male,37,2,0.0,1,0,No Credit Card,1,Active,52525.15,1,Churned
679,France,Male,37,7,74260.03,1,1,Has Credit Card,0,Inactive,194617.98,0,Retained
603,Germany,Male,35,1,123407.69,1,1,Has Credit Card,0,Inactive,152541.89,1,Churned
720,Spain,Male,33,3,123783.91,2,1,Has Credit Card,1,Active,142903.44,0,Retained
797,France,Male,24,5,0.0,2,1,Has Credit Card,0,Inactive,182257.61,0,Retained
594,France,Male,36,6,153880.15,1,0,No Credit Card,0,Inactive,135431.72,0,Retained
529,France,Female,31,7,0.0,2,1,Has Credit Card,1,Active,175697.87,0,Retained
606,Germany,Female,32,1,106301.85,2,0,No Credit Card,1,Active,59061.25,0,Retained
621,Spain,Female,40,7,0.0,2,0,No Credit Card,1,Active,131283.6,1,Churned
513,France,Female,43,9,0.0,2,1,Has Credit Card,0,Inactive,152499.8,0,Retained
753,Germany,Male,44,3,138076.47,1,1,Has Credit Card,0,Inactive,15523.09,1,Churned
605,France,Female,30,9,135422.31,1,0,No Credit Card,1,Active,186418.85,0,Retained
574,Spain,Female,37,7,0.0,2,1,Has Credit Card,0,Inactive,32262.28,0,Retained
726,France,Female,38,5,126875.62,1,1,Has Credit Card,0,Inactive,128052.29,0,Retained
611,Spain,Female,28,3,96381.68,2,1,Has Credit Card,0,Inactive,181419.29,0,Retained
593,Germany,Female,41,4,119703.1,2,1,Has Credit Card,1,Active,109783.29,0,Retained
466,Germany,Male,41,2,152102.18,2,1,Has Credit Card,0,Inactive,181879.56,0,Retained
741,Germany,Female,36,0,127675.39,2,1,Has Credit Card,0,Inactive,74260.16,0,Retained
684,Germany,Female,44,2,133776.86,2,0,No Credit Card,1,Active,49865.04,0,Retained
550,Spain,Female,33,9,72788.03,1,1,Has Credit Card,1,Active,103608.06,0,Retained
593,Spain,Male,26,9,76226.9,1,1,Has Credit Card,0,Inactive,167564.82,0,Retained
601,Germany,Male,48,9,163630.76,1,0,No Credit Card,1,Active,41816.49,1,Churned
676,Spain,Female,30,5,0.0,2,0,No Credit Card,0,Inactive,179066.58,0,Retained
556,France,Female,46,10,0.0,2,0,No Credit Card,0,Inactive,109184.24,0,Retained
719,France,Male,36,3,155423.17,1,1,Has Credit Card,1,Active,199841.32,0,Retained
850,Germany,Male,55,0,98710.89,1,1,Has Credit Card,1,Active,83617.17,1,Churned
649,Spain,Female,49,2,0.0,1,1,Has Credit Card,0,Inactive,84863.85,1,Churned
509,Spain,Male,41,7,126683.8,1,0,No Credit Card,1,Active,114775.53,0,Retained
684,France,Male,33,4,140700.61,1,1,Has Credit Card,0,Inactive,103557.93,0,Retained
806,Germany,Male,30,8,168078.83,1,1,Has Credit Card,0,Inactive,85028.36,1,Churned
729,Spain,Male,44,4,107726.93,2,1,Has Credit Card,0,Inactive,153064.87,0,Retained
683,France,Female,33,9,0.0,2,1,Has Credit Card,1,Active,38784.42,0,Retained
689,Spain,Female,63,1,0.0,2,1,Has Credit Card,1,Active,186526.12,0,Retained
672,Germany,Female,21,1,35741.69,1,1,Has Credit Card,0,Inactive,28789.94,0,Retained
602,Germany,Female,53,5,98268.84,1,0,No Credit Card,1,Active,45038.29,1,Churned
739,France,Female,20,4,133800.98,1,0,No Credit Card,1,Active,150245.81,0,Retained
618,France,Female,21,2,125682.79,1,0,No Credit Card,0,Inactive,57762.0,0,Retained
674,France,Female,42,9,0.0,2,1,Has Credit Card,0,Inactive,4292.72,0,Retained
762,France,Male,26,6,130428.78,1,1,Has Credit Card,0,Inactive,173365.89,0,Retained
790,Spain,Male,37,6,0.0,2,1,Has Credit Card,1,Active,119484.01,0,Retained
754,Spain,Female,27,8,0.0,2,0,No Credit Card,0,Inactive,121821.16,0,Retained
729,France,Male,44,6,0.0,2,1,Has Credit Card,0,Inactive,151733.43,0,Retained
606,Germany,Female,47,0,137138.2,2,0,No Credit Card,1,Active,53784.22,0,Retained
616,France,Male,23,8,73112.95,1,1,Has Credit Card,1,Active,62733.05,0,Retained
772,France,Male,47,9,152347.01,1,0,No Credit Card,1,Active,17671.78,0,Retained
652,Spain,Male,41,8,115144.68,1,1,Has Credit Card,0,Inactive,188905.43,0,Retained
743,France,Male,43,5,0.0,2,0,No Credit Card,0,Inactive,113079.19,1,Churned
793,France,Male,39,3,137817.52,1,0,No Credit Card,0,Inactive,83997.79,0,Retained
743,Spain,Male,45,7,157332.26,1,1,Has Credit Card,0,Inactive,125424.42,0,Retained
746,France,Male,37,2,0.0,2,1,Has Credit Card,0,Inactive,143194.05,0,Retained
627,Germany,Female,39,5,124586.93,1,1,Has Credit Card,0,Inactive,93132.61,1,Churned
713,Spain,Male,38,6,116980.78,2,0,No Credit Card,1,Active,76038.38,0,Retained
678,Spain,Female,40,3,128398.38,1,1,Has Credit Card,0,Inactive,168658.3,0,Retained
540,Spain,Male,39,1,0.0,1,0,No Credit Card,1,Active,108419.41,0,Retained
615,Germany,Female,33,3,137657.25,2,1,Has Credit Card,1,Active,171657.57,0,Retained
415,Spain,Male,53,5,167259.44,1,1,Has Credit Card,1,Active,22357.25,0,Retained
628,France,Female,45,8,0.0,2,1,Has Credit Card,0,Inactive,193903.06,0,Retained
700,France,Male,26,4,119009.57,1,1,Has Credit Card,0,Inactive,141926.43,0,Retained
623,Germany,Male,33,2,80002.33,1,1,Has Credit Card,1,Active,104079.62,0,Retained
623,France,Female,37,4,140211.88,1,1,Has Credit Card,1,Active,93832.33,0,Retained
679,France,Female,44,3,118742.74,2,1,Has Credit Card,0,Inactive,1568.91,0,Retained
632,Spain,Male,37,1,138207.08,1,1,Has Credit Card,0,Inactive,60778.11,1,Churned
790,France,Female,47,10,148636.21,1,0,No Credit Card,1,Active,16119.96,1,Churned
514,France,Male,45,1,178827.79,1,1,Has Credit Card,0,Inactive,60375.18,0,Retained
491,France,Male,33,5,83134.3,1,1,Has Credit Card,0,Inactive,187946.55,0,Retained
753,France,Male,92,3,121513.31,1,0,No Credit Card,1,Active,195563.99,0,Retained
693,Germany,Female,37,6,95900.04,1,1,Has Credit Card,1,Active,38196.24,0,Retained
679,France,Female,30,1,112543.42,1,1,Has Credit Card,1,Active,179435.21,0,Retained
529,Spain,Male,34,9,0.0,1,1,Has Credit Card,1,Active,93208.22,0,Retained
619,Spain,Female,31,3,141751.82,1,0,No Credit Card,1,Active,61531.86,0,Retained
680,Spain,Female,37,6,124140.57,2,1,Has Credit Card,0,Inactive,92826.35,0,Retained
693,Germany,Male,45,2,116546.59,2,0,No Credit Card,0,Inactive,23140.28,1,Churned
834,France,Female,28,6,0.0,1,1,Has Credit Card,0,Inactive,74287.53,0,Retained
636,Spain,Female,29,6,157576.47,2,1,Has Credit Card,1,Active,101102.39,0,Retained
538,Spain,Male,43,5,0.0,2,1,Has Credit Card,0,Inactive,126933.73,0,Retained
566,Germany,Female,44,5,141428.99,2,0,No Credit Card,0,Inactive,68408.74,0,Retained
597,Spain,Male,35,0,127510.99,1,1,Has Credit Card,1,Active,155356.34,0,Retained
711,France,Female,29,9,0.0,2,0,No Credit Card,1,Active,3234.8,0,Retained
606,France,Male,31,10,0.0,2,1,Has Credit Card,0,Inactive,195209.4,0,Retained
615,Spain,Male,51,6,81818.49,1,1,Has Credit Card,1,Active,169149.38,0,Retained
589,France,Male,36,1,100895.54,1,1,Has Credit Card,1,Active,68075.14,0,Retained
606,Germany,Male,45,5,63832.43,1,1,Has Credit Card,1,Active,93707.8,0,Retained
582,France,Male,29,4,0.0,2,0,No Credit Card,0,Inactive,156153.27,0,Retained
710,France,Female,36,4,116085.06,1,1,Has Credit Card,0,Inactive,58601.61,0,Retained
467,France,Male,57,1,0.0,2,1,Has Credit Card,1,Active,114448.77,0,Retained
749,France,Male,30,1,0.0,2,0,No Credit Card,1,Active,126551.65,0,Retained
564,Germany,Female,33,2,115761.51,1,0,No Credit Card,1,Active,112350.21,1,Churned
730,Spain,Male,26,6,0.0,2,1,Has Credit Card,1,Active,185808.7,0,Retained
678,Germany,Male,32,4,139626.01,1,1,Has Credit Card,1,Active,118235.52,1,Churned
540,France,Female,31,7,0.0,1,0,No Credit Card,1,Active,183051.6,1,Churned
767,France,Female,35,6,115576.44,1,0,No Credit Card,1,Active,27922.45,0,Retained
615,France,Female,23,4,0.0,2,1,Has Credit Card,0,Inactive,196476.19,0,Retained
583,Germany,Female,41,5,77647.6,1,1,Has Credit Card,0,Inactive,190429.52,0,Retained
850,France,Female,40,5,0.0,2,1,Has Credit Card,0,Inactive,35034.15,0,Retained
651,Germany,Female,34,10,148962.46,1,1,Has Credit Card,0,Inactive,66389.43,1,Churned
798,France,Male,22,8,0.0,2,1,Has Credit Card,0,Inactive,107615.43,0,Retained
695,France,Male,37,2,0.0,2,1,Has Credit Card,1,Active,99692.65,0,Retained
497,Germany,Male,41,5,80542.81,1,0,No Credit Card,0,Inactive,88729.22,1,Churned
739,France,Male,40,4,0.0,2,0,No Credit Card,0,Inactive,173321.65,0,Retained
549,France,Female,34,4,0.0,2,0,No Credit Card,0,Inactive,139463.57,0,Retained
850,France,Male,35,9,102050.47,1,1,Has Credit Card,1,Active,3769.71,0,Retained
648,Spain,Male,49,5,0.0,1,1,Has Credit Card,0,Inactive,149946.43,1,Churned
679,France,Female,24,6,114948.76,2,0,No Credit Card,1,Active,135768.25,0,Retained
606,Germany,Male,39,8,136000.45,2,1,Has Credit Card,0,Inactive,31708.53,0,Retained
850,France,Male,32,4,156001.68,2,1,Has Credit Card,1,Active,151677.31,0,Retained
619,Germany,Male,41,3,147974.16,2,1,Has Credit Card,0,Inactive,170518.83,0,Retained
719,Spain,Male,44,2,0.0,2,1,Has Credit Card,0,Inactive,196582.19,0,Retained
640,Germany,Male,26,5,90402.77,1,1,Has Credit Card,1,Active,3298.65,0,Retained
710,France,Male,40,5,0.0,2,0,No Credit Card,0,Inactive,162878.96,0,Retained
580,France,Male,31,2,0.0,2,0,No Credit Card,1,Active,64014.24,0,Retained
550,France,Male,44,9,0.0,2,1,Has Credit Card,0,Inactive,26257.01,0,Retained
841,France,Female,31,3,162701.65,2,1,Has Credit Card,1,Active,126794.56,0,Retained
760,France,Male,34,2,0.0,2,1,Has Credit Card,0,Inactive,164162.44,0,Retained
687,France,Female,30,6,0.0,2,0,No Credit Card,0,Inactive,179206.92,0,Retained
753,Germany,Female,35,5,82453.96,2,0,No Credit Card,0,Inactive,18254.75,0,Retained
661,France,Male,35,9,100107.99,1,1,Has Credit Card,0,Inactive,83949.68,0,Retained
699,France,Male,28,7,0.0,2,1,Has Credit Card,1,Active,22684.78,0,Retained
617,Germany,Female,39,5,83348.89,3,1,Has Credit Card,0,Inactive,7953.62,1,Churned
595,Germany,Female,44,4,96553.52,2,1,Has Credit Card,0,Inactive,143952.24,1,Churned
669,France,Male,50,9,201009.64,1,1,Has Credit Card,0,Inactive,158032.5,1,Churned
613,France,Female,27,5,125167.74,1,1,Has Credit Card,0,Inactive,199104.52,0,Retained
782,France,Male,32,9,0.0,1,1,Has Credit Card,1,Active,87566.97,0,Retained
582,France,Female,43,5,153313.67,1,0,No Credit Card,0,Inactive,170563.73,0,Retained
679,France,Male,30,9,0.0,2,1,Has Credit Card,0,Inactive,157871.55,0,Retained
611,France,Female,40,2,125879.29,1,1,Has Credit Card,0,Inactive,93203.43,0,Retained
455,Germany,Female,37,6,170057.62,1,0,No Credit Card,1,Active,54398.56,0,Retained
621,France,Male,32,1,0.0,2,1,Has Credit Card,1,Active,168779.47,0,Retained
596,Germany,Male,48,2,131326.47,1,0,No Credit Card,0,Inactive,1140.02,1,Churned
585,Spain,Female,56,1,128472.8,1,1,Has Credit Card,0,Inactive,186476.91,1,Churned
742,France,Male,32,6,160485.16,1,1,Has Credit Card,0,Inactive,29023.03,0,Retained
850,Germany,Male,42,6,84445.68,3,0,No Credit Card,1,Active,60021.34,1,Churned
738,Germany,Female,40,1,115409.18,2,0,No Credit Card,0,Inactive,180456.8,0,Retained
619,Spain,Male,46,8,62400.48,1,1,Has Credit Card,1,Active,132498.39,1,Churned
628,France,Female,50,4,143054.56,1,0,No Credit Card,1,Active,109608.81,1,Churned
487,France,Male,24,7,133628.09,2,1,Has Credit Card,1,Active,98570.01,0,Retained
513,Spain,Female,41,9,107135.04,2,1,Has Credit Card,1,Active,160546.58,0,Retained
563,Spain,Male,26,7,0.0,2,0,No Credit Card,0,Inactive,6139.74,0,Retained
803,France,Female,65,2,151659.52,2,0,No Credit Card,1,Active,6930.17,0,Retained
607,Spain,Female,32,7,0.0,3,0,No Credit Card,1,Active,10674.62,0,Retained
628,Germany,Female,51,9,155903.82,2,1,Has Credit Card,1,Active,71159.84,0,Retained
521,Spain,Female,49,4,82940.25,2,0,No Credit Card,0,Inactive,62413.01,1,Churned
669,Germany,Female,50,4,112650.89,1,0,No Credit Card,0,Inactive,166386.22,1,Churned
686,France,Female,41,10,0.0,1,1,Has Credit Card,0,Inactive,133086.45,0,Retained
700,Germany,Male,35,4,95853.39,2,1,Has Credit Card,0,Inactive,192933.37,0,Retained
663,France,Female,42,1,82228.67,2,1,Has Credit Card,0,Inactive,71359.78,0,Retained
671,Spain,Female,31,4,0.0,2,0,No Credit Card,1,Active,79270.02,0,Retained
651,Germany,Female,35,1,163700.78,3,1,Has Credit Card,1,Active,29583.48,1,Churned
728,France,Male,34,4,106328.08,1,1,Has Credit Card,0,Inactive,88680.65,0,Retained
574,France,Female,34,7,152992.91,1,1,Has Credit Card,1,Active,134691.2,0,Retained
464,France,Male,38,3,116439.65,1,1,Has Credit Card,0,Inactive,75574.48,0,Retained
604,Spain,Male,27,9,101352.78,1,0,No Credit Card,0,Inactive,30252.3,0,Retained
836,Spain,Female,37,10,0.0,2,1,Has Credit Card,0,Inactive,111324.41,0,Retained
511,Germany,Female,75,9,105609.17,1,0,No Credit Card,1,Active,105425.18,0,Retained
518,France,Female,45,8,0.0,2,1,Has Credit Card,1,Active,36193.07,0,Retained
756,France,Male,67,4,0.0,3,1,Has Credit Card,1,Active,93081.87,0,Retained
489,France,Female,47,8,103894.38,2,1,Has Credit Card,1,Active,107625.46,0,Retained
622,Spain,Male,27,9,139834.93,1,1,Has Credit Card,1,Active,152733.89,0,Retained
652,France,Female,36,6,112518.71,2,0,No Credit Card,1,Active,110421.31,0,Retained
625,France,Female,37,7,115895.42,1,1,Has Credit Card,0,Inactive,48486.25,0,Retained
521,Spain,Female,39,3,146408.68,1,0,No Credit Card,0,Inactive,72993.67,0,Retained
546,France,Male,34,4,165363.31,2,1,Has Credit Card,1,Active,25744.13,1,Churned
697,France,Female,45,1,0.0,2,1,Has Credit Card,0,Inactive,46807.62,1,Churned
571,Germany,Male,33,3,71843.15,1,1,Has Credit Card,0,Inactive,26772.04,0,Retained
748,Spain,Male,35,5,105492.53,1,1,Has Credit Card,1,Active,150057.2,0,Retained
591,France,Male,35,7,183027.25,1,1,Has Credit Card,1,Active,56028.79,0,Retained
814,Germany,Male,29,1,131968.57,2,1,Has Credit Card,1,Active,147693.92,0,Retained
709,France,Female,45,3,104118.5,1,0,No Credit Card,1,Active,174032.0,0,Retained
433,Spain,Male,27,2,0.0,2,1,Has Credit Card,1,Active,153698.65,0,Retained
781,France,Male,20,0,125023.1,2,1,Has Credit Card,1,Active,108301.45,0,Retained
656,France,Female,30,4,74323.2,1,1,Has Credit Card,1,Active,22929.08,0,Retained
683,France,Male,38,7,109346.13,2,1,Has Credit Card,0,Inactive,102665.92,0,Retained
620,France,Male,32,6,0.0,2,1,Has Credit Card,0,Inactive,56139.09,0,Retained
637,Germany,Female,39,3,109698.41,1,1,Has Credit Card,1,Active,88391.29,1,Churned
525,Spain,Female,30,5,0.0,2,0,No Credit Card,1,Active,149195.44,0,Retained
793,Germany,Female,34,5,127758.09,1,1,Has Credit Card,0,Inactive,143357.03,0,Retained
638,Germany,Male,50,1,102645.48,1,1,Has Credit Card,0,Inactive,168359.98,1,Churned
520,France,Male,31,4,93249.4,1,1,Has Credit Card,0,Inactive,77335.75,0,Retained
641,France,Male,35,5,0.0,2,1,Has Credit Card,0,Inactive,93148.93,0,Retained
840,Germany,Female,51,1,87779.83,1,0,No Credit Card,1,Active,36687.11,1,Churned
504,Spain,Male,40,5,0.0,2,0,No Credit Card,0,Inactive,146703.36,0,Retained
686,France,Male,38,0,138131.34,1,0,No Credit Card,1,Active,115927.85,0,Retained
533,Germany,Male,38,4,70362.52,2,1,Has Credit Card,1,Active,104189.46,0,Retained
577,France,Female,32,1,0.0,2,1,Has Credit Card,0,Inactive,9902.39,0,Retained
445,Germany,Female,48,7,168286.58,1,1,Has Credit Card,0,Inactive,16645.77,1,Churned
720,France,Male,44,3,86102.27,1,1,Has Credit Card,0,Inactive,180134.88,1,Churned
643,Germany,Male,25,4,115142.9,1,1,Has Credit Card,1,Active,148098.95,0,Retained
652,Germany,Female,47,0,126597.89,2,1,Has Credit Card,1,Active,38798.79,1,Churned
663,France,Female,33,2,0.0,2,1,Has Credit Card,0,Inactive,153295.0,0,Retained
525,Germany,Female,30,0,157989.21,2,1,Has Credit Card,1,Active,100687.67,0,Retained
662,Spain,Female,54,1,187997.15,1,0,No Credit Card,0,Inactive,111442.71,1,Churned
724,Germany,Male,54,8,172192.49,1,1,Has Credit Card,1,Active,136902.01,0,Retained
581,Germany,Male,38,1,133105.47,1,1,Has Credit Card,0,Inactive,105732.9,1,Churned
685,Spain,Male,38,4,0.0,2,1,Has Credit Card,1,Active,35884.91,0,Retained
595,France,Male,46,10,0.0,1,1,Has Credit Card,0,Inactive,73489.15,1,Churned
588,France,Female,21,8,0.0,2,1,Has Credit Card,1,Active,110114.19,0,Retained
647,Germany,Male,35,3,192407.97,1,1,Has Credit Card,1,Active,40145.28,0,Retained
785,Germany,Female,38,9,107199.75,1,0,No Credit Card,0,Inactive,146398.51,0,Retained
794,Germany,Female,55,6,115796.7,1,1,Has Credit Card,0,Inactive,160526.36,1,Churned
823,France,Male,37,5,164858.18,1,1,Has Credit Card,1,Active,173516.71,0,Retained
687,Germany,Male,38,4,117633.28,1,0,No Credit Card,1,Active,88396.6,0,Retained
850,France,Female,28,9,0.0,2,1,Has Credit Card,0,Inactive,185821.41,0,Retained
496,France,Female,36,7,0.0,2,0,No Credit Card,0,Inactive,108098.28,0,Retained
527,Germany,Female,30,6,126663.51,1,1,Has Credit Card,1,Active,162267.91,0,Retained
576,Germany,Female,71,6,140273.47,1,1,Has Credit Card,1,Active,193135.25,1,Churned
525,Spain,Female,60,7,0.0,2,0,No Credit Card,1,Active,168034.9,0,Retained
727,Germany,Male,21,8,153344.72,1,1,Has Credit Card,1,Active,163295.87,0,Retained
671,Germany,Female,23,9,123943.18,1,1,Has Credit Card,1,Active,159553.27,0,Retained
625,France,Male,39,5,0.0,1,1,Has Credit Card,0,Inactive,99800.87,0,Retained
643,Germany,Male,33,7,98630.31,2,1,Has Credit Card,1,Active,40250.82,0,Retained
707,France,Female,33,2,58036.33,1,1,Has Credit Card,1,Active,83335.78,0,Retained
539,Spain,Male,28,5,0.0,2,1,Has Credit Card,0,Inactive,48382.4,0,Retained
498,Germany,Male,45,7,109200.74,2,0,No Credit Card,1,Active,165990.44,0,Retained
696,Spain,Female,30,0,0.0,2,1,Has Credit Card,1,Active,9002.8,0,Retained
758,France,Female,33,7,0.0,1,1,Has Credit Card,0,Inactive,188156.34,0,Retained
685,France,Female,33,6,0.0,2,0,No Credit Card,1,Active,186785.01,0,Retained
655,Germany,Female,30,1,83173.98,2,1,Has Credit Card,1,Active,184259.6,0,Retained
747,France,Female,40,3,0.0,1,0,No Credit Card,0,Inactive,57817.84,1,Churned
601,Spain,Male,24,7,0.0,2,0,No Credit Card,0,Inactive,144660.42,0,Retained
477,France,Male,22,5,82559.42,2,0,No Credit Card,0,Inactive,163112.9,1,Churned
558,France,Male,32,5,73494.21,1,0,No Credit Card,0,Inactive,136301.1,0,Retained
586,Spain,Male,29,2,132450.24,1,1,Has Credit Card,1,Active,36176.63,0,Retained
850,France,Male,49,6,128663.9,1,1,Has Credit Card,0,Inactive,65769.3,1,Churned
505,France,Female,36,2,79951.9,1,0,No Credit Card,1,Active,174123.16,1,Churned
591,Germany,Female,51,8,132508.3,1,1,Has Credit Card,1,Active,161304.68,1,Churned
761,Germany,Female,38,1,120530.13,2,1,Has Credit Card,0,Inactive,109394.62,0,Retained
554,France,Female,35,10,74988.59,2,0,No Credit Card,1,Active,190155.13,0,Retained
774,France,Female,47,6,94722.88,1,0,No Credit Card,1,Active,61450.96,0,Retained
771,Spain,Female,33,5,0.0,2,1,Has Credit Card,0,Inactive,8673.43,0,Retained
792,France,Male,31,6,71269.89,2,0,No Credit Card,1,Active,125912.77,0,Retained
673,Germany,Female,41,9,98612.1,1,1,Has Credit Card,0,Inactive,151349.35,0,Retained
765,France,Male,40,6,138033.55,1,1,Has Credit Card,1,Active,67972.45,0,Retained
748,France,Female,41,2,91621.69,1,1,Has Credit Card,1,Active,71139.31,0,Retained
422,France,Male,54,3,140014.42,1,0,No Credit Card,1,Active,86350.97,0,Retained
568,Spain,Male,27,5,126815.97,2,0,No Credit Card,1,Active,118648.12,0,Retained
502,France,Female,64,3,139663.37,1,0,No Credit Card,1,Active,100995.11,0,Retained
524,France,Female,28,7,0.0,2,0,No Credit Card,1,Active,147100.72,0,Retained
689,France,Male,34,1,165312.27,1,1,Has Credit Card,0,Inactive,155495.63,0,Retained
661,France,Male,26,8,0.0,2,0,No Credit Card,0,Inactive,196875.87,0,Retained
606,Spain,Male,33,8,0.0,2,1,Has Credit Card,1,Active,63176.77,0,Retained
678,Germany,Female,54,1,123699.28,2,0,No Credit Card,1,Active,105221.76,0,Retained
636,Germany,Female,29,3,97325.15,1,0,No Credit Card,1,Active,131924.38,0,Retained
647,France,Male,32,5,97041.16,1,1,Has Credit Card,1,Active,23132.73,0,Retained
732,France,Male,36,5,0.0,2,1,Has Credit Card,0,Inactive,161428.25,0,Retained
646,France,Male,50,0,104129.24,2,1,Has Credit Card,0,Inactive,181794.86,1,Churned
559,France,Female,43,1,0.0,1,0,No Credit Card,1,Active,86634.3,0,Retained
581,France,Male,28,3,104367.5,1,1,Has Credit Card,1,Active,29937.75,0,Retained
565,France,Male,46,7,135369.71,1,0,No Credit Card,1,Active,140130.22,0,Retained
657,Spain,Female,41,6,112119.48,1,1,Has Credit Card,0,Inactive,17536.82,0,Retained
847,France,Male,66,7,123760.68,1,0,No Credit Card,1,Active,53157.16,0,Retained
558,France,Female,41,6,0.0,1,1,Has Credit Card,1,Active,143585.29,1,Churned
596,Spain,Male,57,6,0.0,2,1,Has Credit Card,1,Active,72402.0,0,Retained
579,France,Male,39,5,0.0,2,0,No Credit Card,1,Active,39891.84,0,Retained
741,France,Female,36,3,0.0,2,1,Has Credit Card,1,Active,89804.83,0,Retained
613,France,Male,44,3,0.0,2,0,No Credit Card,1,Active,136491.72,0,Retained
694,Spain,Male,31,5,0.0,1,1,Has Credit Card,0,Inactive,35593.18,0,Retained
729,Spain,Female,42,7,0.0,2,1,Has Credit Card,0,Inactive,58268.2,1,Churned
480,France,Female,42,1,152160.21,2,1,Has Credit Card,0,Inactive,101778.9,0,Retained
666,France,Female,59,5,0.0,2,1,Has Credit Card,1,Active,185123.09,0,Retained
575,France,Male,24,2,0.0,2,1,Has Credit Card,1,Active,119927.81,0,Retained
850,France,Male,36,3,0.0,2,1,Has Credit Card,0,Inactive,195033.07,0,Retained
740,France,Male,36,4,172381.8,1,1,Has Credit Card,1,Active,86480.29,0,Retained
588,Germany,Male,41,6,106116.56,2,1,Has Credit Card,0,Inactive,198766.61,0,Retained
681,France,Male,36,5,141952.07,1,1,Has Credit Card,1,Active,185144.08,0,Retained
611,Spain,Female,33,7,0.0,2,1,Has Credit Card,1,Active,3729.89,0,Retained
589,France,Female,37,6,138497.84,1,0,No Credit Card,1,Active,18988.58,0,Retained
717,Spain,Female,34,1,0.0,2,1,Has Credit Card,0,Inactive,119313.74,0,Retained
556,Germany,Male,33,3,124213.36,2,1,Has Credit Card,0,Inactive,62627.55,0,Retained
850,France,Male,37,4,126872.6,1,1,Has Credit Card,0,Inactive,197266.58,0,Retained
685,Spain,Female,42,2,0.0,2,0,No Credit Card,0,Inactive,199992.48,0,Retained
713,France,Female,37,8,0.0,1,1,Has Credit Card,1,Active,16403.41,0,Retained
437,France,Female,26,1,120923.52,1,0,No Credit Card,1,Active,78854.57,0,Retained
605,Spain,Male,47,7,142643.54,1,1,Has Credit Card,0,Inactive,189310.27,0,Retained
758,Germany,Male,41,10,79857.64,1,1,Has Credit Card,1,Active,78088.17,0,Retained
600,France,Male,46,10,95502.21,1,0,No Credit Card,0,Inactive,19842.18,0,Retained
827,France,Male,38,5,0.0,2,0,No Credit Card,0,Inactive,103305.01,0,Retained
608,Germany,Male,23,8,197715.93,2,1,Has Credit Card,1,Active,116124.28,0,Retained
608,France,Female,30,8,85859.76,1,0,No Credit Card,0,Inactive,142730.27,0,Retained
554,France,Male,44,7,85304.27,1,1,Has Credit Card,1,Active,58076.52,0,Retained
683,Germany,Female,35,1,132371.3,2,0,No Credit Card,0,Inactive,186123.57,0,Retained
660,Spain,Male,33,4,0.0,1,1,Has Credit Card,0,Inactive,29664.45,0,Retained
628,France,Female,31,5,0.0,1,0,No Credit Card,0,Inactive,147963.07,1,Churned
668,Germany,Male,39,4,79896.0,1,1,Has Credit Card,0,Inactive,38466.39,0,Retained
776,France,Female,29,5,0.0,2,1,Has Credit Card,1,Active,143301.49,0,Retained
820,France,Male,36,4,0.0,2,1,Has Credit Card,0,Inactive,31422.69,0,Retained
665,France,Male,36,1,0.0,2,0,No Credit Card,1,Active,121505.61,0,Retained
850,Germany,Male,31,4,146587.3,1,1,Has Credit Card,1,Active,89874.82,0,Retained
703,France,Female,42,7,0.0,2,0,No Credit Card,1,Active,72500.68,0,Retained
506,Spain,Male,32,8,0.0,2,0,No Credit Card,1,Active,182692.8,0,Retained
588,Spain,Male,32,3,109109.33,1,0,No Credit Card,1,Active,4993.94,0,Retained
622,Spain,Female,26,8,0.0,2,1,Has Credit Card,1,Active,124964.82,0,Retained
606,France,Male,34,5,0.0,1,1,Has Credit Card,0,Inactive,161971.42,0,Retained
517,France,Male,56,9,142147.32,1,0,No Credit Card,0,Inactive,39488.04,1,Churned
758,Spain,Female,43,10,0.0,2,1,Has Credit Card,1,Active,55313.44,0,Retained
677,France,Female,49,3,0.0,2,1,Has Credit Card,1,Active,187811.71,0,Retained
827,Spain,Female,35,0,0.0,2,0,No Credit Card,1,Active,184514.01,0,Retained
729,France,Female,36,8,109106.8,1,0,No Credit Card,0,Inactive,121311.12,0,Retained
654,France,Male,36,2,112262.84,1,1,Has Credit Card,0,Inactive,12873.39,0,Retained
654,Spain,Female,36,5,0.0,2,0,No Credit Card,0,Inactive,157238.05,0,Retained
619,Spain,Male,52,8,0.0,2,1,Has Credit Card,1,Active,123242.11,0,Retained
642,Spain,Male,26,8,144238.7,1,1,Has Credit Card,1,Active,184399.76,0,Retained
472,Spain,Female,32,1,159397.75,1,0,No Credit Card,1,Active,57323.18,0,Retained
470,Spain,Male,30,4,125385.01,1,1,Has Credit Card,0,Inactive,68293.93,0,Retained
633,France,Female,60,8,69365.25,1,1,Has Credit Card,1,Active,10288.24,0,Retained
602,France,Male,31,7,155271.83,1,1,Has Credit Card,1,Active,179446.31,0,Retained
640,Spain,Male,29,5,197200.04,2,1,Has Credit Card,0,Inactive,141453.62,0,Retained
454,Spain,Female,48,5,144837.79,1,1,Has Credit Card,1,Active,93151.77,0,Retained
562,France,Female,57,3,0.0,3,1,Has Credit Card,0,Inactive,6554.97,1,Churned
636,France,Male,34,8,0.0,2,1,Has Credit Card,0,Inactive,38570.13,0,Retained
621,Spain,Male,50,3,163085.79,1,0,No Credit Card,1,Active,131048.36,0,Retained
795,Germany,Male,38,7,125903.22,2,1,Has Credit Card,1,Active,127068.92,0,Retained
550,France,Male,22,6,154377.3,1,1,Has Credit Card,1,Active,51721.52,0,Retained
630,Spain,Male,41,7,107511.52,1,0,No Credit Card,1,Active,46156.87,0,Retained
573,Germany,Male,30,8,127406.5,1,1,Has Credit Card,0,Inactive,192950.6,0,Retained
561,Spain,Male,24,8,143656.55,1,0,No Credit Card,1,Active,180932.46,0,Retained
662,France,Female,39,5,138106.75,1,0,No Credit Card,0,Inactive,19596.73,0,Retained
637,France,Male,27,9,128940.24,1,1,Has Credit Card,0,Inactive,46786.92,0,Retained
651,Germany,Male,37,9,114453.58,1,0,No Credit Card,1,Active,175820.91,0,Retained
646,France,Female,33,2,0.0,2,0,No Credit Card,0,Inactive,198208.0,0,Retained
567,France,Female,48,3,0.0,1,1,Has Credit Card,0,Inactive,55362.45,0,Retained
638,France,Male,41,1,131762.94,1,1,Has Credit Card,1,Active,47675.29,0,Retained
725,France,Female,31,6,0.0,1,0,No Credit Card,0,Inactive,61326.43,0,Retained
709,France,Female,41,3,150300.65,2,1,Has Credit Card,0,Inactive,71672.86,0,Retained
787,Spain,Male,39,10,108935.39,1,1,Has Credit Card,1,Active,101168.3,0,Retained
653,France,Male,37,7,135847.47,1,1,Has Credit Card,0,Inactive,144880.81,0,Retained
661,Germany,Male,37,7,109908.06,2,1,Has Credit Card,0,Inactive,115037.67,1,Churned
681,Germany,Male,49,8,142946.18,1,0,No Credit Card,0,Inactive,187280.51,1,Churned
436,Germany,Male,45,3,104339.11,2,1,Has Credit Card,1,Active,183540.22,1,Churned
663,France,Male,33,5,157274.36,2,1,Has Credit Card,1,Active,28531.81,0,Retained
662,France,Male,64,0,98848.19,1,0,No Credit Card,1,Active,42730.12,0,Retained
607,Germany,Female,39,8,105103.33,1,1,Has Credit Card,0,Inactive,104721.5,1,Churned
754,France,Male,34,7,0.0,2,1,Has Credit Card,1,Active,65219.85,0,Retained
850,Germany,Female,66,0,127120.62,1,0,No Credit Card,1,Active,118929.64,1,Churned
578,France,Male,39,2,0.0,2,1,Has Credit Card,0,Inactive,70563.9,0,Retained
666,Germany,Female,36,3,129118.5,2,0,No Credit Card,0,Inactive,139435.12,0,Retained
599,France,Female,43,4,0.0,1,1,Has Credit Card,0,Inactive,170347.1,0,Retained
586,France,Female,46,0,0.0,3,0,No Credit Card,1,Active,131553.82,1,Churned
825,France,Female,36,3,146053.66,1,1,Has Credit Card,1,Active,138344.7,0,Retained
808,Spain,Female,67,10,124577.15,1,0,No Credit Card,1,Active,169894.4,0,Retained
515,Spain,Male,29,4,151012.55,2,1,Has Credit Card,0,Inactive,9770.97,0,Retained
663,Spain,Female,58,5,216109.88,1,0,No Credit Card,1,Active,74176.71,1,Churned
444,France,Male,34,2,144318.97,1,1,Has Credit Card,0,Inactive,112668.06,0,Retained
650,France,Female,39,4,0.0,2,0,No Credit Card,0,Inactive,186275.7,0,Retained
609,France,Male,26,7,0.0,2,1,Has Credit Card,0,Inactive,98463.99,0,Retained
824,Germany,Male,77,3,27517.15,2,0,No Credit Card,1,Active,2746.41,0,Retained
662,France,Male,29,5,147092.65,1,1,Has Credit Card,0,Inactive,10928.3,0,Retained
699,Germany,Female,51,2,92246.14,2,0,No Credit Card,1,Active,91346.03,0,Retained
752,France,Female,41,8,0.0,2,1,Has Credit Card,0,Inactive,139844.04,1,Churned
603,Germany,Female,40,8,148897.02,1,0,No Credit Card,0,Inactive,105052.9,0,Retained
628,Spain,Male,50,8,0.0,1,0,No Credit Card,0,Inactive,144366.83,1,Churned
745,France,Female,36,9,0.0,1,1,Has Credit Card,0,Inactive,19605.18,1,Churned
804,Germany,Female,33,10,138335.96,1,1,Has Credit Card,1,Active,80483.76,0,Retained
454,Germany,Female,50,10,92895.56,1,1,Has Credit Card,0,Inactive,154344.0,1,Churned
631,Spain,Male,46,9,160736.63,1,0,No Credit Card,1,Active,93503.02,0,Retained
503,France,Male,32,4,0.0,2,1,Has Credit Card,1,Active,153036.97,0,Retained
548,France,Female,37,9,0.0,2,0,No Credit Card,0,Inactive,98029.58,0,Retained
668,France,Male,28,4,107141.27,1,1,Has Credit Card,0,Inactive,193018.71,0,Retained
619,France,Female,55,0,0.0,3,0,No Credit Card,0,Inactive,60810.64,1,Churned
842,France,Female,37,4,132446.08,2,1,Has Credit Card,0,Inactive,87071.18,1,Churned
707,France,Female,57,1,92053.0,1,1,Has Credit Card,1,Active,164064.44,1,Churned
715,Spain,Male,38,2,96798.79,2,1,Has Credit Card,1,Active,4554.67,0,Retained
573,Germany,Male,35,9,134498.54,2,1,Has Credit Card,1,Active,119924.8,0,Retained
509,France,Male,55,8,132387.91,2,1,Has Credit Card,1,Active,170360.11,0,Retained
670,Germany,Female,40,2,147171.2,1,0,No Credit Card,1,Active,69850.04,0,Retained
613,Spain,Male,44,9,100524.69,1,1,Has Credit Card,1,Active,47298.95,0,Retained
678,France,Female,26,1,0.0,2,1,Has Credit Card,0,Inactive,45443.68,0,Retained
555,Germany,Female,51,9,138214.5,1,1,Has Credit Card,0,Inactive,198715.27,1,Churned
777,France,Female,30,4,0.0,2,0,No Credit Card,1,Active,115611.97,0,Retained
552,Spain,Male,55,3,0.0,1,1,Has Credit Card,1,Active,40333.94,0,Retained
640,Spain,Male,39,3,0.0,1,1,Has Credit Card,1,Active,105997.25,0,Retained
541,France,Male,34,3,128743.55,1,1,Has Credit Card,0,Inactive,134851.12,0,Retained
756,France,Male,31,10,122647.32,1,0,No Credit Card,0,Inactive,61666.87,0,Retained
684,Spain,Female,24,9,79263.9,1,0,No Credit Card,1,Active,196574.48,0,Retained
618,France,Female,42,2,0.0,4,0,No Credit Card,0,Inactive,111097.39,1,Churned
604,France,Female,53,2,121389.78,1,1,Has Credit Card,1,Active,48201.64,1,Churned
624,Spain,Male,38,7,123906.55,1,1,Has Credit Card,0,Inactive,135096.78,0,Retained
661,Spain,Male,38,7,143006.7,1,1,Has Credit Card,1,Active,15650.89,0,Retained
627,Spain,Female,28,3,157597.61,1,0,No Credit Card,1,Active,34097.22,0,Retained
812,Spain,Male,38,3,127117.8,2,1,Has Credit Card,1,Active,174822.74,0,Retained
473,France,Female,39,9,117103.26,2,1,Has Credit Card,1,Active,85937.52,1,Churned
717,Spain,Male,36,2,102989.83,2,0,No Credit Card,1,Active,49185.57,0,Retained
693,Spain,Male,28,1,145118.83,1,0,No Credit Card,1,Active,77742.38,0,Retained
705,France,Male,92,1,126076.24,2,1,Has Credit Card,1,Active,34436.83,0,Retained
661,France,Male,41,5,0.0,1,0,No Credit Card,1,Active,88279.6,0,Retained
573,France,Female,27,4,0.0,2,1,Has Credit Card,1,Active,157549.6,0,Retained
639,France,Male,37,5,98186.7,1,0,No Credit Card,1,Active,173386.95,0,Retained
718,France,Female,67,7,0.0,3,1,Has Credit Card,1,Active,82782.08,0,Retained
570,France,Male,37,6,0.0,1,1,Has Credit Card,1,Active,187758.5,0,Retained
461,France,Female,40,7,0.0,2,1,Has Credit Card,0,Inactive,176547.8,0,Retained
638,Germany,Female,33,5,129335.65,1,1,Has Credit Card,1,Active,56585.2,1,Churned
608,Spain,Male,48,7,75801.74,1,1,Has Credit Card,0,Inactive,125762.95,0,Retained
599,Spain,Male,42,6,0.0,2,1,Has Credit Card,0,Inactive,113868.4,0,Retained
762,France,Female,44,7,159316.64,1,0,No Credit Card,0,Inactive,24780.13,0,Retained
662,France,Female,38,2,96479.81,1,1,Has Credit Card,0,Inactive,120259.41,0,Retained
747,Germany,Male,29,7,117726.33,1,1,Has Credit Card,1,Active,175398.34,0,Retained
539,France,Male,39,6,0.0,2,1,Has Credit Card,1,Active,86767.48,0,Retained
625,France,Male,43,4,122351.29,1,1,Has Credit Card,0,Inactive,71216.6,0,Retained
656,France,Female,48,9,0.0,2,1,Has Credit Card,1,Active,85240.61,1,Churned
469,France,Female,48,5,0.0,1,1,Has Credit Card,0,Inactive,160529.71,1,Churned
621,Spain,Female,43,8,0.0,1,0,No Credit Card,0,Inactive,102806.6,0,Retained
754,France,Female,27,7,0.0,2,1,Has Credit Card,0,Inactive,144134.64,0,Retained
679,Germany,Female,50,6,132598.38,2,1,Has Credit Card,1,Active,184017.98,0,Retained
535,France,Male,38,2,119272.29,1,0,No Credit Card,0,Inactive,195896.59,1,Churned
487,France,Male,37,2,0.0,2,1,Has Credit Card,1,Active,126722.57,0,Retained
850,France,Female,42,3,0.0,2,1,Has Credit Card,1,Active,176883.42,0,Retained
585,France,Male,55,10,106415.57,3,1,Has Credit Card,1,Active,122960.98,1,Churned
603,France,Male,31,4,0.0,2,0,No Credit Card,1,Active,9607.1,0,Retained
728,Germany,Female,32,9,127772.1,2,1,Has Credit Card,1,Active,152643.48,0,Retained
621,Spain,Male,41,5,104631.67,1,1,Has Credit Card,1,Active,95551.22,0,Retained
833,France,Male,30,1,0.0,2,1,Has Credit Card,0,Inactive,141860.62,0,Retained
502,France,Male,37,10,0.0,1,1,Has Credit Card,1,Active,76642.68,0,Retained
825,Germany,Male,37,6,118050.79,1,0,No Credit Card,1,Active,52301.15,0,Retained
668,France,Male,46,0,0.0,2,0,No Credit Card,0,Inactive,29388.02,0,Retained
487,Spain,Female,40,6,136093.74,1,0,No Credit Card,1,Active,193408.43,0,Retained
600,Germany,Female,39,7,88477.36,2,1,Has Credit Card,0,Inactive,58632.37,0,Retained
606,Spain,Male,34,3,161572.24,1,0,No Credit Card,1,Active,191076.22,0,Retained
623,Germany,Male,50,7,126608.37,1,0,No Credit Card,1,Active,645.61,1,Churned
575,France,Female,54,9,68332.96,1,1,Has Credit Card,1,Active,144390.75,0,Retained
577,Spain,Male,48,6,179852.26,1,1,Has Credit Card,0,Inactive,193580.32,0,Retained
651,France,Female,25,8,0.0,2,1,Has Credit Card,1,Active,126761.2,0,Retained
693,Germany,Male,46,2,104763.41,1,1,Has Credit Card,1,Active,62368.33,0,Retained
800,France,Male,60,6,88541.57,2,1,Has Credit Card,1,Active,131718.12,0,Retained
760,France,Male,38,6,162888.73,1,1,Has Credit Card,0,Inactive,91098.76,1,Churned
711,France,Female,35,8,0.0,1,1,Has Credit Card,1,Active,67508.01,0,Retained
637,Spain,Male,43,8,0.0,1,1,Has Credit Card,0,Inactive,12156.93,1,Churned
662,France,Male,32,9,0.0,2,0,No Credit Card,0,Inactive,65089.38,0,Retained
568,France,Female,44,7,0.0,2,0,No Credit Card,0,Inactive,62370.67,1,Churned
692,France,Female,30,7,0.0,2,1,Has Credit Card,1,Active,18826.34,0,Retained
614,France,Female,35,1,0.0,2,1,Has Credit Card,1,Active,3342.62,0,Retained
478,France,Male,35,1,92474.05,1,1,Has Credit Card,0,Inactive,178626.07,0,Retained
562,France,Male,36,6,0.0,2,1,Has Credit Card,0,Inactive,32845.32,0,Retained
709,Germany,Male,30,9,115479.48,2,1,Has Credit Card,1,Active,134732.99,0,Retained
684,France,Female,26,5,87098.91,1,0,No Credit Card,0,Inactive,106095.82,0,Retained
546,Germany,Female,42,9,86351.85,2,1,Has Credit Card,0,Inactive,57380.13,0,Retained
779,France,Female,42,5,0.0,2,0,No Credit Card,0,Inactive,25951.91,0,Retained
576,Germany,Male,63,3,148843.56,1,1,Has Credit Card,0,Inactive,69414.13,1,Churned
481,Germany,Male,44,3,163714.52,1,1,Has Credit Card,0,Inactive,96123.72,0,Retained
445,France,Male,25,6,0.0,2,1,Has Credit Card,0,Inactive,119425.94,0,Retained
606,Spain,Male,36,0,94153.56,1,0,No Credit Card,1,Active,120138.27,0,Retained
559,France,Male,50,5,162702.35,1,0,No Credit Card,0,Inactive,150548.5,1,Churned
608,France,Female,56,10,129255.2,2,1,Has Credit Card,0,Inactive,142492.04,1,Churned
698,France,Male,41,3,90605.29,1,1,Has Credit Card,1,Active,14357.0,0,Retained
568,Spain,Male,39,5,0.0,2,1,Has Credit Card,1,Active,129569.92,0,Retained
528,France,Male,29,3,102787.42,1,1,Has Credit Card,0,Inactive,55972.56,0,Retained
802,France,Female,39,7,120145.96,2,0,No Credit Card,1,Active,59497.01,1,Churned
669,Germany,Male,47,0,63723.78,2,1,Has Credit Card,1,Active,181928.25,0,Retained
581,Spain,Female,24,10,159203.71,1,1,Has Credit Card,1,Active,102517.83,1,Churned
640,France,Male,38,9,0.0,2,1,Has Credit Card,0,Inactive,88827.67,0,Retained
529,Spain,Female,44,1,0.0,2,0,No Credit Card,0,Inactive,14161.3,0,Retained
547,France,Female,51,1,0.0,2,1,Has Credit Card,1,Active,56908.41,0,Retained
718,France,Female,49,10,0.0,1,1,Has Credit Card,0,Inactive,184474.72,1,Churned
707,Germany,Male,34,9,162691.16,2,1,Has Credit Card,0,Inactive,94912.78,0,Retained
735,France,Male,43,9,127806.91,1,1,Has Credit Card,1,Active,73069.59,0,Retained
765,France,Male,43,9,157960.49,2,0,No Credit Card,0,Inactive,136602.8,0,Retained
469,Germany,Female,52,8,139493.25,3,0,No Credit Card,0,Inactive,150093.32,1,Churned
594,Germany,Female,21,2,87096.82,2,1,Has Credit Card,0,Inactive,168186.11,0,Retained
675,France,Female,34,10,84944.58,1,0,No Credit Card,0,Inactive,146230.63,0,Retained
703,France,Male,50,8,160139.59,2,1,Has Credit Card,1,Active,79314.1,0,Retained
810,France,Male,33,6,0.0,2,1,Has Credit Card,1,Active,77965.67,0,Retained
715,Spain,Male,42,6,0.0,2,1,Has Credit Card,1,Active,128745.69,0,Retained
664,France,Male,40,9,0.0,2,1,Has Credit Card,0,Inactive,194767.3,0,Retained
850,France,Male,29,6,0.0,2,1,Has Credit Card,1,Active,10672.54,0,Retained
724,Germany,Male,36,6,94615.11,2,1,Has Credit Card,1,Active,10627.21,0,Retained
563,France,Male,30,7,90727.79,1,1,Has Credit Card,0,Inactive,122268.75,0,Retained
714,Germany,Male,26,3,119545.48,2,1,Has Credit Card,0,Inactive,65482.94,0,Retained
614,France,Male,36,1,118311.76,1,1,Has Credit Card,0,Inactive,146134.68,0,Retained
740,France,Male,33,1,129574.98,1,1,Has Credit Card,1,Active,123300.38,0,Retained
587,France,Male,33,8,148163.57,1,0,No Credit Card,0,Inactive,122925.4,0,Retained
465,Germany,Male,24,5,117154.9,1,1,Has Credit Card,1,Active,127744.02,0,Retained
689,Spain,Female,40,5,154251.67,1,0,No Credit Card,1,Active,118319.5,0,Retained
656,France,Male,30,3,0.0,2,0,No Credit Card,1,Active,17104.0,0,Retained
579,France,Female,33,1,65667.79,2,0,No Credit Card,0,Inactive,164608.98,0,Retained
716,France,Female,44,1,0.0,1,1,Has Credit Card,1,Active,152108.47,0,Retained
551,France,Male,42,1,50194.59,1,1,Has Credit Card,1,Active,23399.58,0,Retained
527,Germany,Female,39,9,96748.89,2,1,Has Credit Card,0,Inactive,94711.43,0,Retained
600,France,Female,37,4,0.0,3,1,Has Credit Card,0,Inactive,7312.25,1,Churned
685,France,Female,43,1,132667.17,1,1,Has Credit Card,1,Active,41876.98,0,Retained
738,Spain,Male,36,5,0.0,2,1,Has Credit Card,1,Active,96881.32,0,Retained
622,France,Male,41,2,127087.06,1,1,Has Credit Card,0,Inactive,102402.91,1,Churned
528,France,Male,34,1,125566.9,1,1,Has Credit Card,1,Active,176763.27,0,Retained
546,Germany,Female,52,1,106074.89,1,1,Has Credit Card,1,Active,23548.45,1,Churned
576,Germany,Male,46,4,137367.94,1,1,Has Credit Card,1,Active,33450.11,0,Retained
733,France,Female,38,3,157658.36,1,0,No Credit Card,0,Inactive,19658.43,0,Retained
727,Germany,Male,45,6,114422.85,2,1,Has Credit Card,1,Active,104678.78,1,Churned
605,Spain,Male,41,5,103154.66,1,0,No Credit Card,0,Inactive,143203.78,0,Retained
586,France,Male,33,9,0.0,1,1,Has Credit Card,0,Inactive,6975.02,0,Retained
564,Spain,Female,24,6,149592.14,1,1,Has Credit Card,1,Active,153771.8,0,Retained
593,Germany,Female,48,3,133903.12,2,1,Has Credit Card,1,Active,85902.39,1,Churned
736,Germany,Female,26,0,84587.9,1,0,No Credit Card,1,Active,188037.76,0,Retained
675,Spain,Male,32,8,197436.82,1,1,Has Credit Card,1,Active,52710.7,0,Retained
656,Spain,Female,32,1,104254.27,1,1,Has Credit Card,1,Active,17034.37,0,Retained
462,France,Male,39,4,140133.08,2,0,No Credit Card,0,Inactive,131304.45,0,Retained
685,Spain,Female,30,2,0.0,3,1,Has Credit Card,1,Active,172576.43,1,Churned
850,Germany,Female,36,0,136980.23,2,1,Has Credit Card,1,Active,99019.65,0,Retained
636,Germany,Female,48,3,120568.41,1,1,Has Credit Card,0,Inactive,190160.04,1,Churned
850,France,Female,27,7,43658.33,2,1,Has Credit Card,1,Active,3025.49,0,Retained
628,France,Female,37,9,0.0,2,1,Has Credit Card,1,Active,34689.77,0,Retained
798,France,Male,28,3,0.0,2,1,Has Credit Card,0,Inactive,2305.27,0,Retained
610,France,Female,57,7,72092.95,4,0,No Credit Card,1,Active,113228.82,1,Churned
591,France,Female,42,10,0.0,2,0,No Credit Card,0,Inactive,171099.22,0,Retained
614,Spain,Female,37,9,0.0,2,1,Has Credit Card,1,Active,62023.1,0,Retained
651,France,Male,35,0,181821.96,2,0,No Credit Card,1,Active,36923.67,1,Churned
665,France,Male,25,7,90920.75,1,0,No Credit Card,1,Active,112256.57,0,Retained
570,France,Male,23,2,0.0,1,0,No Credit Card,0,Inactive,198830.98,0,Retained
631,Spain,Male,29,3,0.0,2,1,Has Credit Card,1,Active,197963.46,0,Retained
586,France,Male,32,1,0.0,2,0,No Credit Card,0,Inactive,31635.99,0,Retained
691,France,Male,30,9,0.0,1,1,Has Credit Card,0,Inactive,49594.02,0,Retained
639,France,Male,35,8,0.0,2,1,Has Credit Card,0,Inactive,170483.9,0,Retained
698,France,Female,27,1,94920.71,1,1,Has Credit Card,1,Active,40339.9,0,Retained
733,Germany,Male,45,2,113939.36,2,1,Has Credit Card,0,Inactive,3218.71,0,Retained
850,France,Male,19,8,0.0,1,1,Has Credit Card,1,Active,68569.89,0,Retained
618,France,Female,31,4,0.0,2,1,Has Credit Card,0,Inactive,29176.04,0,Retained
473,France,Female,25,6,110666.42,2,0,No Credit Card,0,Inactive,46758.42,0,Retained
490,France,Male,39,1,0.0,3,1,Has Credit Card,0,Inactive,171060.01,1,Churned
754,Germany,Female,48,7,141819.02,1,1,Has Credit Card,0,Inactive,93550.53,1,Churned
649,France,Female,56,8,156974.26,1,1,Has Credit Card,0,Inactive,89405.26,1,Churned
578,France,Male,50,5,151215.34,2,1,Has Credit Card,0,Inactive,169804.4,0,Retained
690,Spain,Male,26,8,116318.23,1,1,Has Credit Card,1,Active,83253.05,0,Retained
610,Germany,Male,49,6,113882.33,1,1,Has Credit Card,0,Inactive,195813.81,1,Churned
596,France,Male,42,7,0.0,2,1,Has Credit Card,1,Active,121568.37,0,Retained
492,France,Female,48,6,127253.98,1,1,Has Credit Card,1,Active,92144.09,1,Churned
575,Spain,Male,41,2,100062.39,1,0,No Credit Card,0,Inactive,126307.25,0,Retained
569,France,Male,66,2,0.0,1,1,Has Credit Card,0,Inactive,130784.2,1,Churned
674,Spain,Female,41,4,126605.14,1,1,Has Credit Card,1,Active,166694.93,0,Retained
507,France,Female,31,0,106942.08,1,0,No Credit Card,1,Active,44001.11,0,Retained
457,Spain,Male,44,7,0.0,2,0,No Credit Card,0,Inactive,185992.36,0,Retained
584,Germany,Female,41,3,88594.93,1,1,Has Credit Card,0,Inactive,178997.89,0,Retained
744,Germany,Male,29,6,123737.04,2,1,Has Credit Card,0,Inactive,141558.04,0,Retained
687,France,Female,35,1,110752.15,2,1,Has Credit Card,1,Active,47921.22,0,Retained
688,Spain,Female,46,3,0.0,2,0,No Credit Card,1,Active,104902.68,0,Retained
519,France,Male,34,5,0.0,1,1,Has Credit Card,0,Inactive,68479.6,0,Retained
733,Spain,Female,38,5,0.0,2,1,Has Credit Card,1,Active,1271.51,0,Retained
666,Spain,Male,43,5,0.0,2,1,Has Credit Card,0,Inactive,29346.1,0,Retained
511,Spain,Female,40,1,0.0,1,1,Has Credit Card,1,Active,184118.73,0,Retained
705,Germany,Female,54,3,125889.3,3,1,Has Credit Card,0,Inactive,96013.5,1,Churned
544,France,Male,48,10,78314.63,3,1,Has Credit Card,1,Active,103713.93,1,Churned
564,France,Female,36,7,206329.65,1,1,Has Credit Card,1,Active,46632.87,1,Churned
702,France,Male,40,7,145536.9,1,0,No Credit Card,1,Active,135334.24,0,Retained
658,Germany,Male,31,2,77082.65,2,0,No Credit Card,0,Inactive,13482.28,0,Retained
654,France,Female,24,8,145081.73,1,1,Has Credit Card,1,Active,130075.07,0,Retained
649,Germany,Female,41,4,115897.73,1,1,Has Credit Card,0,Inactive,143544.48,0,Retained
597,Spain,Male,24,0,108058.07,2,1,Has Credit Card,1,Active,187826.11,0,Retained
782,France,Male,33,7,191523.09,1,1,Has Credit Card,1,Active,167058.75,0,Retained
644,France,Male,38,3,0.0,2,1,Has Credit Card,1,Active,79928.41,0,Retained
679,Spain,Female,39,7,91187.9,1,0,No Credit Card,1,Active,6075.36,0,Retained
678,France,Female,60,2,0.0,2,1,Has Credit Card,1,Active,43821.56,0,Retained
806,France,Male,34,5,113958.55,1,0,No Credit Card,1,Active,32125.98,0,Retained
668,Spain,Male,43,1,147167.25,1,0,No Credit Card,0,Inactive,141679.73,0,Retained
659,Germany,Male,29,9,82916.48,1,1,Has Credit Card,1,Active,84133.48,0,Retained
660,France,Male,34,1,0.0,2,1,Has Credit Card,0,Inactive,9692.58,0,Retained
601,France,Female,37,5,0.0,1,0,No Credit Card,0,Inactive,20708.6,0,Retained
781,France,Female,48,0,57098.96,1,1,Has Credit Card,0,Inactive,85644.06,1,Churned
628,Germany,Male,39,1,115341.19,1,1,Has Credit Card,1,Active,107674.3,1,Churned
751,France,Male,30,3,165257.2,1,0,No Credit Card,0,Inactive,134822.05,0,Retained
531,France,Female,37,1,0.0,1,1,Has Credit Card,0,Inactive,4606.97,0,Retained
647,France,Female,42,9,0.0,2,1,Has Credit Card,1,Active,51362.82,0,Retained
708,Spain,Male,46,7,68799.72,1,1,Has Credit Card,1,Active,39704.14,0,Retained
550,Spain,Male,39,2,116120.19,2,1,Has Credit Card,1,Active,195638.13,0,Retained
670,France,Male,33,1,0.0,2,1,Has Credit Card,1,Active,86413.11,0,Retained
592,France,Female,31,2,84102.11,2,0,No Credit Card,1,Active,116385.24,0,Retained
589,France,Female,50,4,0.0,2,0,No Credit Card,1,Active,182076.97,0,Retained
725,France,Female,33,4,0.0,1,1,Has Credit Card,1,Active,67879.8,0,Retained
570,France,Female,43,9,0.0,2,0,No Credit Card,1,Active,11417.26,0,Retained
575,France,Male,46,1,0.0,2,1,Has Credit Card,1,Active,65998.26,0,Retained
501,Germany,Male,25,6,104013.79,1,1,Has Credit Card,0,Inactive,114774.35,0,Retained
431,Germany,Male,42,8,120822.86,2,1,Has Credit Card,0,Inactive,126153.24,0,Retained
719,Spain,Male,40,4,128389.12,1,1,Has Credit Card,1,Active,176091.31,0,Retained
850,Germany,Male,36,7,102800.72,1,1,Has Credit Card,1,Active,87352.43,0,Retained
554,Germany,Female,31,6,135470.9,1,1,Has Credit Card,0,Inactive,107074.81,0,Retained
418,France,Male,36,7,90145.04,1,1,Has Credit Card,1,Active,69157.93,0,Retained
715,Spain,Male,31,7,0.0,1,1,Has Credit Card,1,Active,149970.59,0,Retained
750,Spain,Female,33,3,161801.47,1,0,No Credit Card,1,Active,153288.97,1,Churned
766,Germany,Male,37,2,99660.13,2,0,No Credit Card,1,Active,147700.78,0,Retained
652,Spain,Female,38,6,123081.84,2,1,Has Credit Card,1,Active,188657.97,0,Retained
658,France,Male,42,8,102870.93,1,0,No Credit Card,1,Active,103764.55,1,Churned
659,France,Female,37,1,151105.68,1,1,Has Credit Card,1,Active,140934.57,0,Retained
574,Germany,Male,35,5,163856.76,1,1,Has Credit Card,1,Active,15118.2,0,Retained
611,France,Male,38,7,0.0,1,1,Has Credit Card,1,Active,63202.0,0,Retained
738,Spain,Male,35,8,127290.61,1,1,Has Credit Card,0,Inactive,16081.62,0,Retained
571,France,Male,49,4,180614.04,1,0,No Credit Card,0,Inactive,523.0,0,Retained
686,France,Female,44,7,55053.62,1,1,Has Credit Card,0,Inactive,181757.19,0,Retained
679,Spain,Male,33,4,96110.22,1,1,Has Credit Card,0,Inactive,1173.23,0,Retained
617,Spain,Female,46,3,106521.49,1,0,No Credit Card,1,Active,86587.37,0,Retained
673,France,Male,39,7,82255.51,2,1,Has Credit Card,0,Inactive,109545.56,0,Retained
745,France,Female,33,1,0.0,2,1,Has Credit Card,1,Active,174431.01,0,Retained
677,Germany,Female,26,3,102395.79,1,1,Has Credit Card,0,Inactive,119368.99,0,Retained
613,Spain,Male,39,8,118201.41,1,1,Has Credit Card,0,Inactive,23315.59,0,Retained
576,France,Female,55,6,44582.07,3,0,No Credit Card,1,Active,67539.85,1,Churned
584,Spain,Female,30,5,0.0,2,1,Has Credit Card,1,Active,185201.58,0,Retained
663,France,Male,22,6,0.0,2,0,No Credit Card,1,Active,131827.15,0,Retained
466,France,Male,26,9,105522.06,1,1,Has Credit Card,0,Inactive,10842.46,0,Retained
510,Germany,Female,50,7,123936.54,1,1,Has Credit Card,1,Active,23768.01,0,Retained
619,Spain,Female,38,6,0.0,2,1,Has Credit Card,1,Active,117616.29,0,Retained
696,Germany,Female,66,7,119499.42,2,1,Has Credit Card,1,Active,174027.3,0,Retained
554,France,Female,44,9,135814.7,2,0,No Credit Card,0,Inactive,115091.38,0,Retained
595,France,Male,52,9,0.0,1,1,Has Credit Card,1,Active,106340.66,1,Churned
659,Germany,Male,39,8,106259.63,2,1,Has Credit Card,1,Active,198103.32,0,Retained
662,France,Male,44,8,0.0,2,1,Has Credit Card,1,Active,175314.87,0,Retained
556,Spain,Male,38,2,115463.16,1,1,Has Credit Card,0,Inactive,150679.65,0,Retained
701,Spain,Female,39,9,0.0,2,1,Has Credit Card,1,Active,110043.88,0,Retained
587,Spain,Male,42,5,120233.83,1,1,Has Credit Card,0,Inactive,194890.33,0,Retained
571,France,Female,47,7,0.0,2,0,No Credit Card,0,Inactive,112366.98,0,Retained
539,France,Female,40,7,81132.21,1,1,Has Credit Card,0,Inactive,167289.82,0,Retained
644,Germany,Female,34,10,122196.99,2,1,Has Credit Card,1,Active,182099.71,0,Retained
572,Germany,Male,39,4,112290.22,1,1,Has Credit Card,0,Inactive,49373.97,1,Churned
753,France,Female,50,4,0.0,2,1,Has Credit Card,1,Active,861.4,0,Retained
706,France,Male,35,5,0.0,2,1,Has Credit Card,1,Active,81718.37,0,Retained
588,France,Male,44,8,154409.74,1,1,Has Credit Card,0,Inactive,49324.03,1,Churned
825,France,Male,32,9,0.0,2,0,No Credit Card,0,Inactive,9751.03,0,Retained
627,Spain,Male,48,1,132759.8,1,1,Has Credit Card,0,Inactive,78899.22,0,Retained
532,France,Male,60,5,76705.87,2,0,No Credit Card,1,Active,13889.73,0,Retained
764,France,Female,44,1,0.0,2,1,Has Credit Card,1,Active,11467.38,0,Retained
700,France,Female,36,4,0.0,2,1,Has Credit Card,0,Inactive,130789.15,0,Retained
660,France,Male,41,3,0.0,2,1,Has Credit Card,1,Active,108665.89,0,Retained
518,Germany,Male,29,9,125961.74,2,1,Has Credit Card,0,Inactive,160303.08,1,Churned
557,France,Female,39,7,49572.73,1,1,Has Credit Card,0,Inactive,115287.99,1,Churned
639,France,Female,35,1,103015.12,2,1,Has Credit Card,1,Active,139094.12,0,Retained
557,France,Female,24,4,0.0,1,0,No Credit Card,0,Inactive,20515.72,0,Retained
633,France,Female,32,1,104001.38,1,0,No Credit Card,1,Active,36642.65,0,Retained
623,Spain,Female,50,2,87116.71,1,1,Has Credit Card,1,Active,104382.11,0,Retained
611,France,Male,68,5,82547.11,2,1,Has Credit Card,1,Active,146448.01,0,Retained
666,Spain,Female,47,5,0.0,1,0,No Credit Card,0,Inactive,166650.9,1,Churned
521,France,Male,27,4,121325.84,1,1,Has Credit Card,1,Active,164223.7,1,Churned
775,France,Male,28,9,111167.7,1,1,Has Credit Card,0,Inactive,149331.01,0,Retained
681,Germany,Male,48,5,139714.4,2,0,No Credit Card,0,Inactive,73066.72,0,Retained
564,Germany,Female,32,10,139875.2,2,1,Has Credit Card,0,Inactive,15378.23,0,Retained
646,Germany,Female,44,2,113063.83,1,0,No Credit Card,0,Inactive,53072.49,1,Churned
670,France,Female,50,8,138340.06,1,0,No Credit Card,1,Active,3159.15,0,Retained
751,France,Male,43,1,114974.24,1,1,Has Credit Card,0,Inactive,125920.54,0,Retained
544,France,Female,33,6,0.0,2,1,Has Credit Card,1,Active,124113.04,0,Retained
639,France,Female,38,5,0.0,2,0,No Credit Card,0,Inactive,93716.38,0,Retained
635,Germany,Female,65,5,117325.54,1,1,Has Credit Card,0,Inactive,155799.86,1,Churned
672,France,Female,28,6,0.0,1,0,No Credit Card,1,Active,8814.69,0,Retained
639,France,Female,35,8,0.0,1,0,No Credit Card,0,Inactive,164453.98,0,Retained
697,France,Female,25,1,0.0,2,0,No Credit Card,0,Inactive,87803.32,0,Retained
850,Spain,Male,44,8,0.0,2,1,Has Credit Card,1,Active,183617.32,0,Retained
748,France,Female,34,8,0.0,2,1,Has Credit Card,0,Inactive,53584.03,0,Retained
463,Spain,Female,35,2,0.0,2,1,Has Credit Card,1,Active,1950.93,0,Retained
572,France,Female,30,6,0.0,1,0,No Credit Card,1,Active,175025.27,0,Retained
741,Spain,Male,50,1,78737.61,1,1,Has Credit Card,1,Active,13018.96,0,Retained
646,Spain,Male,25,5,182876.88,2,1,Has Credit Card,1,Active,42537.59,1,Churned
805,Germany,Male,50,9,130023.38,1,1,Has Credit Card,0,Inactive,62989.82,1,Churned
637,France,Male,36,2,152606.82,1,1,Has Credit Card,1,Active,71692.8,0,Retained
651,France,Male,28,7,0.0,2,1,Has Credit Card,0,Inactive,823.96,0,Retained
672,France,Male,28,4,167268.98,1,1,Has Credit Card,1,Active,169469.3,0,Retained
493,France,Male,54,3,167831.88,2,1,Has Credit Card,0,Inactive,150159.95,1,Churned
524,Germany,Male,29,9,144287.6,2,1,Has Credit Card,0,Inactive,32063.3,0,Retained
624,Germany,Female,45,5,151855.33,1,1,Has Credit Card,0,Inactive,68794.15,0,Retained
569,Spain,Female,51,3,0.0,3,1,Has Credit Card,0,Inactive,75084.96,1,Churned
677,France,Female,27,2,0.0,2,0,No Credit Card,1,Active,114685.92,0,Retained
464,Germany,Male,37,4,155994.15,1,0,No Credit Card,0,Inactive,143665.44,0,Retained
718,Germany,Male,26,7,147527.03,1,0,No Credit Card,0,Inactive,51099.56,0,Retained
594,France,Female,53,4,0.0,1,1,Has Credit Card,0,Inactive,5408.74,1,Churned
574,France,Male,33,8,100267.03,1,1,Has Credit Card,0,Inactive,103006.27,0,Retained
478,Spain,Male,48,0,83287.05,2,0,No Credit Card,1,Active,44147.95,1,Churned
615,Spain,Male,41,4,0.0,1,0,No Credit Card,1,Active,149278.96,0,Retained
651,Spain,Male,45,4,0.0,2,0,No Credit Card,0,Inactive,193009.21,0,Retained
465,Germany,Male,53,1,117438.17,1,0,No Credit Card,0,Inactive,74898.8,1,Churned
558,France,Female,56,7,121235.05,2,1,Has Credit Card,1,Active,116253.1,0,Retained
540,Germany,Male,37,3,129965.18,1,0,No Credit Card,0,Inactive,19374.08,0,Retained
568,Germany,Male,46,8,150836.92,1,0,No Credit Card,0,Inactive,64516.8,1,Churned
630,France,Male,31,0,0.0,2,1,Has Credit Card,1,Active,34475.14,0,Retained
523,Germany,Male,60,1,163894.35,1,0,No Credit Card,1,Active,57061.71,0,Retained
678,France,Female,48,2,0.0,2,1,Has Credit Card,1,Active,32301.88,0,Retained
438,France,Male,38,2,0.0,2,1,Has Credit Card,0,Inactive,136859.55,0,Retained
544,France,Male,44,1,0.0,2,0,No Credit Card,0,Inactive,69244.24,0,Retained
595,Germany,Male,34,2,87967.42,2,0,No Credit Card,1,Active,156309.52,0,Retained
678,France,Male,26,3,0.0,2,1,Has Credit Card,0,Inactive,4989.33,0,Retained
850,France,Female,36,6,0.0,2,1,Has Credit Card,1,Active,190194.95,0,Retained
589,Germany,Female,20,2,121093.29,2,1,Has Credit Card,0,Inactive,3529.72,0,Retained
785,Spain,Female,31,2,121691.54,2,0,No Credit Card,0,Inactive,81778.72,0,Retained
563,Spain,Male,57,6,0.0,2,1,Has Credit Card,1,Active,39297.48,0,Retained
602,France,Female,39,6,154121.32,2,1,Has Credit Card,0,Inactive,176614.86,1,Churned
591,France,Male,29,6,0.0,2,1,Has Credit Card,1,Active,108684.65,0,Retained
643,Spain,Male,43,1,0.0,2,1,Has Credit Card,1,Active,145764.4,0,Retained
605,France,Female,32,5,0.0,2,1,Has Credit Card,1,Active,42135.28,0,Retained
755,Germany,Male,43,6,165048.5,3,1,Has Credit Card,0,Inactive,16929.41,1,Churned
769,Spain,Male,38,6,0.0,2,0,No Credit Card,0,Inactive,104393.78,0,Retained
620,France,Female,33,9,127638.35,1,1,Has Credit Card,1,Active,192717.57,0,Retained
725,France,Male,31,8,0.0,2,1,Has Credit Card,1,Active,59650.42,0,Retained
818,Germany,Female,72,8,135290.42,2,1,Has Credit Card,1,Active,63729.72,0,Retained
624,France,Female,71,4,170252.05,3,1,Has Credit Card,1,Active,73679.59,1,Churned
669,Germany,Female,35,4,108269.2,2,1,Has Credit Card,0,Inactive,174969.92,0,Retained
712,France,Female,32,1,0.0,2,1,Has Credit Card,0,Inactive,1703.58,0,Retained
603,Germany,Female,35,9,145623.36,1,1,Has Credit Card,0,Inactive,163181.62,0,Retained
597,France,Female,41,4,145809.53,2,1,Has Credit Card,1,Active,52319.26,0,Retained
580,Germany,Male,76,2,130334.84,2,1,Has Credit Card,1,Active,51672.08,0,Retained
718,France,Female,39,3,0.0,2,1,Has Credit Card,1,Active,145355.11,0,Retained
527,Spain,Male,53,8,0.0,1,1,Has Credit Card,1,Active,51711.57,0,Retained
729,Spain,Female,42,1,0.0,2,1,Has Credit Card,1,Active,149535.97,0,Retained
746,France,Female,24,4,0.0,1,0,No Credit Card,1,Active,94105.0,0,Retained
699,Germany,Female,54,3,111009.32,1,1,Has Credit Card,1,Active,155905.79,1,Churned
759,France,Female,46,2,0.0,1,1,Has Credit Card,1,Active,138380.11,0,Retained
748,France,Female,39,3,157371.54,1,0,No Credit Card,1,Active,97734.3,0,Retained
698,Spain,Female,63,5,0.0,1,1,Has Credit Card,1,Active,173576.71,0,Retained
686,France,Male,37,9,134560.62,1,1,Has Credit Card,0,Inactive,27596.39,0,Retained
679,France,Male,40,1,0.0,1,1,Has Credit Card,1,Active,16897.19,0,Retained
682,Germany,Male,36,5,72373.62,2,1,Has Credit Card,0,Inactive,36895.99,0,Retained
778,France,Female,34,7,109564.1,1,0,No Credit Card,1,Active,113046.81,0,Retained
742,France,Female,25,4,132116.13,2,1,Has Credit Card,0,Inactive,129933.5,0,Retained
649,Germany,Male,24,7,101195.23,1,0,No Credit Card,0,Inactive,133091.32,0,Retained
763,France,Male,67,1,149436.73,2,0,No Credit Card,1,Active,106282.74,0,Retained
595,Germany,Male,30,9,130682.11,2,1,Has Credit Card,1,Active,57862.88,0,Retained
628,Germany,Female,51,10,115280.49,2,0,No Credit Card,0,Inactive,12628.61,1,Churned
625,France,Female,36,8,129944.39,2,0,No Credit Card,0,Inactive,198914.8,0,Retained
733,France,Male,36,5,0.0,2,1,Has Credit Card,1,Active,109127.54,0,Retained
665,Spain,Female,32,10,0.0,1,1,Has Credit Card,1,Active,22487.45,0,Retained
805,Germany,Male,56,6,151802.29,1,1,Has Credit Card,0,Inactive,46791.09,1,Churned
725,France,Male,38,6,0.0,2,1,Has Credit Card,1,Active,158697.28,0,Retained
554,France,Female,38,3,138731.95,1,1,Has Credit Card,1,Active,194138.36,0,Retained
675,Spain,Female,35,8,155621.08,1,0,No Credit Card,1,Active,35177.31,0,Retained
556,France,Female,54,4,150005.38,1,1,Has Credit Card,0,Inactive,157015.5,1,Churned
635,Spain,Female,48,2,0.0,2,1,Has Credit Card,1,Active,136551.25,0,Retained
601,France,Male,47,1,64430.06,2,0,No Credit Card,1,Active,96517.97,0,Retained
600,Germany,Male,53,7,106261.63,1,1,Has Credit Card,0,Inactive,93629.66,1,Churned
758,Spain,Male,40,3,0.0,2,0,No Credit Card,0,Inactive,96097.65,0,Retained
606,Germany,Female,41,4,132670.53,1,1,Has Credit Card,0,Inactive,156476.36,1,Churned
640,France,Female,67,3,0.0,1,0,No Credit Card,1,Active,42964.63,0,Retained
753,Germany,Female,38,1,117314.92,1,1,Has Credit Card,0,Inactive,122021.33,1,Churned
559,Spain,Male,38,3,145874.35,1,1,Has Credit Card,0,Inactive,56311.39,1,Churned
754,Spain,Female,50,7,146777.44,2,0,No Credit Card,1,Active,150685.52,0,Retained
621,Germany,Male,51,4,109978.83,1,0,No Credit Card,0,Inactive,177740.58,1,Churned
654,France,Female,37,5,0.0,1,0,No Credit Card,1,Active,71492.28,0,Retained
650,Spain,Male,24,8,108881.73,1,1,Has Credit Card,0,Inactive,104492.83,0,Retained
831,Spain,Female,44,10,0.0,1,0,No Credit Card,1,Active,47729.33,0,Retained
519,France,Male,39,2,112957.26,2,1,Has Credit Card,0,Inactive,97593.16,0,Retained
552,Germany,Female,42,8,103362.14,1,0,No Credit Card,1,Active,186869.58,1,Churned
577,Spain,Male,41,4,89015.61,1,0,No Credit Card,1,Active,135227.23,0,Retained
576,Spain,Male,45,5,133618.01,1,0,No Credit Card,0,Inactive,135244.87,0,Retained
646,France,Male,40,5,93680.43,2,1,Has Credit Card,1,Active,179473.26,0,Retained
711,Germany,Female,45,1,97486.15,2,1,Has Credit Card,0,Inactive,50610.62,0,Retained
806,Spain,Female,37,2,137794.18,2,0,No Credit Card,1,Active,75232.02,0,Retained
670,France,Female,39,8,101928.51,1,0,No Credit Card,0,Inactive,89205.54,0,Retained
679,Spain,Female,28,9,0.0,2,0,No Credit Card,1,Active,61761.77,0,Retained
850,Spain,Female,39,6,0.0,2,1,Has Credit Card,0,Inactive,103921.43,0,Retained
670,Germany,Female,35,2,79585.96,1,0,No Credit Card,1,Active,198802.9,0,Retained
733,France,Female,24,3,161884.99,1,1,Has Credit Card,1,Active,9617.24,0,Retained
764,France,Female,39,1,129068.54,2,1,Has Credit Card,1,Active,187905.12,0,Retained
673,France,Female,42,4,0.0,2,1,Has Credit Card,0,Inactive,121440.8,0,Retained
588,Germany,Male,49,6,132623.76,3,1,Has Credit Card,0,Inactive,36292.94,1,Churned
564,Spain,Male,31,5,121461.87,1,1,Has Credit Card,1,Active,20432.09,1,Churned
715,France,Male,32,8,175307.32,1,1,Has Credit Card,0,Inactive,187051.23,0,Retained
621,France,Male,31,7,136658.61,1,1,Has Credit Card,1,Active,148689.13,0,Retained
796,Spain,Female,23,3,146584.19,2,0,No Credit Card,0,Inactive,125445.8,0,Retained
672,France,Male,34,6,0.0,1,0,No Credit Card,0,Inactive,22736.06,0,Retained
527,Spain,Female,46,10,131414.76,1,1,Has Credit Card,0,Inactive,54947.51,0,Retained
722,France,Female,38,3,0.0,2,0,No Credit Card,1,Active,167984.72,0,Retained
596,Germany,Male,34,4,99441.21,2,0,No Credit Card,1,Active,4802.27,0,Retained
746,France,Female,32,4,0.0,2,1,Has Credit Card,1,Active,72909.75,0,Retained
523,France,Female,26,4,0.0,2,1,Has Credit Card,0,Inactive,185488.81,0,Retained
624,France,Male,44,3,0.0,2,1,Has Credit Card,0,Inactive,88407.51,0,Retained
553,Spain,Male,38,1,181110.13,2,1,Has Credit Card,0,Inactive,184544.59,0,Retained
850,Spain,Male,33,3,100476.46,2,1,Has Credit Card,1,Active,136539.13,0,Retained
599,Germany,Male,33,2,51949.95,2,1,Has Credit Card,0,Inactive,85045.92,0,Retained
492,France,Male,35,8,121063.49,1,0,No Credit Card,0,Inactive,85421.48,0,Retained
707,Spain,Male,48,8,88441.64,1,1,Has Credit Card,1,Active,119903.2,1,Churned
743,France,Female,30,1,127023.39,1,1,Has Credit Card,1,Active,138780.89,0,Retained
522,France,Male,41,5,144147.68,1,1,Has Credit Card,1,Active,14789.9,0,Retained
681,Spain,Female,57,2,173306.13,1,0,No Credit Card,1,Active,131964.66,0,Retained
826,France,Female,49,0,0.0,1,0,No Credit Card,0,Inactive,178709.98,1,Churned
630,Germany,Female,28,8,106425.75,1,1,Has Credit Card,1,Active,20344.84,0,Retained
430,Germany,Female,66,6,135392.31,2,1,Has Credit Card,1,Active,172852.06,1,Churned
806,France,Female,67,1,0.0,2,0,No Credit Card,1,Active,103945.58,0,Retained
703,Spain,Male,39,6,152685.4,1,0,No Credit Card,0,Inactive,183656.12,0,Retained
755,Germany,Female,38,1,82083.52,1,0,No Credit Card,1,Active,10333.78,0,Retained
612,Spain,Female,63,2,131629.17,2,1,Has Credit Card,0,Inactive,122109.58,1,Churned
719,France,Female,54,7,0.0,2,1,Has Credit Card,1,Active,125041.52,0,Retained
554,Germany,Female,55,0,108477.27,1,0,No Credit Card,1,Active,140003.0,1,Churned
683,France,Male,30,4,114779.35,1,0,No Credit Card,0,Inactive,183171.47,0,Retained
749,France,Male,41,5,57568.94,1,1,Has Credit Card,1,Active,61128.29,0,Retained
724,Spain,Male,36,1,0.0,2,1,Has Credit Card,0,Inactive,52462.25,0,Retained
770,Spain,Male,30,8,0.0,2,0,No Credit Card,1,Active,50839.85,0,Retained
680,France,Male,37,4,0.0,2,1,Has Credit Card,0,Inactive,61240.87,0,Retained
699,France,Female,32,4,110559.46,1,1,Has Credit Card,1,Active,127429.56,0,Retained
442,France,Male,34,4,0.0,2,1,Has Credit Card,0,Inactive,68343.08,0,Retained
529,France,Male,46,8,0.0,1,0,No Credit Card,0,Inactive,126511.94,1,Churned
574,Spain,Male,36,3,0.0,2,1,Has Credit Card,1,Active,8559.66,0,Retained
605,France,Male,33,9,128152.82,1,0,No Credit Card,0,Inactive,147822.81,0,Retained
515,Germany,Male,45,7,120961.5,3,1,Has Credit Card,1,Active,39288.11,1,Churned
632,Germany,Male,65,6,129472.33,1,1,Has Credit Card,1,Active,85179.48,0,Retained
558,France,Male,32,10,105000.23,1,1,Has Credit Card,0,Inactive,190019.61,0,Retained
434,Germany,Male,55,8,109339.17,2,1,Has Credit Card,0,Inactive,96405.88,1,Churned
525,France,Female,59,6,55328.4,1,1,Has Credit Card,0,Inactive,83342.73,1,Churned
640,Germany,Male,23,3,72012.76,1,1,Has Credit Card,0,Inactive,161333.13,0,Retained
690,France,Female,36,6,110480.48,1,0,No Credit Card,0,Inactive,81292.33,0,Retained
607,Spain,Male,34,9,132439.99,1,1,Has Credit Card,0,Inactive,177747.72,0,Retained
850,France,Female,46,3,0.0,2,1,Has Credit Card,1,Active,187980.21,0,Retained
780,Germany,Male,34,5,94108.54,2,1,Has Credit Card,0,Inactive,177235.21,0,Retained
616,Germany,Female,28,10,105173.99,1,0,No Credit Card,1,Active,29835.37,1,Churned
618,Spain,Female,40,8,0.0,2,1,Has Credit Card,0,Inactive,80204.38,0,Retained
676,France,Male,29,7,131959.86,1,0,No Credit Card,0,Inactive,189268.81,0,Retained
507,France,Male,33,7,0.0,2,1,Has Credit Card,1,Active,85411.01,0,Retained
490,France,Male,34,5,122952.9,2,0,No Credit Card,0,Inactive,154360.97,0,Retained
678,France,Male,36,0,107379.68,1,1,Has Credit Card,1,Active,84460.18,0,Retained
637,Germany,Male,30,6,122641.56,2,1,Has Credit Card,0,Inactive,65618.01,0,Retained
602,France,Female,33,8,0.0,2,1,Has Credit Card,1,Active,112928.74,0,Retained
744,Spain,Female,30,1,124037.28,1,1,Has Credit Card,1,Active,142210.94,0,Retained
640,France,Female,50,9,117565.03,2,0,No Credit Card,0,Inactive,82559.77,0,Retained
684,France,Female,38,5,133189.4,1,0,No Credit Card,0,Inactive,127388.06,0,Retained
495,Germany,Male,39,8,120252.02,2,1,Has Credit Card,1,Active,10160.23,0,Retained
559,Germany,Female,28,3,152264.81,1,0,No Credit Card,0,Inactive,64242.31,0,Retained
684,France,Male,38,5,105069.98,2,1,Has Credit Card,1,Active,198355.28,0,Retained
613,France,Male,42,7,115076.06,1,1,Has Credit Card,1,Active,79323.61,0,Retained
794,France,Male,30,8,0.0,2,1,Has Credit Card,1,Active,24113.91,0,Retained
736,France,Female,42,7,117280.23,3,0,No Credit Card,0,Inactive,41921.06,1,Churned
692,Germany,Male,49,6,110540.43,2,0,No Credit Card,1,Active,107472.99,0,Retained
703,Spain,Male,36,7,135095.47,1,1,Has Credit Card,0,Inactive,143859.66,0,Retained
720,Germany,Male,23,0,187861.18,2,1,Has Credit Card,1,Active,104120.17,0,Retained
777,Germany,Male,44,3,124655.59,2,0,No Credit Card,1,Active,79792.3,0,Retained
653,France,Male,44,8,0.0,2,1,Has Credit Card,1,Active,154639.72,0,Retained
552,France,Female,38,9,134105.01,1,0,No Credit Card,0,Inactive,57850.1,0,Retained
708,France,Female,34,4,0.0,1,1,Has Credit Card,1,Active,62868.33,0,Retained
647,France,Female,40,9,0.0,2,0,No Credit Card,1,Active,92357.21,0,Retained
597,Germany,Male,52,8,83693.34,2,1,Has Credit Card,1,Active,161083.53,0,Retained
501,France,Male,42,9,114631.23,1,0,No Credit Card,1,Active,91429.74,0,Retained
709,France,Male,44,9,128601.98,1,1,Has Credit Card,0,Inactive,117031.2,0,Retained
621,Germany,Female,34,2,91258.52,2,1,Has Credit Card,0,Inactive,44857.4,0,Retained
799,France,Male,70,8,70416.75,1,1,Has Credit Card,1,Active,36483.52,0,Retained
675,France,Female,33,6,0.0,2,1,Has Credit Card,0,Inactive,34045.61,0,Retained
561,France,Female,35,5,0.0,2,1,Has Credit Card,0,Inactive,59981.62,0,Retained
707,France,Female,42,10,0.0,2,1,Has Credit Card,1,Active,152944.39,0,Retained
670,France,Male,33,6,88294.6,1,1,Has Credit Card,0,Inactive,66979.06,0,Retained
649,Spain,Female,32,7,0.0,1,1,Has Credit Card,0,Inactive,28797.32,0,Retained
524,France,Male,28,1,93577.3,1,1,Has Credit Card,1,Active,51670.82,0,Retained
689,Germany,Female,30,5,136650.89,1,1,Has Credit Card,1,Active,41865.72,1,Churned
573,Spain,Female,72,8,98765.84,1,1,Has Credit Card,1,Active,96015.53,0,Retained
657,France,Male,33,1,84309.57,2,0,No Credit Card,0,Inactive,103914.4,0,Retained
686,Spain,Male,39,10,136258.06,1,0,No Credit Card,0,Inactive,89199.51,0,Retained
683,France,Female,29,9,0.0,2,1,Has Credit Card,1,Active,48849.89,0,Retained
753,Germany,Female,47,1,131160.85,1,1,Has Credit Card,0,Inactive,197444.69,0,Retained
520,Spain,Female,30,4,145222.99,2,0,No Credit Card,0,Inactive,145160.96,0,Retained
547,Germany,Male,25,4,98141.57,2,1,Has Credit Card,1,Active,52309.8,0,Retained
653,France,Male,47,6,0.0,1,1,Has Credit Card,0,Inactive,50695.93,1,Churned
648,Spain,Female,28,9,102282.61,1,1,Has Credit Card,1,Active,157891.11,0,Retained
639,France,Female,37,4,116121.84,2,0,No Credit Card,1,Active,181850.74,0,Retained
711,France,Female,25,5,190066.54,1,0,No Credit Card,0,Inactive,51345.39,1,Churned
484,Germany,Female,55,8,149349.58,3,0,No Credit Card,0,Inactive,137519.92,1,Churned
721,France,Male,36,1,155176.83,2,1,Has Credit Card,1,Active,49653.37,0,Retained
548,Germany,Male,32,2,98986.28,1,1,Has Credit Card,1,Active,55867.38,0,Retained
679,France,Male,41,8,147726.98,3,1,Has Credit Card,0,Inactive,172749.4,1,Churned
553,France,Male,41,1,0.0,2,1,Has Credit Card,0,Inactive,90607.31,0,Retained
757,France,Male,36,7,144852.06,1,0,No Credit Card,0,Inactive,130861.95,0,Retained
581,France,Male,54,4,89299.81,1,0,No Credit Card,0,Inactive,5558.47,1,Churned
718,Spain,Male,40,9,0.0,2,0,No Credit Card,0,Inactive,121537.91,0,Retained
625,France,Male,41,6,97663.16,2,1,Has Credit Card,0,Inactive,57128.78,0,Retained
744,Spain,Male,39,4,95161.75,1,1,Has Credit Card,0,Inactive,19409.77,0,Retained
799,Germany,Male,31,9,154586.92,1,0,No Credit Card,1,Active,88604.89,1,Churned
751,Spain,Female,34,8,127095.14,2,0,No Credit Card,0,Inactive,479.54,0,Retained
781,Germany,Male,35,7,92526.15,2,1,Has Credit Card,1,Active,173837.54,0,Retained
777,Germany,Female,46,0,107362.8,1,1,Has Credit Card,0,Inactive,487.3,0,Retained
704,Spain,Female,24,2,0.0,1,1,Has Credit Card,0,Inactive,35600.25,1,Churned
539,France,Female,47,2,127286.04,2,1,Has Credit Card,1,Active,166929.43,1,Churned
716,France,Female,29,6,0.0,2,1,Has Credit Card,1,Active,98998.61,0,Retained
670,France,Male,37,2,0.0,2,1,Has Credit Card,1,Active,54229.74,0,Retained
555,France,Male,40,10,139930.18,1,1,Has Credit Card,1,Active,105720.09,0,Retained
679,Germany,Female,30,4,77949.69,1,1,Has Credit Card,1,Active,121151.46,0,Retained
571,France,Male,38,1,121405.04,1,1,Has Credit Card,1,Active,154844.22,0,Retained
512,Spain,Female,35,5,124580.69,1,1,Has Credit Card,1,Active,18785.48,0,Retained
697,France,Male,35,5,133087.76,1,1,Has Credit Card,0,Inactive,64771.61,0,Retained
424,Spain,Male,34,7,0.0,1,1,Has Credit Card,1,Active,16250.61,0,Retained
684,France,Female,43,7,0.0,2,1,Has Credit Card,0,Inactive,131093.99,0,Retained
697,Spain,Male,62,7,0.0,1,1,Has Credit Card,0,Inactive,129188.18,1,Churned
580,Germany,Male,45,8,103741.14,1,1,Has Credit Card,0,Inactive,47428.73,1,Churned
600,France,Female,32,7,98877.95,1,1,Has Credit Card,0,Inactive,132973.21,0,Retained
521,France,Male,37,5,105843.26,2,1,Has Credit Card,1,Active,84908.2,0,Retained
664,Spain,Male,44,7,77526.66,3,0,No Credit Card,0,Inactive,57338.56,1,Churned
634,France,Male,77,5,0.0,2,1,Has Credit Card,1,Active,161579.85,0,Retained
445,France,Female,33,7,0.0,2,1,Has Credit Card,0,Inactive,122625.68,0,Retained
702,Germany,Female,36,2,105264.88,2,1,Has Credit Card,1,Active,52909.87,0,Retained
485,France,Male,37,5,0.0,2,0,No Credit Card,1,Active,170226.47,0,Retained
582,Germany,Female,40,3,110150.43,1,1,Has Credit Card,1,Active,191757.65,1,Churned
605,Spain,Female,57,2,0.0,3,1,Has Credit Card,0,Inactive,66652.75,1,Churned
628,France,Male,25,7,0.0,2,1,Has Credit Card,1,Active,195977.75,0,Retained
604,Spain,Female,28,6,0.0,2,1,Has Credit Card,1,Active,69056.26,0,Retained
724,Germany,Male,31,9,138166.3,1,1,Has Credit Card,0,Inactive,12920.43,0,Retained
567,Germany,Male,40,7,122265.24,1,1,Has Credit Card,0,Inactive,138552.74,0,Retained
779,Spain,Female,55,0,133295.98,1,1,Has Credit Card,0,Inactive,22832.71,1,Churned
785,France,Male,36,2,0.0,1,0,No Credit Card,1,Active,61811.1,0,Retained
563,France,Female,32,0,148326.09,1,1,Has Credit Card,0,Inactive,191604.27,1,Churned
821,Germany,Female,31,2,68927.57,1,1,Has Credit Card,1,Active,25445.0,0,Retained
747,France,Female,47,5,139914.6,4,0,No Credit Card,1,Active,129964.56,1,Churned
600,Germany,Female,58,8,118723.11,1,0,No Credit Card,0,Inactive,6209.51,1,Churned
625,Spain,Male,32,7,106957.28,1,1,Has Credit Card,1,Active,134794.02,0,Retained
773,France,Female,41,7,190238.93,1,1,Has Credit Card,1,Active,57549.65,0,Retained
726,France,Female,53,1,113537.73,1,0,No Credit Card,1,Active,28367.21,0,Retained
641,Spain,Female,40,4,101090.27,1,1,Has Credit Card,1,Active,51703.09,0,Retained
649,France,Female,46,2,0.0,2,1,Has Credit Card,1,Active,66602.7,0,Retained
434,Spain,Male,33,3,0.0,1,1,Has Credit Card,1,Active,2739.71,0,Retained
738,France,Female,38,7,0.0,2,0,No Credit Card,0,Inactive,69227.42,0,Retained
762,Spain,Female,60,10,168920.75,1,1,Has Credit Card,0,Inactive,31445.03,1,Churned
507,Germany,Male,31,9,111589.67,1,1,Has Credit Card,0,Inactive,150037.19,0,Retained
606,Germany,Female,27,6,172310.33,1,0,No Credit Card,1,Active,111448.92,0,Retained
655,Germany,Male,34,7,118028.35,1,1,Has Credit Card,0,Inactive,51226.32,1,Churned
697,Germany,Male,51,1,147910.3,1,1,Has Credit Card,1,Active,53581.14,0,Retained
504,Germany,Male,42,7,131287.36,2,1,Has Credit Card,1,Active,149697.78,0,Retained
653,France,Female,74,0,121276.32,1,1,Has Credit Card,1,Active,160348.31,0,Retained
660,Spain,Male,38,6,109869.32,1,1,Has Credit Card,1,Active,154641.91,0,Retained
652,France,Female,34,6,97435.85,2,1,Has Credit Card,1,Active,104331.76,0,Retained
669,France,Female,42,9,0.0,2,0,No Credit Card,0,Inactive,135630.32,0,Retained
594,France,Male,35,2,133853.27,1,1,Has Credit Card,1,Active,65361.66,0,Retained
756,Germany,Male,32,0,109528.16,2,1,Has Credit Card,1,Active,56176.31,0,Retained
642,France,Female,33,4,84607.34,2,0,No Credit Card,1,Active,60059.47,0,Retained
486,Germany,Male,37,1,101438.0,1,0,No Credit Card,0,Inactive,51364.56,0,Retained
804,France,Male,55,7,0.0,2,1,Has Credit Card,1,Active,118752.6,0,Retained
629,France,Male,59,9,113657.83,1,1,Has Credit Card,1,Active,116848.79,1,Churned
581,Spain,Female,44,7,189318.16,2,1,Has Credit Card,0,Inactive,45026.23,1,Churned
667,France,Male,31,3,99513.91,1,1,Has Credit Card,1,Active,189657.26,0,Retained
667,Spain,Male,35,4,97585.32,2,0,No Credit Card,0,Inactive,57213.46,0,Retained
679,France,Male,29,3,0.0,2,1,Has Credit Card,1,Active,63687.06,0,Retained
680,France,Female,43,4,0.0,2,1,Has Credit Card,1,Active,58761.33,0,Retained
644,Spain,Male,32,3,136659.74,1,1,Has Credit Card,1,Active,14187.78,0,Retained
571,France,Female,30,4,85755.86,1,1,Has Credit Card,0,Inactive,145115.95,0,Retained
627,Spain,Female,35,7,0.0,1,1,Has Credit Card,0,Inactive,187718.26,0,Retained
536,France,Male,39,4,0.0,2,1,Has Credit Card,0,Inactive,27150.35,0,Retained
599,Spain,Male,33,4,51690.89,1,1,Has Credit Card,0,Inactive,111622.76,1,Churned
744,Spain,Male,34,3,0.0,2,1,Has Credit Card,0,Inactive,27244.35,0,Retained
709,France,Female,34,2,111669.68,1,1,Has Credit Card,0,Inactive,57029.66,0,Retained
653,Germany,Male,31,2,154741.45,2,0,No Credit Card,0,Inactive,25183.01,0,Retained
648,Germany,Male,31,7,125681.51,1,0,No Credit Card,1,Active,129980.93,0,Retained
663,Germany,Female,37,8,155303.71,1,1,Has Credit Card,0,Inactive,118716.63,0,Retained
613,Germany,Female,43,4,140681.68,1,0,No Credit Card,1,Active,20134.07,0,Retained
620,France,Male,28,9,71902.52,1,0,No Credit Card,1,Active,190208.23,0,Retained
661,France,Male,51,6,146606.6,1,1,Has Credit Card,1,Active,68021.9,0,Retained
669,Germany,Male,45,1,123949.75,1,0,No Credit Card,0,Inactive,110881.56,0,Retained
767,Germany,Female,33,1,144753.21,1,1,Has Credit Card,1,Active,132480.75,0,Retained
491,France,Female,72,6,91285.22,1,1,Has Credit Card,1,Active,7032.95,0,Retained
653,France,Male,43,0,0.0,2,1,Has Credit Card,0,Inactive,27862.58,0,Retained
679,Germany,Male,58,8,125850.53,2,1,Has Credit Card,1,Active,87008.17,0,Retained
687,France,Male,28,7,108116.66,1,1,Has Credit Card,1,Active,27411.19,0,Retained
837,France,Female,38,2,0.0,2,1,Has Credit Card,1,Active,46395.21,0,Retained
850,France,Male,28,8,67639.56,2,1,Has Credit Card,1,Active,194245.29,0,Retained
663,Spain,Female,53,6,150200.23,1,0,No Credit Card,1,Active,151317.27,1,Churned
547,Spain,Female,22,7,141287.15,1,1,Has Credit Card,0,Inactive,118142.79,0,Retained
627,France,Female,41,6,0.0,3,1,Has Credit Card,1,Active,138700.75,1,Churned
707,France,Male,37,1,0.0,2,0,No Credit Card,1,Active,6035.51,0,Retained
629,France,Female,43,0,0.0,2,1,Has Credit Card,1,Active,41263.69,0,Retained
687,France,Female,36,4,97157.96,1,0,No Credit Card,1,Active,63185.05,0,Retained
588,France,Female,36,2,0.0,2,1,Has Credit Card,0,Inactive,92536.0,1,Churned
502,Germany,Female,33,6,125241.17,2,1,Has Credit Card,1,Active,158736.07,0,Retained
793,Germany,Male,54,2,128966.13,1,0,No Credit Card,0,Inactive,18633.4,1,Churned
727,Germany,Male,59,5,152581.06,1,1,Has Credit Card,0,Inactive,71830.1,1,Churned
632,Spain,Female,32,1,0.0,2,1,Has Credit Card,0,Inactive,19525.65,0,Retained
474,Germany,Female,37,5,142688.57,2,1,Has Credit Card,1,Active,110953.33,0,Retained
850,Germany,Female,31,1,130089.56,2,1,Has Credit Card,1,Active,4466.21,0,Retained
584,France,Male,36,9,0.0,1,1,Has Credit Card,1,Active,105818.51,0,Retained
713,France,Female,32,1,117094.02,1,0,No Credit Card,0,Inactive,149558.83,1,Churned
742,Spain,Male,24,8,0.0,2,1,Has Credit Card,0,Inactive,4070.28,0,Retained
607,France,Female,39,10,0.0,3,1,Has Credit Card,0,Inactive,132741.13,1,Churned
761,Spain,Female,34,2,0.0,2,1,Has Credit Card,0,Inactive,61251.25,0,Retained
600,France,Male,49,7,90218.9,1,1,Has Credit Card,0,Inactive,91347.76,0,Retained
650,Spain,Male,42,4,194532.66,1,1,Has Credit Card,0,Inactive,171045.31,1,Churned
850,Germany,Male,56,1,169743.83,1,0,No Credit Card,0,Inactive,155850.4,1,Churned
501,France,Female,34,5,0.0,1,1,Has Credit Card,0,Inactive,27380.99,0,Retained
418,France,Male,34,8,155973.88,1,1,Has Credit Card,0,Inactive,154208.96,0,Retained
797,Spain,Male,59,4,129321.44,1,1,Has Credit Card,1,Active,93624.55,0,Retained
788,Germany,Female,42,6,138650.49,2,1,Has Credit Card,0,Inactive,64746.07,0,Retained
699,Spain,Male,43,2,136487.86,2,1,Has Credit Card,0,Inactive,82815.93,0,Retained
616,France,Male,18,6,0.0,2,1,Has Credit Card,1,Active,27308.58,0,Retained
651,France,Female,41,4,38617.2,1,1,Has Credit Card,1,Active,104876.8,0,Retained
654,France,Female,28,7,0.0,2,1,Has Credit Card,0,Inactive,151316.37,0,Retained
676,France,Female,34,8,82909.14,1,1,Has Credit Card,0,Inactive,91817.38,1,Churned
708,Germany,Female,54,8,145151.4,1,0,No Credit Card,1,Active,125311.17,1,Churned
499,Spain,Female,42,0,147187.84,1,1,Has Credit Card,1,Active,14868.94,1,Churned
689,France,Male,39,4,0.0,2,1,Has Credit Card,0,Inactive,196112.45,0,Retained
850,Spain,Male,54,7,108185.81,2,0,No Credit Card,0,Inactive,24093.4,1,Churned
502,France,Male,30,4,0.0,2,1,Has Credit Card,1,Active,66263.87,0,Retained
643,France,Male,34,7,0.0,2,0,No Credit Card,1,Active,100304.13,0,Retained
762,France,Male,28,2,0.0,2,1,Has Credit Card,0,Inactive,167909.52,0,Retained
719,France,Male,49,5,105918.1,1,1,Has Credit Card,1,Active,16246.59,0,Retained
789,France,Male,27,6,0.0,2,1,Has Credit Card,0,Inactive,103603.65,0,Retained
553,Spain,Male,42,7,0.0,2,1,Has Credit Card,0,Inactive,7680.23,0,Retained
448,Spain,Male,25,2,0.0,2,0,No Credit Card,0,Inactive,95215.73,0,Retained
632,Germany,Male,42,6,59972.26,2,0,No Credit Card,1,Active,148172.94,0,Retained
669,Spain,Male,25,7,157228.61,2,1,Has Credit Card,0,Inactive,124382.9,0,Retained
654,Spain,Male,34,5,0.0,2,1,Has Credit Card,0,Inactive,159311.46,0,Retained
726,France,Female,38,4,0.0,2,0,No Credit Card,0,Inactive,6787.48,0,Retained
596,France,Male,21,4,210433.08,2,0,No Credit Card,1,Active,197297.77,1,Churned
733,Germany,Female,30,1,102452.71,1,1,Has Credit Card,0,Inactive,21556.95,0,Retained
529,Spain,Female,35,5,0.0,2,1,Has Credit Card,0,Inactive,56518.0,0,Retained
493,France,Female,37,8,142987.46,2,1,Has Credit Card,0,Inactive,158840.99,0,Retained
615,Spain,Female,29,7,143330.56,2,1,Has Credit Card,1,Active,126396.01,0,Retained
600,France,Female,49,6,0.0,1,0,No Credit Card,1,Active,148087.88,1,Churned
666,France,Male,36,4,120165.4,2,1,Has Credit Card,0,Inactive,33701.5,0,Retained
644,Spain,Male,54,6,0.0,1,0,No Credit Card,1,Active,84622.37,0,Retained
692,France,Female,36,4,0.0,1,1,Has Credit Card,0,Inactive,185580.89,1,Churned
707,France,Male,73,6,66573.17,1,1,Has Credit Card,1,Active,62768.8,0,Retained
603,France,Male,40,4,102833.46,2,1,Has Credit Card,1,Active,38829.11,0,Retained
671,France,Female,34,5,164757.56,1,1,Has Credit Card,0,Inactive,110748.88,0,Retained
568,Spain,Female,36,10,153610.61,1,1,Has Credit Card,1,Active,54083.8,1,Churned
598,Spain,Female,35,8,0.0,3,0,No Credit Card,1,Active,88658.73,0,Retained
606,Spain,Male,42,10,0.0,2,1,Has Credit Card,0,Inactive,177938.52,0,Retained
850,Germany,Female,36,3,169025.83,1,1,Has Credit Card,0,Inactive,174235.06,0,Retained
644,Spain,Female,26,4,153455.72,2,1,Has Credit Card,1,Active,82696.84,0,Retained
655,France,Male,37,4,0.0,2,1,Has Credit Card,1,Active,142415.97,0,Retained
850,France,Male,30,10,153972.89,2,1,Has Credit Card,0,Inactive,62811.03,0,Retained
683,Spain,Male,34,9,114609.55,2,0,No Credit Card,1,Active,25339.29,0,Retained
663,Germany,Male,37,7,143625.83,2,0,No Credit Card,1,Active,176487.05,0,Retained
682,Germany,Female,38,1,116520.28,1,1,Has Credit Card,1,Active,49833.5,1,Churned
639,France,Male,77,6,80926.02,2,1,Has Credit Card,1,Active,55829.25,0,Retained
704,France,Male,23,6,166594.78,1,1,Has Credit Card,1,Active,155823.2,0,Retained
691,France,Female,40,0,115465.98,1,1,Has Credit Card,1,Active,60622.61,0,Retained
599,France,Male,34,8,0.0,2,1,Has Credit Card,1,Active,174196.68,0,Retained
573,France,Female,36,1,0.0,1,1,Has Credit Card,1,Active,56905.38,0,Retained
589,Germany,Female,41,7,92618.62,1,1,Has Credit Card,1,Active,101178.85,0,Retained
620,Germany,Female,25,8,141825.88,1,1,Has Credit Card,1,Active,73857.94,1,Churned
647,Spain,Male,28,6,149594.02,2,1,Has Credit Card,0,Inactive,102325.19,0,Retained
737,Spain,Female,39,7,130051.66,2,0,No Credit Card,0,Inactive,55356.39,1,Churned
634,France,Female,41,7,0.0,2,1,Has Credit Card,1,Active,131284.93,0,Retained
660,France,Male,38,4,0.0,2,0,No Credit Card,0,Inactive,88080.43,0,Retained
666,Germany,Female,37,2,158468.76,1,0,No Credit Card,1,Active,93266.01,0,Retained
696,France,Male,44,8,161889.79,1,0,No Credit Card,0,Inactive,75562.47,0,Retained
836,France,Female,29,9,133681.78,1,1,Has Credit Card,1,Active,153747.73,0,Retained
667,Spain,Female,34,5,0.0,2,1,Has Credit Card,0,Inactive,163830.64,0,Retained
596,Spain,Male,20,3,187294.46,1,1,Has Credit Card,0,Inactive,103456.47,0,Retained
430,France,Male,31,5,0.0,1,1,Has Credit Card,0,Inactive,95655.16,0,Retained
596,Spain,Male,67,6,0.0,2,1,Has Credit Card,1,Active,138350.74,0,Retained
599,France,Male,28,7,119706.22,1,0,No Credit Card,0,Inactive,31190.42,0,Retained
519,France,Female,22,8,0.0,1,0,No Credit Card,1,Active,167553.06,0,Retained
721,Germany,Female,45,7,138523.2,1,0,No Credit Card,0,Inactive,59604.45,1,Churned
603,Spain,Female,56,5,90778.76,2,1,Has Credit Card,0,Inactive,162223.67,1,Churned
572,Germany,Male,47,4,99353.42,1,1,Has Credit Card,0,Inactive,196549.85,1,Churned
453,Germany,Female,40,1,111524.49,1,1,Has Credit Card,1,Active,120373.84,1,Churned
668,France,Female,37,7,128645.67,1,1,Has Credit Card,0,Inactive,92149.64,0,Retained
762,Germany,Male,35,1,117458.51,1,0,No Credit Card,1,Active,178361.48,1,Churned
633,France,Female,39,9,129189.15,2,0,No Credit Card,0,Inactive,170998.83,0,Retained
647,Spain,Male,33,7,121260.19,2,1,Has Credit Card,0,Inactive,77216.48,0,Retained
796,Spain,Male,56,6,94231.13,1,0,No Credit Card,0,Inactive,121164.6,1,Churned
733,France,Male,39,1,0.0,2,1,Has Credit Card,1,Active,141841.31,0,Retained
556,France,Male,34,8,163757.06,1,1,Has Credit Card,1,Active,104000.06,0,Retained
489,Spain,Male,58,4,0.0,2,1,Has Credit Card,1,Active,191419.32,0,Retained
639,France,Male,22,4,0.0,2,1,Has Credit Card,0,Inactive,28188.96,0,Retained
715,France,Male,35,2,141005.47,1,1,Has Credit Card,1,Active,60407.93,0,Retained
807,Germany,Female,42,9,105356.09,2,1,Has Credit Card,1,Active,130489.37,0,Retained
714,Spain,Male,34,5,0.0,2,1,Has Credit Card,0,Inactive,193040.32,0,Retained
626,Germany,Female,23,6,85897.95,1,1,Has Credit Card,0,Inactive,109742.8,0,Retained
697,France,Male,36,7,0.0,2,1,Has Credit Card,1,Active,74760.32,0,Retained
850,Germany,Female,31,4,164672.66,1,0,No Credit Card,1,Active,61936.1,0,Retained
737,Germany,Female,45,2,99169.67,2,1,Has Credit Card,1,Active,78650.95,0,Retained
812,France,Male,29,6,0.0,2,0,No Credit Card,0,Inactive,168023.6,0,Retained
583,France,Male,36,8,0.0,2,0,No Credit Card,1,Active,5571.59,0,Retained
730,Germany,Female,37,5,124053.03,1,1,Has Credit Card,0,Inactive,118591.67,0,Retained
677,France,Male,36,4,0.0,2,1,Has Credit Card,0,Inactive,7824.31,0,Retained
748,Germany,Female,40,3,103499.09,2,0,No Credit Card,0,Inactive,38153.19,0,Retained
753,Germany,Female,38,9,151766.71,1,1,Has Credit Card,1,Active,180829.99,0,Retained
634,Spain,Female,36,1,0.0,1,1,Has Credit Card,1,Active,143960.72,0,Retained
622,France,Male,29,7,101486.96,1,1,Has Credit Card,1,Active,8788.35,0,Retained
699,Germany,Male,36,2,123601.56,2,1,Has Credit Card,0,Inactive,103557.85,0,Retained
570,Germany,Male,38,1,127201.58,1,1,Has Credit Card,0,Inactive,147168.28,1,Churned
552,Germany,Male,33,3,144962.74,1,1,Has Credit Card,0,Inactive,58844.84,1,Churned
619,France,Female,48,4,0.0,1,0,No Credit Card,0,Inactive,18094.96,1,Churned
714,Spain,Male,33,8,122017.19,1,0,No Credit Card,0,Inactive,162515.17,0,Retained
503,Spain,Male,32,9,100262.88,2,1,Has Credit Card,1,Active,157921.25,0,Retained
685,Spain,Female,43,6,117302.62,1,0,No Credit Card,0,Inactive,68701.73,0,Retained
606,France,Female,35,0,135984.15,2,1,Has Credit Card,0,Inactive,186778.89,0,Retained
678,France,Male,38,3,0.0,2,1,Has Credit Card,0,Inactive,66561.6,0,Retained
724,Germany,Male,31,2,160997.54,2,0,No Credit Card,1,Active,64831.36,0,Retained
779,Germany,Female,37,2,128389.63,1,1,Has Credit Card,1,Active,6589.16,1,Churned
638,Spain,Male,35,1,0.0,2,1,Has Credit Card,0,Inactive,165370.66,0,Retained
610,Spain,Female,50,5,130554.51,3,1,Has Credit Card,0,Inactive,184758.17,1,Churned
646,Germany,Female,57,6,90212.0,1,1,Has Credit Card,0,Inactive,13911.27,1,Churned
628,France,Female,29,9,71996.29,1,1,Has Credit Card,1,Active,34857.46,0,Retained
528,France,Female,32,4,85615.66,2,1,Has Credit Card,0,Inactive,156192.43,0,Retained
432,France,Female,27,6,62339.81,2,0,No Credit Card,0,Inactive,53874.67,0,Retained
622,Spain,Female,47,6,142319.03,1,0,No Credit Card,0,Inactive,100183.05,0,Retained
721,France,Male,54,5,0.0,2,1,Has Credit Card,1,Active,4493.12,0,Retained
614,Spain,Male,36,5,0.0,2,1,Has Credit Card,0,Inactive,130610.78,0,Retained
634,France,Female,24,2,87413.19,1,1,Has Credit Card,0,Inactive,63340.65,0,Retained
742,France,Female,29,4,0.0,2,1,Has Credit Card,1,Active,180066.59,0,Retained
516,France,Female,45,4,0.0,1,1,Has Credit Card,0,Inactive,95273.73,1,Churned
718,France,Male,35,3,97560.16,1,1,Has Credit Card,1,Active,53511.74,0,Retained
636,Germany,Male,30,8,141787.31,2,1,Has Credit Card,1,Active,109685.61,0,Retained
691,Spain,Male,36,7,129934.64,1,0,No Credit Card,0,Inactive,75664.56,1,Churned
698,France,Female,37,2,166178.02,2,1,Has Credit Card,1,Active,71972.95,0,Retained
712,Spain,Female,39,5,163097.55,2,1,Has Credit Card,1,Active,23702.42,0,Retained
659,France,Male,20,8,0.0,2,0,No Credit Card,0,Inactive,112572.02,0,Retained
573,Spain,Male,44,8,0.0,2,0,No Credit Card,0,Inactive,62424.46,0,Retained
778,Germany,Female,35,1,151958.19,3,1,Has Credit Card,1,Active,131238.37,1,Churned
732,France,Male,46,0,0.0,2,1,Has Credit Card,1,Active,184350.78,0,Retained
550,Germany,Male,33,4,118400.91,1,0,No Credit Card,1,Active,13999.64,1,Churned
790,Spain,Male,20,8,0.0,2,1,Has Credit Card,0,Inactive,168152.76,0,Retained
665,Germany,Female,43,2,116322.27,4,1,Has Credit Card,0,Inactive,35640.12,1,Churned
728,Spain,Female,43,5,0.0,1,1,Has Credit Card,1,Active,120088.17,0,Retained
645,Spain,Female,29,4,0.0,2,1,Has Credit Card,1,Active,74346.11,0,Retained
647,Germany,Male,30,6,143138.91,2,1,Has Credit Card,0,Inactive,2955.46,0,Retained
596,Spain,Male,32,4,0.0,2,0,No Credit Card,1,Active,146504.35,0,Retained
610,France,Male,40,9,0.0,1,1,Has Credit Card,1,Active,149602.54,0,Retained
512,France,Male,36,0,129804.17,1,1,Has Credit Card,0,Inactive,53020.9,0,Retained
768,Germany,Male,37,9,108308.11,1,1,Has Credit Card,0,Inactive,41788.25,1,Churned
666,Germany,Male,30,3,110153.27,1,0,No Credit Card,1,Active,74849.46,0,Retained
700,Germany,Female,30,4,116377.48,1,1,Has Credit Card,1,Active,134417.31,0,Retained
651,Germany,Female,37,10,117791.06,2,1,Has Credit Card,1,Active,75837.58,0,Retained
542,Spain,Female,26,2,0.0,2,1,Has Credit Card,1,Active,54869.54,0,Retained
686,France,Female,35,8,105419.73,1,1,Has Credit Card,0,Inactive,35356.46,0,Retained
850,Germany,Female,47,4,99219.47,2,1,Has Credit Card,1,Active,122141.13,0,Retained
658,Germany,Female,55,8,119327.93,1,0,No Credit Card,1,Active,119439.66,0,Retained
448,France,Female,36,6,83947.12,2,1,Has Credit Card,0,Inactive,81999.53,0,Retained
609,Spain,Male,32,4,99883.16,1,1,Has Credit Card,1,Active,120594.85,0,Retained
704,France,Male,50,4,165438.26,1,1,Has Credit Card,0,Inactive,120770.75,1,Churned
698,France,Male,31,1,156111.24,1,0,No Credit Card,0,Inactive,134790.74,0,Retained
759,France,Male,44,2,111095.58,2,1,Has Credit Card,0,Inactive,100137.7,0,Retained
677,France,Female,56,0,119963.45,1,0,No Credit Card,0,Inactive,158325.87,1,Churned
544,Spain,Male,22,4,0.0,2,1,Has Credit Card,0,Inactive,70007.67,0,Retained
567,Spain,Male,35,8,153137.74,1,1,Has Credit Card,0,Inactive,88659.07,0,Retained
490,Spain,Male,40,6,156111.08,1,0,No Credit Card,0,Inactive,190889.13,0,Retained
626,France,Male,34,7,113014.7,2,1,Has Credit Card,1,Active,56646.28,0,Retained
718,Germany,Male,43,5,132615.73,2,1,Has Credit Card,0,Inactive,32999.1,0,Retained
616,France,Male,44,5,102016.38,1,0,No Credit Card,1,Active,178235.37,1,Churned
772,France,Female,35,9,0.0,1,0,No Credit Card,1,Active,25448.31,0,Retained
561,France,Male,32,5,0.0,2,1,Has Credit Card,0,Inactive,84871.99,0,Retained
814,France,Male,49,8,0.0,2,0,No Credit Card,0,Inactive,157822.54,0,Retained
651,France,Female,56,4,0.0,1,0,No Credit Card,0,Inactive,84383.22,1,Churned
538,Germany,Female,42,4,80380.24,1,1,Has Credit Card,0,Inactive,119216.46,0,Retained
600,France,Female,26,6,108909.12,1,1,Has Credit Card,0,Inactive,82547.01,0,Retained
654,France,Female,35,2,90865.8,1,1,Has Credit Card,1,Active,86764.46,0,Retained
622,France,Male,40,4,99799.76,2,1,Has Credit Card,0,Inactive,197372.13,0,Retained
682,France,Male,28,10,200724.96,1,0,No Credit Card,1,Active,82872.64,1,Churned
610,Spain,Female,37,10,140363.95,2,1,Has Credit Card,1,Active,129563.86,0,Retained
795,France,Female,36,1,151844.64,1,1,Has Credit Card,1,Active,135388.89,0,Retained
557,France,Female,27,2,0.0,2,0,No Credit Card,1,Active,4497.55,0,Retained
824,Germany,Male,49,8,133231.48,1,1,Has Credit Card,1,Active,67885.37,0,Retained
698,France,Male,27,7,0.0,2,1,Has Credit Card,0,Inactive,111471.55,0,Retained
630,France,Female,36,8,126598.99,2,1,Has Credit Card,1,Active,134407.93,0,Retained
609,Germany,Female,71,6,113317.1,1,1,Has Credit Card,0,Inactive,108258.22,1,Churned
694,France,Male,47,4,0.0,2,1,Has Credit Card,0,Inactive,197528.62,0,Retained
681,France,Female,58,8,93173.88,1,1,Has Credit Card,1,Active,139761.25,0,Retained
721,Spain,Female,32,10,0.0,1,1,Has Credit Card,0,Inactive,136119.96,1,Churned
563,Germany,Male,44,7,105007.31,2,1,Has Credit Card,1,Active,197812.16,0,Retained
654,Spain,Female,32,2,0.0,1,1,Has Credit Card,1,Active,51972.92,1,Churned
659,Spain,Male,27,4,0.0,2,1,Has Credit Card,0,Inactive,99341.87,0,Retained
674,Germany,Female,44,4,131593.85,1,0,No Credit Card,1,Active,171345.02,1,Churned
576,Germany,Male,44,9,119530.52,1,1,Has Credit Card,0,Inactive,119056.68,1,Churned
566,Germany,Male,54,4,118614.6,2,1,Has Credit Card,1,Active,172601.62,0,Retained
545,Germany,Male,37,9,95829.13,2,0,No Credit Card,1,Active,104936.88,0,Retained
798,France,Male,36,1,0.0,2,1,Has Credit Card,1,Active,159044.1,0,Retained
757,France,Male,38,0,0.0,1,1,Has Credit Card,0,Inactive,83263.06,0,Retained
641,France,Male,50,6,153590.73,2,1,Has Credit Card,1,Active,130910.78,0,Retained
718,France,Male,29,2,0.0,1,1,Has Credit Card,0,Inactive,126336.72,0,Retained
699,France,Male,64,9,113109.52,1,1,Has Credit Card,0,Inactive,27980.8,1,Churned
623,France,Female,35,0,130557.24,1,1,Has Credit Card,1,Active,47880.71,0,Retained
644,France,Male,40,8,93183.19,1,1,Has Credit Card,0,Inactive,73882.49,0,Retained
586,France,Male,58,7,151933.63,1,1,Has Credit Card,0,Inactive,162960.05,1,Churned
500,Germany,Male,30,2,125495.64,2,1,Has Credit Card,1,Active,68807.47,0,Retained
583,France,Female,42,7,0.0,2,1,Has Credit Card,0,Inactive,144039.05,0,Retained
595,Germany,Female,26,8,118547.72,1,1,Has Credit Card,1,Active,151192.18,0,Retained
670,Spain,Male,43,1,97792.21,1,0,No Credit Card,0,Inactive,120225.62,0,Retained
610,France,Male,41,6,0.0,3,0,No Credit Card,0,Inactive,56118.81,1,Churned
814,Spain,Female,72,2,0.0,2,0,No Credit Card,1,Active,130853.03,0,Retained
660,France,Female,40,8,167181.01,1,1,Has Credit Card,1,Active,185156.94,0,Retained
580,Germany,Male,35,9,121355.19,1,0,No Credit Card,1,Active,35671.45,0,Retained
850,France,Female,81,1,0.0,2,1,Has Credit Card,1,Active,59568.24,0,Retained
676,Spain,Male,35,0,0.0,2,0,No Credit Card,0,Inactive,139911.58,0,Retained
578,France,Male,46,5,113226.47,1,1,Has Credit Card,0,Inactive,56770.76,0,Retained
579,France,Female,33,1,118392.75,1,1,Has Credit Card,1,Active,157564.75,0,Retained
711,Germany,Female,52,8,145262.54,1,0,No Credit Card,1,Active,131473.31,0,Retained
692,France,Male,40,6,163505.16,1,0,No Credit Card,0,Inactive,90424.09,0,Retained
760,Spain,Female,33,1,118114.28,2,0,No Credit Card,1,Active,156660.21,0,Retained
630,Germany,Female,51,0,108449.23,3,0,No Credit Card,0,Inactive,88372.69,1,Churned
808,France,Male,32,1,0.0,2,1,Has Credit Card,1,Active,46200.71,0,Retained
611,Germany,Female,36,10,103294.56,1,1,Has Credit Card,0,Inactive,160548.12,0,Retained
697,France,Female,42,1,0.0,1,1,Has Credit Card,0,Inactive,1262.83,1,Churned
655,France,Female,38,6,0.0,1,1,Has Credit Card,1,Active,188639.28,0,Retained
601,Spain,Male,28,6,0.0,2,1,Has Credit Card,0,Inactive,14665.28,0,Retained
755,France,Male,42,2,119919.12,1,1,Has Credit Card,0,Inactive,156868.21,0,Retained
553,France,Male,37,1,0.0,1,1,Has Credit Card,0,Inactive,30461.55,0,Retained
723,France,Male,28,4,0.0,2,1,Has Credit Card,1,Active,123885.88,0,Retained
507,Spain,Female,34,4,0.0,2,1,Has Credit Card,1,Active,60688.38,0,Retained
777,France,Male,43,1,0.0,2,1,Has Credit Card,0,Inactive,21785.91,0,Retained
566,France,Male,34,3,0.0,1,0,No Credit Card,0,Inactive,188135.69,0,Retained
732,France,Male,26,7,0.0,2,1,Has Credit Card,0,Inactive,154364.66,0,Retained
697,France,Female,42,10,0.0,2,1,Has Credit Card,0,Inactive,61312.15,0,Retained
555,France,Male,29,4,128744.04,1,1,Has Credit Card,1,Active,47454.93,0,Retained
584,Germany,Female,62,9,137727.34,2,0,No Credit Card,1,Active,121102.9,0,Retained
705,Germany,Female,44,10,106731.58,1,1,Has Credit Card,0,Inactive,137419.87,1,Churned
688,France,Female,38,7,123544.21,1,1,Has Credit Card,1,Active,157664.02,0,Retained
626,France,Female,37,2,133968.96,2,1,Has Credit Card,0,Inactive,148689.65,0,Retained
636,Spain,Male,76,9,126534.6,1,1,Has Credit Card,1,Active,39789.62,0,Retained
719,Spain,Female,35,8,0.0,1,1,Has Credit Card,1,Active,165162.4,0,Retained
706,Spain,Male,30,6,87609.68,2,0,No Credit Card,0,Inactive,137674.55,1,Churned
731,Spain,Male,41,3,0.0,2,1,Has Credit Card,0,Inactive,101371.72,0,Retained
738,Spain,Male,49,3,0.0,3,1,Has Credit Card,1,Active,65066.48,1,Churned
426,France,Male,34,9,0.0,2,1,Has Credit Card,0,Inactive,107876.91,0,Retained
622,Spain,Female,36,0,108960.0,2,1,Has Credit Card,0,Inactive,111180.3,1,Churned
701,Spain,Female,30,2,0.0,2,1,Has Credit Card,0,Inactive,115650.63,0,Retained
512,France,Male,51,6,144953.31,1,1,Has Credit Card,1,Active,165035.17,0,Retained
635,France,Male,41,4,103544.88,2,1,Has Credit Card,0,Inactive,193746.55,0,Retained
685,France,Male,33,6,0.0,1,1,Has Credit Card,0,Inactive,58458.26,0,Retained
609,France,Male,53,7,0.0,2,0,No Credit Card,1,Active,52332.85,0,Retained
598,Germany,Male,38,1,101487.18,1,1,Has Credit Card,1,Active,75959.1,1,Churned
708,France,Male,52,10,105355.81,1,1,Has Credit Card,0,Inactive,123.07,1,Churned
574,Spain,Male,36,4,77967.5,1,1,Has Credit Card,0,Inactive,167066.95,1,Churned
629,France,Male,44,5,0.0,4,0,No Credit Card,0,Inactive,117572.59,1,Churned
422,Spain,Female,54,4,0.0,2,1,Has Credit Card,1,Active,7166.71,0,Retained
656,Spain,Male,28,8,120047.77,1,1,Has Credit Card,1,Active,137173.39,0,Retained
697,France,Male,32,7,175464.85,3,1,Has Credit Card,0,Inactive,116442.42,1,Churned
718,France,Male,52,8,79475.3,3,1,Has Credit Card,1,Active,32421.32,1,Churned
586,Germany,Male,37,8,167735.69,2,0,No Credit Card,1,Active,104665.79,0,Retained
481,Spain,Female,37,8,0.0,2,1,Has Credit Card,0,Inactive,44215.86,0,Retained
749,France,Female,33,1,74385.98,1,1,Has Credit Card,0,Inactive,20164.47,0,Retained
561,Germany,Male,49,5,94754.0,1,1,Has Credit Card,1,Active,26691.31,0,Retained
676,Spain,Male,27,4,0.0,1,0,No Credit Card,1,Active,107955.67,0,Retained
615,Germany,Male,43,3,86920.86,1,1,Has Credit Card,1,Active,150048.37,0,Retained
582,France,Female,39,1,132077.48,2,1,Has Credit Card,0,Inactive,192255.15,0,Retained
601,France,Male,40,10,127847.86,1,0,No Credit Card,0,Inactive,173245.68,0,Retained
708,France,Male,34,3,0.0,1,0,No Credit Card,1,Active,121457.88,1,Churned
708,Germany,Male,42,9,176702.36,2,1,Has Credit Card,1,Active,104804.74,0,Retained
797,Germany,Female,33,10,83555.58,1,0,No Credit Card,0,Inactive,69767.14,0,Retained
682,France,Male,26,8,0.0,2,1,Has Credit Card,0,Inactive,178373.43,0,Retained
694,Spain,Female,39,9,0.0,2,0,No Credit Card,0,Inactive,99924.04,0,Retained
490,France,Female,40,1,0.0,1,1,Has Credit Card,1,Active,49594.19,1,Churned
828,Spain,Male,42,10,0.0,1,1,Has Credit Card,1,Active,186071.14,0,Retained
594,Spain,Female,38,7,96858.35,1,1,Has Credit Card,0,Inactive,77511.45,0,Retained
579,Spain,Male,33,1,0.0,2,1,Has Credit Card,1,Active,54816.57,0,Retained
723,France,Female,35,0,0.0,2,0,No Credit Card,1,Active,61290.99,0,Retained
619,Germany,Female,42,8,132796.04,3,1,Has Credit Card,1,Active,191821.35,1,Churned
794,Spain,Female,30,1,154970.54,1,0,No Credit Card,1,Active,156768.45,0,Retained
674,Germany,Male,44,3,88902.21,1,1,Has Credit Card,0,Inactive,73731.32,0,Retained
418,France,Male,28,7,98738.92,1,1,Has Credit Card,0,Inactive,122190.22,0,Retained
502,France,Male,33,8,0.0,2,1,Has Credit Card,1,Active,123509.01,0,Retained
678,France,Female,50,6,0.0,1,1,Has Credit Card,0,Inactive,8199.5,0,Retained
599,Germany,Male,40,10,137456.28,2,1,Has Credit Card,1,Active,14113.11,0,Retained
736,France,Male,29,4,0.0,2,0,No Credit Card,0,Inactive,51705.01,0,Retained
430,France,Female,60,7,73937.02,1,1,Has Credit Card,0,Inactive,161937.62,1,Churned
537,France,Female,45,7,158621.04,1,1,Has Credit Card,0,Inactive,120892.96,1,Churned
683,Spain,Male,30,1,113257.2,1,1,Has Credit Card,1,Active,65035.02,0,Retained
828,France,Male,31,9,0.0,1,0,No Credit Card,1,Active,164257.37,0,Retained
691,France,Female,29,9,116536.43,1,1,Has Credit Card,0,Inactive,51987.99,0,Retained
608,Spain,Female,28,4,0.0,2,1,Has Credit Card,0,Inactive,10899.63,1,Churned
691,France,Female,60,6,101070.69,1,1,Has Credit Card,0,Inactive,177355.8,1,Churned
718,Spain,Male,39,6,0.0,2,0,No Credit Card,1,Active,63889.1,0,Retained
680,Germany,Female,31,3,127331.46,3,1,Has Credit Card,1,Active,176433.6,0,Retained
838,Spain,Female,41,5,0.0,2,1,Has Credit Card,0,Inactive,81313.51,0,Retained
695,Spain,Female,31,5,0.0,2,0,No Credit Card,1,Active,13998.88,0,Retained
681,France,Male,46,0,105969.42,1,1,Has Credit Card,0,Inactive,5771.56,0,Retained
762,France,Male,36,5,119547.46,1,1,Has Credit Card,1,Active,42693.65,0,Retained
751,Spain,Male,38,7,0.0,2,0,No Credit Card,0,Inactive,90839.61,0,Retained
678,Spain,Male,28,5,138668.18,1,1,Has Credit Card,1,Active,54144.01,0,Retained
634,France,Female,37,7,51582.5,2,1,Has Credit Card,1,Active,184312.88,0,Retained
749,France,Male,37,7,0.0,2,1,Has Credit Card,0,Inactive,20306.79,0,Retained
590,Spain,Male,37,6,169902.92,1,1,Has Credit Card,1,Active,128256.18,0,Retained
610,France,Female,27,4,87262.4,2,1,Has Credit Card,0,Inactive,182720.07,0,Retained
502,France,Male,33,7,0.0,2,0,No Credit Card,1,Active,4082.52,0,Retained
578,France,Female,40,7,0.0,2,0,No Credit Card,0,Inactive,102233.73,0,Retained
547,France,Female,32,2,0.0,2,1,Has Credit Card,0,Inactive,132002.83,0,Retained
579,France,Female,27,9,0.0,2,1,Has Credit Card,0,Inactive,126838.7,0,Retained
661,France,Male,39,5,0.0,2,0,No Credit Card,0,Inactive,181461.46,0,Retained
794,France,Male,46,6,0.0,2,1,Has Credit Card,0,Inactive,195325.74,0,Retained
719,France,Male,61,5,0.0,2,0,No Credit Card,1,Active,29132.43,0,Retained
728,France,Female,69,1,0.0,2,1,Has Credit Card,1,Active,131804.86,0,Retained
598,Germany,Male,19,3,150348.37,1,1,Has Credit Card,1,Active,173784.04,0,Retained
822,Germany,Female,46,3,115074.02,2,1,Has Credit Card,0,Inactive,26249.86,0,Retained
670,Spain,Female,40,3,0.0,1,1,Has Credit Card,1,Active,182650.15,0,Retained
850,France,Male,28,8,99986.98,1,1,Has Credit Card,0,Inactive,196582.55,0,Retained
723,Germany,Female,68,3,110357.0,1,0,No Credit Card,0,Inactive,141977.54,1,Churned
705,Germany,Male,42,8,166685.92,2,1,Has Credit Card,1,Active,55313.51,0,Retained
677,Spain,Male,40,7,95312.8,1,1,Has Credit Card,1,Active,62944.75,0,Retained
736,France,Male,43,4,202443.47,1,1,Has Credit Card,0,Inactive,72375.03,0,Retained
661,Germany,Female,47,0,109493.62,1,0,No Credit Card,0,Inactive,188324.01,1,Churned
501,Germany,Male,38,9,88977.39,2,0,No Credit Card,1,Active,133403.07,0,Retained
516,France,Female,29,2,104982.57,1,1,Has Credit Card,0,Inactive,157378.5,0,Retained
517,Germany,Female,59,8,154110.99,2,1,Has Credit Card,0,Inactive,101240.08,1,Churned
766,France,Male,32,6,185714.28,1,1,Has Credit Card,1,Active,102502.5,0,Retained
520,Germany,Female,23,3,116022.53,2,1,Has Credit Card,1,Active,37577.66,0,Retained
541,France,Male,46,6,0.0,2,1,Has Credit Card,1,Active,83456.67,0,Retained
790,Germany,Female,34,2,164011.48,1,1,Has Credit Card,0,Inactive,199420.41,0,Retained
797,France,Male,31,9,0.0,2,1,Has Credit Card,1,Active,24748.89,0,Retained
811,France,Male,40,1,101514.89,1,1,Has Credit Card,1,Active,121765.0,0,Retained
722,Spain,Female,32,4,0.0,2,1,Has Credit Card,1,Active,113666.48,0,Retained
675,France,Male,28,9,0.0,1,1,Has Credit Card,0,Inactive,134110.93,0,Retained
660,Germany,Male,39,9,134599.33,2,1,Has Credit Card,0,Inactive,183095.87,0,Retained
566,Spain,Male,32,10,147511.26,1,1,Has Credit Card,1,Active,159891.03,0,Retained
768,France,Male,25,0,78396.08,1,1,Has Credit Card,1,Active,8316.19,0,Retained
610,Spain,Female,31,5,0.0,2,0,No Credit Card,0,Inactive,63736.36,0,Retained
715,France,Female,31,3,110581.29,1,1,Has Credit Card,1,Active,94715.24,0,Retained
750,Germany,Male,42,8,151836.36,2,1,Has Credit Card,0,Inactive,68695.38,0,Retained
431,Germany,Male,45,5,83624.55,2,0,No Credit Card,0,Inactive,36899.62,0,Retained
704,France,Male,24,2,148197.15,2,1,Has Credit Card,0,Inactive,182775.08,0,Retained
535,Spain,Female,30,5,122924.75,1,0,No Credit Card,0,Inactive,62390.59,1,Churned
614,France,Female,38,4,72594.0,1,1,Has Credit Card,1,Active,76042.48,0,Retained
748,France,Male,38,4,115221.36,1,0,No Credit Card,1,Active,70956.75,0,Retained
492,Germany,Male,51,8,117808.74,2,1,Has Credit Card,1,Active,67311.12,0,Retained
573,France,Male,40,7,147754.68,1,1,Has Credit Card,1,Active,110454.46,0,Retained
706,Spain,Female,53,3,0.0,3,0,No Credit Card,0,Inactive,88479.02,1,Churned
680,France,Male,31,10,113292.17,1,1,Has Credit Card,1,Active,122639.73,0,Retained
458,Spain,Male,36,5,0.0,2,1,Has Credit Card,0,Inactive,79723.78,0,Retained
612,Germany,Male,44,2,115163.38,1,1,Has Credit Card,1,Active,97677.52,1,Churned
809,Germany,Male,50,10,118098.62,1,1,Has Credit Card,1,Active,100720.02,1,Churned
590,France,Male,39,9,0.0,2,1,Has Credit Card,1,Active,104730.52,0,Retained
602,France,Male,35,8,0.0,1,1,Has Credit Card,1,Active,22499.29,0,Retained
540,Spain,Male,37,0,120825.7,1,1,Has Credit Card,0,Inactive,28257.89,0,Retained
494,France,Male,25,6,0.0,2,0,No Credit Card,1,Active,109988.09,0,Retained
797,France,Male,29,1,0.0,1,0,No Credit Card,1,Active,149991.32,0,Retained
526,Germany,Male,61,6,133845.28,2,1,Has Credit Card,1,Active,45180.8,0,Retained
631,Spain,Male,38,7,0.0,2,1,Has Credit Card,0,Inactive,181605.85,0,Retained
576,France,Female,29,5,108541.04,1,1,Has Credit Card,1,Active,126469.09,0,Retained
405,France,Male,39,10,0.0,1,1,Has Credit Card,0,Inactive,160810.85,1,Churned
555,France,Male,30,1,0.0,2,0,No Credit Card,0,Inactive,88146.86,0,Retained
750,Spain,Female,37,2,113817.06,1,0,No Credit Card,0,Inactive,88333.74,0,Retained
665,France,Male,28,8,137300.23,1,1,Has Credit Card,0,Inactive,90174.83,0,Retained
640,Spain,Male,37,5,158024.38,1,1,Has Credit Card,0,Inactive,81298.09,0,Retained
457,France,Female,33,7,127837.54,1,0,No Credit Card,1,Active,60013.17,0,Retained
695,France,Male,36,4,161533.0,1,1,Has Credit Card,0,Inactive,100940.91,0,Retained
645,France,Male,31,7,161171.7,2,1,Has Credit Card,0,Inactive,12599.94,1,Churned
647,Spain,Male,32,9,80958.36,1,1,Has Credit Card,1,Active,128590.73,0,Retained
808,Spain,Male,25,7,0.0,2,0,No Credit Card,1,Active,23180.37,0,Retained
641,France,Male,33,2,146193.6,2,1,Has Credit Card,1,Active,55796.83,1,Churned
700,Spain,Male,29,8,0.0,2,0,No Credit Card,1,Active,152097.02,0,Retained
660,Germany,Male,26,4,115021.76,1,0,No Credit Card,1,Active,162443.05,0,Retained
615,Spain,Male,41,1,126773.43,1,1,Has Credit Card,1,Active,55551.26,0,Retained
705,Germany,Female,40,3,92889.91,1,1,Has Credit Card,1,Active,109496.69,0,Retained
718,France,Male,48,9,0.0,2,1,Has Credit Card,1,Active,72105.63,0,Retained
754,France,Male,61,5,146622.35,1,1,Has Credit Card,1,Active,41815.22,1,Churned
713,Germany,Male,45,4,131038.14,1,1,Has Credit Card,0,Inactive,74005.04,1,Churned
587,France,Female,46,6,88820.29,1,0,No Credit Card,0,Inactive,70224.34,0,Retained
569,Spain,Male,31,1,115406.97,1,0,No Credit Card,0,Inactive,145528.22,0,Retained
568,France,Female,38,3,132951.92,1,0,No Credit Card,1,Active,124486.28,0,Retained
634,Germany,Male,74,5,108891.7,1,1,Has Credit Card,0,Inactive,10078.02,0,Retained
770,Germany,Female,46,5,141788.63,2,0,No Credit Card,0,Inactive,164967.21,0,Retained
676,Spain,Female,64,4,116954.32,1,1,Has Credit Card,1,Active,91149.48,0,Retained
723,Germany,Female,47,10,90450.0,2,0,No Credit Card,0,Inactive,103379.31,1,Churned
614,Germany,Female,39,8,125997.22,1,1,Has Credit Card,1,Active,128049.34,1,Churned
601,Spain,Female,41,3,0.0,2,1,Has Credit Card,0,Inactive,54342.83,0,Retained
592,France,Male,60,9,0.0,4,1,Has Credit Card,1,Active,13614.01,1,Churned
605,Spain,Female,36,9,0.0,2,0,No Credit Card,1,Active,35521.63,0,Retained
752,Spain,Female,31,4,144637.86,2,1,Has Credit Card,0,Inactive,40496.72,0,Retained
677,France,Female,29,3,86616.35,1,0,No Credit Card,0,Inactive,91903.9,1,Churned
850,France,Male,31,8,0.0,2,1,Has Credit Card,0,Inactive,178667.7,0,Retained
608,Germany,Female,48,2,127924.25,2,1,Has Credit Card,0,Inactive,32202.61,0,Retained
786,Spain,Female,34,9,0.0,2,1,Has Credit Card,0,Inactive,117034.32,0,Retained
777,France,Female,29,9,131240.61,1,1,Has Credit Card,1,Active,163746.09,1,Churned
667,Spain,Male,31,5,0.0,2,1,Has Credit Card,1,Active,20346.69,0,Retained
848,Spain,Male,35,5,120046.74,2,1,Has Credit Card,0,Inactive,84710.65,0,Retained
486,France,Female,39,8,97819.36,1,0,No Credit Card,1,Active,120531.31,0,Retained
598,Spain,Female,64,1,62979.93,1,1,Has Credit Card,1,Active,152273.57,0,Retained
506,France,Female,40,3,0.0,1,1,Has Credit Card,1,Active,144345.58,0,Retained
612,Germany,Male,46,9,161450.03,1,1,Has Credit Card,1,Active,96961.0,1,Churned
545,France,Male,30,3,0.0,2,1,Has Credit Card,0,Inactive,170307.43,0,Retained
793,France,Male,56,8,119496.25,2,1,Has Credit Card,0,Inactive,29880.99,0,Retained
682,France,Female,30,9,0.0,2,1,Has Credit Card,1,Active,195104.91,0,Retained
517,France,Male,62,1,43772.66,3,1,Has Credit Card,0,Inactive,187756.24,1,Churned
684,France,Male,32,9,100249.41,2,0,No Credit Card,1,Active,67599.69,0,Retained
692,Spain,Male,46,2,0.0,2,1,Has Credit Card,1,Active,105983.09,0,Retained
740,France,Female,60,5,108028.08,2,0,No Credit Card,0,Inactive,25980.42,1,Churned
666,Germany,Male,71,1,53013.29,2,1,Has Credit Card,1,Active,112222.64,0,Retained
693,France,Male,68,2,0.0,2,1,Has Credit Card,1,Active,59864.96,0,Retained
757,Germany,Male,33,1,122088.67,1,1,Has Credit Card,0,Inactive,42581.09,0,Retained
684,Germany,Male,18,9,90544.0,1,0,No Credit Card,1,Active,4777.23,0,Retained
691,Spain,Male,35,6,0.0,2,0,No Credit Card,1,Active,178038.17,0,Retained
842,France,Male,44,3,141252.18,4,0,No Credit Card,1,Active,128521.16,1,Churned
482,France,Female,35,5,147813.05,2,0,No Credit Card,0,Inactive,109029.72,0,Retained
735,France,Male,55,6,134140.68,1,1,Has Credit Card,0,Inactive,2267.88,0,Retained
681,France,Female,63,7,0.0,2,1,Has Credit Card,1,Active,55054.48,0,Retained
616,France,Female,31,8,0.0,1,0,No Credit Card,1,Active,76456.17,0,Retained
850,France,Female,35,2,128548.49,4,1,Has Credit Card,0,Inactive,75478.95,1,Churned
635,France,Male,43,10,122198.21,2,0,No Credit Card,1,Active,179144.54,0,Retained
638,Germany,Male,42,8,145177.84,1,1,Has Credit Card,0,Inactive,193471.74,1,Churned
820,Spain,Female,31,2,94222.53,1,1,Has Credit Card,0,Inactive,103570.8,0,Retained
694,Germany,Female,58,1,143212.22,1,0,No Credit Card,0,Inactive,102628.56,1,Churned
713,France,Male,41,3,0.0,2,1,Has Credit Card,0,Inactive,55772.04,0,Retained
543,Germany,Male,41,6,143350.41,1,1,Has Credit Card,1,Active,192070.16,1,Churned
649,France,Female,41,3,130931.83,1,1,Has Credit Card,1,Active,144808.37,0,Retained
777,France,Female,30,4,137851.31,1,1,Has Credit Card,0,Inactive,5008.23,1,Churned
561,France,Male,33,6,0.0,2,0,No Credit Card,0,Inactive,173680.39,0,Retained
724,Spain,Male,41,5,0.0,1,0,No Credit Card,1,Active,115753.94,0,Retained
665,Spain,Female,51,8,0.0,1,1,Has Credit Card,1,Active,38928.48,1,Churned
441,France,Male,60,1,140614.15,1,0,No Credit Card,1,Active,174381.23,0,Retained
579,Spain,Male,22,3,118680.57,1,1,Has Credit Card,1,Active,49829.8,0,Retained
777,Germany,Male,35,7,122917.69,1,1,Has Credit Card,1,Active,76169.68,0,Retained
739,France,Female,36,0,0.0,2,0,No Credit Card,0,Inactive,133465.57,0,Retained
660,France,Male,40,5,131754.11,2,1,Has Credit Card,1,Active,38761.61,0,Retained
554,France,Female,35,8,0.0,2,1,Has Credit Card,1,Active,176779.46,0,Retained
850,France,Female,24,6,0.0,2,1,Has Credit Card,1,Active,13159.9,0,Retained
842,Germany,Female,35,9,119948.09,1,1,Has Credit Card,0,Inactive,48217.97,1,Churned
785,France,Female,38,1,0.0,1,1,Has Credit Card,0,Inactive,134964.85,1,Churned
550,France,Male,25,0,0.0,2,1,Has Credit Card,1,Active,184221.11,0,Retained
750,Spain,Female,39,6,0.0,2,0,No Credit Card,0,Inactive,19264.33,0,Retained
490,Spain,Female,38,3,97266.1,1,1,Has Credit Card,1,Active,92797.23,0,Retained
605,Germany,Male,28,10,113690.83,1,1,Has Credit Card,0,Inactive,33114.24,0,Retained
563,Spain,Female,42,6,99056.22,2,1,Has Credit Card,0,Inactive,154347.95,1,Churned
675,France,Male,34,8,0.0,2,1,Has Credit Card,1,Active,184842.21,0,Retained
621,Spain,Female,36,7,116338.68,1,1,Has Credit Card,1,Active,155743.48,0,Retained
850,France,Male,40,6,97339.99,1,0,No Credit Card,1,Active,88815.25,0,Retained
711,France,Male,41,3,0.0,2,1,Has Credit Card,1,Active,193747.57,0,Retained
549,Germany,Female,55,1,137592.31,2,0,No Credit Card,1,Active,116548.02,1,Churned
764,Germany,Male,34,6,108760.27,2,1,Has Credit Card,0,Inactive,166324.79,1,Churned
627,Germany,Male,30,3,128770.88,2,1,Has Credit Card,1,Active,40199.01,0,Retained
850,France,Female,34,2,0.0,2,0,No Credit Card,0,Inactive,51919.04,0,Retained
614,Spain,Female,36,1,44054.84,1,1,Has Credit Card,1,Active,73329.08,0,Retained
685,Germany,Female,44,2,119657.53,1,1,Has Credit Card,0,Inactive,145387.05,1,Churned
683,Germany,Female,49,7,108797.63,2,0,No Credit Card,0,Inactive,140763.18,0,Retained
643,Spain,Male,35,2,0.0,2,0,No Credit Card,0,Inactive,67979.35,0,Retained
561,Germany,Female,49,1,102025.32,1,1,Has Credit Card,0,Inactive,133051.64,1,Churned
601,Spain,Female,20,9,122446.61,2,1,Has Credit Card,0,Inactive,86791.9,0,Retained
766,France,Female,27,7,158786.67,2,0,No Credit Card,1,Active,47579.25,0,Retained
699,France,Male,29,3,125689.29,1,1,Has Credit Card,1,Active,151623.71,0,Retained
850,Germany,Male,29,1,154640.41,1,1,Has Credit Card,1,Active,164039.51,0,Retained
792,Germany,Female,50,4,146710.76,1,1,Has Credit Card,0,Inactive,16528.4,1,Churned
636,Germany,Male,67,7,136709.35,1,0,No Credit Card,1,Active,66753.1,1,Churned
850,Germany,Male,43,5,129305.09,2,0,No Credit Card,1,Active,19244.58,0,Retained
628,Spain,Male,40,10,0.0,2,1,Has Credit Card,0,Inactive,103832.58,0,Retained
736,France,Female,63,10,0.0,2,0,No Credit Card,1,Active,502.7,0,Retained
711,France,Female,21,0,82844.33,2,0,No Credit Card,1,Active,1408.68,0,Retained
583,Spain,Female,22,2,0.0,2,0,No Credit Card,1,Active,5985.36,0,Retained
757,France,Male,46,0,0.0,2,1,Has Credit Card,0,Inactive,37460.05,0,Retained
749,Germany,Female,33,10,76692.22,1,0,No Credit Card,1,Active,30396.43,0,Retained
705,France,Male,34,7,117715.84,1,1,Has Credit Card,0,Inactive,2498.67,0,Retained
585,France,Male,54,8,87105.32,1,1,Has Credit Card,1,Active,55346.14,0,Retained
437,France,Female,43,6,0.0,1,1,Has Credit Card,0,Inactive,148330.97,1,Churned
741,France,Female,64,2,69311.16,1,1,Has Credit Card,1,Active,59237.72,0,Retained
738,France,Male,26,9,0.0,2,1,Has Credit Card,1,Active,48644.94,0,Retained
586,Spain,Female,33,10,66948.67,2,1,Has Credit Card,1,Active,140759.03,0,Retained
627,France,Female,57,9,0.0,2,1,Has Credit Card,1,Active,107712.42,0,Retained
551,Spain,Male,76,2,128410.71,2,1,Has Credit Card,1,Active,181718.73,0,Retained
606,Germany,Male,38,3,99897.53,1,0,No Credit Card,0,Inactive,37054.65,0,Retained
674,France,Male,22,3,0.0,1,1,Has Credit Card,1,Active,173940.59,0,Retained
584,Germany,Female,31,6,152622.34,1,1,Has Credit Card,0,Inactive,99298.8,0,Retained
590,France,Male,40,8,0.0,2,1,Has Credit Card,0,Inactive,62933.03,0,Retained
585,France,Male,56,4,138227.19,2,1,Has Credit Card,1,Active,55287.84,0,Retained
508,France,Female,25,2,111395.53,1,0,No Credit Card,1,Active,48197.06,0,Retained
458,Germany,Male,44,7,84386.57,1,1,Has Credit Card,0,Inactive,178642.73,0,Retained
692,France,Female,36,3,0.0,2,1,Has Credit Card,1,Active,8282.22,0,Retained
502,Germany,Male,33,5,174673.65,2,1,Has Credit Card,0,Inactive,33300.56,0,Retained
518,France,Male,46,3,0.0,2,1,Has Credit Card,0,Inactive,76515.79,0,Retained
660,Germany,Male,46,5,109019.65,2,1,Has Credit Card,1,Active,33680.56,0,Retained
698,Germany,Female,52,1,107906.75,1,1,Has Credit Card,0,Inactive,168886.39,1,Churned
678,France,Male,54,7,128914.97,1,0,No Credit Card,0,Inactive,191746.23,1,Churned
773,Spain,Male,63,9,111179.83,1,1,Has Credit Card,1,Active,93091.02,0,Retained
619,Germany,Female,52,8,124099.13,1,0,No Credit Card,0,Inactive,23904.52,0,Retained
684,Germany,Male,59,9,122471.09,1,0,No Credit Card,1,Active,15807.07,0,Retained
635,France,Male,34,3,134692.4,2,1,Has Credit Card,1,Active,83773.02,0,Retained
680,France,Female,25,4,123816.5,1,1,Has Credit Card,1,Active,90162.35,0,Retained
608,Germany,Male,34,3,106288.54,1,1,Has Credit Card,1,Active,36639.25,0,Retained
603,Germany,Female,55,7,127723.25,2,1,Has Credit Card,0,Inactive,139469.11,1,Churned
579,Spain,Male,43,2,145843.82,1,1,Has Credit Card,1,Active,198402.37,1,Churned
756,Germany,Female,34,2,148200.72,1,0,No Credit Card,0,Inactive,194584.48,0,Retained
611,France,Male,30,2,104145.65,1,0,No Credit Card,0,Inactive,159629.64,0,Retained
532,Germany,Male,24,8,142755.25,1,0,No Credit Card,0,Inactive,34231.48,0,Retained
684,Germany,Female,63,3,81245.79,1,1,Has Credit Card,0,Inactive,69643.31,1,Churned
647,Germany,Female,33,3,168560.46,2,0,No Credit Card,0,Inactive,90270.16,0,Retained
583,France,Male,38,8,0.0,1,1,Has Credit Card,0,Inactive,47848.56,0,Retained
774,Germany,Male,42,2,132193.94,2,1,Has Credit Card,1,Active,162865.52,0,Retained
677,France,Male,58,9,0.0,1,0,No Credit Card,1,Active,168650.4,0,Retained
542,Germany,Male,25,8,139330.1,1,0,No Credit Card,0,Inactive,54372.37,0,Retained
613,Spain,Male,29,0,0.0,2,0,No Credit Card,1,Active,133897.32,0,Retained
666,France,Male,40,5,0.0,2,1,Has Credit Card,0,Inactive,147878.05,0,Retained
777,France,Female,28,2,134571.5,1,0,No Credit Card,1,Active,118313.38,0,Retained
581,Germany,Male,50,2,143829.2,2,1,Has Credit Card,0,Inactive,181224.24,1,Churned
705,France,Male,32,7,0.0,2,1,Has Credit Card,0,Inactive,7921.57,0,Retained
673,France,Female,44,8,133444.97,1,0,No Credit Card,1,Active,5708.19,0,Retained
594,Germany,Female,23,4,104753.84,2,1,Has Credit Card,0,Inactive,56756.52,1,Churned
648,Germany,Female,51,2,116574.84,1,1,Has Credit Card,0,Inactive,4121.04,1,Churned
605,France,Male,41,10,0.0,2,0,No Credit Card,1,Active,97213.09,0,Retained
734,France,Female,40,9,176914.8,1,1,Has Credit Card,1,Active,12799.23,0,Retained
572,France,Female,36,8,68348.18,2,0,No Credit Card,1,Active,50400.32,0,Retained
595,France,Female,33,9,0.0,2,1,Has Credit Card,1,Active,41447.86,0,Retained
749,France,Male,42,2,56726.83,2,0,No Credit Card,1,Active,185543.35,0,Retained
573,Spain,Male,46,3,65269.23,1,0,No Credit Card,1,Active,189988.65,1,Churned
624,Spain,Male,33,6,66220.17,1,0,No Credit Card,1,Active,170819.01,0,Retained
703,France,Male,56,9,0.0,1,0,No Credit Card,0,Inactive,85547.33,1,Churned
665,France,Female,41,8,96147.55,1,1,Has Credit Card,0,Inactive,137037.97,0,Retained
648,France,Male,42,4,0.0,2,1,Has Credit Card,0,Inactive,19283.14,0,Retained
850,Spain,Male,48,2,0.0,1,1,Has Credit Card,0,Inactive,169425.3,1,Churned
569,Germany,Female,32,8,145330.43,1,1,Has Credit Card,1,Active,132038.65,0,Retained
566,France,Female,21,3,0.0,2,1,Has Credit Card,1,Active,3626.47,0,Retained
537,Germany,Female,47,4,124192.28,2,1,Has Credit Card,1,Active,50881.51,0,Retained
706,Germany,Female,46,7,111288.18,1,1,Has Credit Card,1,Active,149170.25,1,Churned
734,France,Male,43,7,107805.67,1,0,No Credit Card,0,Inactive,182505.68,0,Retained
586,Germany,Female,36,5,103700.69,1,1,Has Credit Card,0,Inactive,194072.56,1,Churned
612,France,Female,38,1,0.0,2,1,Has Credit Card,1,Active,9209.21,0,Retained
648,France,Male,34,0,0.0,1,1,Has Credit Card,1,Active,167931.81,0,Retained
557,France,Female,27,3,87739.08,1,1,Has Credit Card,1,Active,123096.56,0,Retained
643,Spain,Female,20,0,133313.34,1,1,Has Credit Card,1,Active,3965.69,0,Retained
433,France,Female,49,10,0.0,1,1,Has Credit Card,1,Active,87711.61,0,Retained
643,Germany,Male,41,7,154902.66,1,1,Has Credit Card,1,Active,49667.28,0,Retained
488,France,Female,36,0,0.0,2,1,Has Credit Card,0,Inactive,136675.22,0,Retained
758,Germany,Male,68,6,112595.85,1,1,Has Credit Card,0,Inactive,35865.44,1,Churned
743,Germany,Male,39,3,119695.75,1,0,No Credit Card,1,Active,26136.13,0,Retained
730,France,Female,47,7,0.0,1,1,Has Credit Card,0,Inactive,33373.26,1,Churned
746,Spain,Male,49,7,0.0,2,0,No Credit Card,1,Active,10096.25,0,Retained
666,Germany,Female,59,8,152614.51,2,1,Has Credit Card,1,Active,188782.3,0,Retained
580,Germany,Female,33,7,131647.01,2,0,No Credit Card,0,Inactive,79775.19,0,Retained
850,France,Male,27,6,96654.72,2,0,No Credit Card,0,Inactive,152740.16,0,Retained
563,France,Male,22,3,137583.04,1,0,No Credit Card,1,Active,5791.85,0,Retained
766,Germany,Female,28,3,62717.84,2,1,Has Credit Card,1,Active,13182.43,0,Retained
659,France,Male,32,9,95377.13,1,0,No Credit Card,1,Active,187551.24,0,Retained
607,Spain,Male,28,1,135936.1,2,1,Has Credit Card,1,Active,110560.14,0,Retained
644,Germany,Male,35,5,161591.11,3,1,Has Credit Card,1,Active,63795.62,0,Retained
746,France,Male,47,8,142382.03,1,1,Has Credit Card,1,Active,62086.62,0,Retained
588,Spain,Male,33,2,0.0,2,1,Has Credit Card,1,Active,12483.56,0,Retained
691,Spain,Male,30,9,0.0,2,0,No Credit Card,1,Active,10963.04,0,Retained
666,France,Female,38,6,127043.09,1,1,Has Credit Card,1,Active,8247.0,0,Retained
640,Spain,Female,46,3,0.0,1,1,Has Credit Card,1,Active,156260.08,0,Retained
611,Germany,Female,29,4,78885.88,2,1,Has Credit Card,1,Active,26927.69,0,Retained
651,Spain,Female,45,8,95922.9,1,1,Has Credit Card,0,Inactive,84782.42,1,Churned
529,France,Female,29,8,0.0,2,1,Has Credit Card,0,Inactive,19842.11,0,Retained
676,France,Female,36,3,91711.59,1,1,Has Credit Card,1,Active,95393.43,0,Retained
639,Germany,Female,46,10,110031.09,2,1,Has Credit Card,1,Active,133995.59,0,Retained
782,France,Male,36,5,81210.72,2,0,No Credit Card,1,Active,108003.38,0,Retained
641,Germany,Male,32,5,122947.92,1,1,Has Credit Card,1,Active,99154.86,0,Retained
697,France,Female,38,1,182065.85,1,1,Has Credit Card,0,Inactive,49503.5,0,Retained
623,France,Male,45,0,0.0,1,1,Has Credit Card,0,Inactive,196533.72,1,Churned
494,Spain,Female,41,2,69974.66,2,1,Has Credit Card,0,Inactive,188426.13,1,Churned
731,France,Female,38,10,123711.73,2,1,Has Credit Card,0,Inactive,171340.68,1,Churned
657,France,Male,44,6,76495.04,1,1,Has Credit Card,0,Inactive,79071.89,0,Retained
744,France,Female,38,9,0.0,2,0,No Credit Card,0,Inactive,20940.76,0,Retained
774,Spain,Male,46,9,0.0,2,1,Has Credit Card,1,Active,34774.26,0,Retained
850,Germany,Female,45,1,121874.89,1,0,No Credit Card,0,Inactive,6865.41,1,Churned
551,France,Female,45,6,0.0,2,1,Has Credit Card,1,Active,51143.43,0,Retained
638,France,Male,36,6,188455.19,1,0,No Credit Card,0,Inactive,47031.4,1,Churned
792,France,Female,42,0,99045.93,2,1,Has Credit Card,0,Inactive,47160.01,0,Retained
666,France,Female,36,8,0.0,1,0,No Credit Card,1,Active,158666.99,0,Retained
716,Germany,Female,30,2,205770.78,2,0,No Credit Card,0,Inactive,65464.66,0,Retained
594,France,Female,31,0,79340.95,1,1,Has Credit Card,0,Inactive,78255.86,0,Retained
600,Germany,Male,57,9,138456.03,2,1,Has Credit Card,1,Active,103548.25,0,Retained
565,France,Male,49,7,0.0,2,1,Has Credit Card,1,Active,89609.26,0,Retained
678,Germany,Male,48,2,101099.9,2,0,No Credit Card,1,Active,193476.04,0,Retained
648,Spain,Female,31,5,0.0,2,1,Has Credit Card,1,Active,5199.02,0,Retained
642,France,Male,40,8,109219.83,1,1,Has Credit Card,0,Inactive,52827.51,0,Retained
706,Germany,Male,67,1,123276.69,2,1,Has Credit Card,1,Active,86507.88,1,Churned
668,Spain,Male,43,10,113034.31,1,1,Has Credit Card,1,Active,100423.88,0,Retained
635,Spain,Male,41,1,0.0,2,1,Has Credit Card,0,Inactive,175611.5,0,Retained
603,Spain,Male,30,6,129548.5,2,1,Has Credit Card,1,Active,19282.85,0,Retained
635,France,Female,72,4,74812.84,1,0,No Credit Card,1,Active,27448.33,0,Retained
642,France,Female,40,7,0.0,2,1,Has Credit Card,0,Inactive,183963.34,0,Retained
785,Spain,Female,54,1,0.0,2,1,Has Credit Card,0,Inactive,45113.92,1,Churned
628,Germany,Female,28,3,153538.13,2,1,Has Credit Card,0,Inactive,110776.01,0,Retained
499,France,Female,38,9,0.0,2,0,No Credit Card,1,Active,183042.2,0,Retained
567,Spain,Male,34,10,0.0,2,0,No Credit Card,1,Active,161571.79,0,Retained
449,Spain,Male,32,0,155619.36,1,1,Has Credit Card,1,Active,166692.03,0,Retained
701,Spain,Male,35,10,159693.9,2,1,Has Credit Card,1,Active,71173.64,0,Retained
613,Spain,Male,37,3,171653.17,1,0,No Credit Card,1,Active,5353.12,0,Retained
683,Germany,Female,39,2,47685.47,2,1,Has Credit Card,1,Active,86019.48,0,Retained
581,France,Male,35,4,0.0,2,0,No Credit Card,1,Active,86383.82,0,Retained
620,France,Male,61,5,0.0,1,0,No Credit Card,0,Inactive,31641.52,1,Churned
561,Spain,Male,28,6,123692.0,1,1,Has Credit Card,1,Active,70548.96,0,Retained
558,Germany,Male,26,1,148853.29,2,1,Has Credit Card,1,Active,24411.02,0,Retained
642,France,Male,35,2,133161.95,1,0,No Credit Card,1,Active,122254.86,0,Retained
805,Germany,Male,24,6,143221.35,2,1,Has Credit Card,0,Inactive,186035.72,0,Retained
687,France,Male,35,9,0.0,2,0,No Credit Card,1,Active,73133.82,0,Retained
695,Spain,Male,56,1,0.0,3,1,Has Credit Card,0,Inactive,187734.49,1,Churned
562,France,Male,33,6,0.0,2,1,Has Credit Card,0,Inactive,111590.35,0,Retained
613,Germany,Male,38,9,126265.88,2,0,No Credit Card,0,Inactive,15859.95,0,Retained
589,France,Male,37,5,0.0,1,1,Has Credit Card,0,Inactive,61324.87,0,Retained
593,Spain,Male,31,8,112713.34,1,1,Has Credit Card,1,Active,176868.89,0,Retained
714,France,Male,34,5,141173.03,1,0,No Credit Card,1,Active,98896.06,0,Retained
588,Spain,Female,35,7,0.0,2,1,Has Credit Card,1,Active,108739.15,0,Retained
679,Spain,Male,39,6,0.0,2,1,Has Credit Card,0,Inactive,12266.06,0,Retained
730,Spain,Male,38,5,118866.36,1,1,Has Credit Card,1,Active,163317.5,0,Retained
833,France,Male,47,2,0.0,2,1,Has Credit Card,1,Active,182247.77,0,Retained
586,Spain,Female,33,7,0.0,2,1,Has Credit Card,1,Active,168261.4,0,Retained
567,Spain,Female,54,5,92316.31,2,1,Has Credit Card,0,Inactive,158590.66,1,Churned
637,Germany,Male,30,1,122185.53,1,1,Has Credit Card,0,Inactive,102566.46,1,Churned
711,France,Male,38,4,123345.85,1,1,Has Credit Card,0,Inactive,141827.83,0,Retained
828,France,Male,30,4,73070.18,2,0,No Credit Card,0,Inactive,161671.15,0,Retained
500,Spain,Male,38,7,0.0,2,0,No Credit Card,0,Inactive,192013.23,0,Retained
807,France,Male,47,1,95120.59,1,0,No Credit Card,0,Inactive,127875.1,0,Retained
850,France,Male,40,8,102800.65,1,1,Has Credit Card,0,Inactive,60811.56,0,Retained
782,France,Female,70,7,97072.42,1,0,No Credit Card,1,Active,131177.22,0,Retained
629,Spain,Male,31,6,132876.55,1,1,Has Credit Card,1,Active,130862.11,0,Retained
582,Spain,Male,33,6,0.0,2,0,No Credit Card,1,Active,72970.93,0,Retained
468,France,Male,22,2,0.0,2,1,Has Credit Card,0,Inactive,28123.99,0,Retained
670,France,Male,36,3,0.0,1,1,Has Credit Card,0,Inactive,140754.19,1,Churned
805,France,Male,39,2,0.0,1,0,No Credit Card,0,Inactive,166650.32,0,Retained
720,France,Male,26,10,51962.91,2,1,Has Credit Card,0,Inactive,45507.24,0,Retained
781,Spain,Female,29,6,98759.89,1,0,No Credit Card,0,Inactive,112202.64,0,Retained
592,Germany,Male,33,2,156570.86,1,1,Has Credit Card,1,Active,37140.2,0,Retained
542,France,Female,42,1,0.0,1,1,Has Credit Card,1,Active,178256.58,1,Churned
532,France,Male,42,1,159024.71,1,1,Has Credit Card,0,Inactive,100982.93,1,Churned
520,France,Female,39,1,73493.17,1,0,No Credit Card,1,Active,109626.13,1,Churned
759,France,Female,45,8,0.0,2,1,Has Credit Card,1,Active,99251.24,0,Retained
473,France,Female,35,6,69617.36,1,1,Has Credit Card,0,Inactive,143345.69,0,Retained
639,Spain,Female,35,5,136526.26,2,1,Has Credit Card,0,Inactive,59653.03,0,Retained
705,France,Male,25,3,113736.27,1,0,No Credit Card,1,Active,196864.61,0,Retained
530,France,Male,52,1,106723.28,1,0,No Credit Card,0,Inactive,109960.4,1,Churned
516,Germany,Female,33,10,138847.9,1,1,Has Credit Card,1,Active,127256.7,0,Retained
850,France,Female,40,0,0.0,2,1,Has Credit Card,0,Inactive,1099.95,0,Retained
746,Germany,Female,33,2,107868.14,2,1,Has Credit Card,1,Active,146192.4,0,Retained
622,Germany,Male,33,3,96926.12,2,1,Has Credit Card,0,Inactive,48553.77,0,Retained
743,France,Male,30,7,77599.23,1,0,No Credit Card,0,Inactive,144407.1,0,Retained
732,Germany,Male,38,5,178787.54,1,1,Has Credit Card,1,Active,195760.53,0,Retained
850,France,Male,81,5,0.0,2,1,Has Credit Card,1,Active,44827.47,0,Retained
850,Germany,Female,34,3,129668.43,2,1,Has Credit Card,1,Active,88743.99,0,Retained
686,France,Male,34,6,146178.13,2,1,Has Credit Card,1,Active,88837.11,0,Retained
556,France,Female,40,8,0.0,2,1,Has Credit Card,0,Inactive,62112.7,0,Retained
673,France,Male,37,4,0.0,2,0,No Credit Card,0,Inactive,163563.07,0,Retained
809,France,Female,38,2,154763.21,2,1,Has Credit Card,1,Active,174800.31,0,Retained
634,Germany,Female,56,3,116251.24,1,0,No Credit Card,1,Active,42429.88,1,Churned
630,France,Male,37,6,0.0,2,1,Has Credit Card,1,Active,82647.65,0,Retained
564,Germany,Female,30,0,100954.88,2,0,No Credit Card,0,Inactive,134175.15,0,Retained
625,France,Female,51,4,124620.01,2,1,Has Credit Card,0,Inactive,92243.94,1,Churned
677,Spain,Female,34,4,0.0,2,1,Has Credit Card,1,Active,6175.53,0,Retained
583,France,Male,40,9,112701.04,1,0,No Credit Card,0,Inactive,29213.63,0,Retained
592,Spain,Male,45,8,84692.5,1,0,No Credit Card,1,Active,67214.02,0,Retained
637,Germany,Male,49,2,108204.52,1,1,Has Credit Card,0,Inactive,169037.84,1,Churned
850,France,Male,30,6,86449.39,1,1,Has Credit Card,1,Active,188809.23,0,Retained
633,Spain,Male,42,10,0.0,1,0,No Credit Card,1,Active,79408.17,0,Retained
751,Germany,Male,36,5,73194.99,1,1,Has Credit Card,1,Active,89222.66,0,Retained
592,Germany,Male,31,7,124593.23,1,1,Has Credit Card,0,Inactive,86079.67,0,Retained
716,Germany,Male,50,2,119655.77,1,1,Has Credit Card,1,Active,12944.17,1,Churned
641,Germany,Male,42,3,121765.37,2,1,Has Credit Card,1,Active,166516.84,0,Retained
849,France,Male,35,4,110837.73,1,0,No Credit Card,0,Inactive,126419.8,0,Retained
647,Spain,Male,47,10,99835.17,1,0,No Credit Card,1,Active,89103.05,0,Retained
608,Germany,Female,30,2,91057.37,2,1,Has Credit Card,0,Inactive,132973.17,0,Retained
555,France,Female,26,7,0.0,2,1,Has Credit Card,0,Inactive,93122.41,0,Retained
497,Spain,Male,27,7,149400.27,1,0,No Credit Card,0,Inactive,167522.19,0,Retained
599,Germany,Male,38,9,89111.63,1,0,No Credit Card,0,Inactive,157239.6,0,Retained
545,Germany,Male,33,1,132527.9,2,0,No Credit Card,1,Active,107429.71,0,Retained
774,France,Female,36,9,114997.42,1,1,Has Credit Card,0,Inactive,75304.09,0,Retained
464,France,Male,46,6,161798.53,1,1,Has Credit Card,0,Inactive,182944.47,0,Retained
696,Germany,Female,27,2,96129.32,2,1,Has Credit Card,1,Active,5983.7,0,Retained
667,Spain,Male,45,3,0.0,2,0,No Credit Card,0,Inactive,163655.01,0,Retained
812,France,Male,32,5,133050.97,2,1,Has Credit Card,0,Inactive,89385.92,0,Retained
516,France,Male,51,8,120124.35,2,0,No Credit Card,1,Active,168773.54,0,Retained
645,France,Male,39,8,0.0,2,0,No Credit Card,0,Inactive,96864.36,0,Retained
664,Spain,Male,32,5,133705.74,1,0,No Credit Card,0,Inactive,134455.84,0,Retained
427,Spain,Female,39,9,0.0,2,1,Has Credit Card,0,Inactive,28368.37,0,Retained
685,France,Female,40,7,0.0,2,1,Has Credit Card,0,Inactive,103898.59,0,Retained
585,France,Female,33,4,152805.05,1,1,Has Credit Card,0,Inactive,63239.65,0,Retained
519,Germany,Female,21,1,151701.45,3,1,Has Credit Card,1,Active,170138.68,1,Churned
708,France,Female,67,1,0.0,2,0,No Credit Card,1,Active,3837.08,0,Retained
717,France,Female,22,5,112465.06,1,1,Has Credit Card,1,Active,92977.75,0,Retained
465,Germany,Male,24,6,156007.09,1,1,Has Credit Card,0,Inactive,191368.37,0,Retained
829,Germany,Male,28,3,132405.52,3,1,Has Credit Card,0,Inactive,104889.2,1,Churned
826,France,Male,26,5,142662.68,1,0,No Credit Card,0,Inactive,60285.3,0,Retained
747,Germany,Male,36,8,102603.3,2,1,Has Credit Card,1,Active,180693.61,0,Retained
707,Spain,Male,32,9,0.0,2,1,Has Credit Card,0,Inactive,126475.79,0,Retained
590,Spain,Male,37,1,0.0,2,0,No Credit Card,0,Inactive,133535.99,0,Retained
603,Spain,Male,57,6,105000.85,2,1,Has Credit Card,1,Active,87412.24,1,Churned
615,France,Male,45,5,0.0,2,1,Has Credit Card,1,Active,164886.64,0,Retained
634,France,Female,36,1,69518.95,1,1,Has Credit Card,0,Inactive,116238.39,0,Retained
716,Germany,Male,41,8,126145.54,2,1,Has Credit Card,1,Active,138051.19,0,Retained
647,France,Male,41,4,138937.35,1,1,Has Credit Card,1,Active,101617.64,1,Churned
591,Germany,Female,44,10,113581.98,1,1,Has Credit Card,0,Inactive,1985.41,0,Retained
574,France,Male,34,1,112572.39,1,0,No Credit Card,0,Inactive,165626.6,0,Retained
467,Germany,Male,51,10,114514.71,2,1,Has Credit Card,0,Inactive,177784.68,1,Churned
701,France,Female,35,2,0.0,2,1,Has Credit Card,1,Active,65765.22,0,Retained
747,France,Female,34,10,0.0,2,1,Has Credit Card,1,Active,50759.8,0,Retained
650,France,Male,32,2,84906.45,1,1,Has Credit Card,0,Inactive,163216.48,0,Retained
731,Spain,Female,39,2,126816.18,1,1,Has Credit Card,1,Active,74850.93,0,Retained
638,Germany,Female,26,1,105249.76,2,1,Has Credit Card,1,Active,23491.09,0,Retained
569,Spain,Male,41,2,0.0,2,1,Has Credit Card,0,Inactive,134272.57,0,Retained
459,Germany,Male,50,5,109387.9,1,1,Has Credit Card,0,Inactive,155721.15,0,Retained
632,Germany,Male,23,3,122478.51,1,1,Has Credit Card,0,Inactive,147230.77,1,Churned
683,France,Female,73,8,137732.23,2,1,Has Credit Card,1,Active,133210.44,0,Retained
850,France,Female,46,2,157866.77,1,1,Has Credit Card,1,Active,18986.12,0,Retained
512,France,Female,41,6,0.0,1,1,Has Credit Card,1,Active,100507.81,0,Retained
616,France,Female,31,3,136789.14,1,1,Has Credit Card,0,Inactive,59346.4,1,Churned
664,France,Male,36,1,0.0,2,1,Has Credit Card,1,Active,95372.64,0,Retained
694,France,Male,30,10,144684.03,1,1,Has Credit Card,1,Active,31805.49,0,Retained
655,France,Male,24,9,107065.31,1,1,Has Credit Card,1,Active,51959.82,0,Retained
607,France,Female,33,8,91301.72,1,0,No Credit Card,1,Active,130824.57,0,Retained
684,Spain,Male,39,4,207034.96,2,0,No Credit Card,0,Inactive,157694.76,1,Churned
763,Spain,Male,37,8,0.0,2,1,Has Credit Card,1,Active,933.38,0,Retained
671,Spain,Male,50,8,0.0,1,0,No Credit Card,1,Active,2560.11,0,Retained
592,Spain,Male,38,3,0.0,1,1,Has Credit Card,1,Active,12905.89,1,Churned
666,Spain,Female,36,6,0.0,2,1,Has Credit Card,0,Inactive,176692.87,0,Retained
667,France,Male,34,5,0.0,2,1,Has Credit Card,1,Active,102908.63,0,Retained
850,Spain,Male,36,6,0.0,2,0,No Credit Card,1,Active,41291.05,0,Retained
622,Spain,Male,42,9,0.0,2,1,Has Credit Card,0,Inactive,119127.06,0,Retained
577,France,Female,30,8,92472.1,2,0,No Credit Card,1,Active,126434.61,0,Retained
555,Spain,Male,21,1,0.0,2,0,No Credit Card,0,Inactive,103901.35,0,Retained
547,France,Male,62,10,127738.75,2,1,Has Credit Card,1,Active,85153.0,0,Retained
613,Germany,Female,50,5,101242.98,2,1,Has Credit Card,0,Inactive,12493.61,0,Retained
672,France,Female,43,4,92599.55,2,1,Has Credit Card,1,Active,167336.78,0,Retained
624,Spain,Female,36,10,0.0,2,0,No Credit Card,1,Active,186180.42,0,Retained
698,Spain,Female,50,1,0.0,4,1,Has Credit Card,0,Inactive,88566.9,1,Churned
606,France,Male,37,6,82373.94,1,0,No Credit Card,0,Inactive,172526.9,1,Churned
720,Spain,Male,31,4,141356.47,1,0,No Credit Card,0,Inactive,137985.69,0,Retained
835,France,Male,23,9,0.0,1,1,Has Credit Card,0,Inactive,19793.73,1,Churned
771,Spain,Female,47,3,72664.0,2,1,Has Credit Card,1,Active,107874.39,0,Retained
811,France,Female,47,3,123365.34,2,0,No Credit Card,0,Inactive,171995.34,0,Retained
734,Germany,Male,33,5,121898.58,1,1,Has Credit Card,0,Inactive,61829.89,0,Retained
548,Spain,Male,33,6,0.0,1,1,Has Credit Card,1,Active,31728.35,0,Retained
652,France,Female,31,3,103696.97,3,0,No Credit Card,0,Inactive,155221.05,1,Churned
707,France,Male,33,2,0.0,2,0,No Credit Card,0,Inactive,130866.95,0,Retained
605,Germany,Female,56,1,74129.18,2,1,Has Credit Card,1,Active,62199.78,1,Churned
623,France,Female,34,9,0.0,1,1,Has Credit Card,0,Inactive,24255.21,0,Retained
686,Germany,Male,29,3,185379.02,1,1,Has Credit Card,0,Inactive,64679.07,0,Retained
525,Germany,Female,47,1,118087.68,1,1,Has Credit Card,0,Inactive,88120.78,1,Churned
657,Spain,Male,41,8,109402.13,1,1,Has Credit Card,1,Active,66463.62,0,Retained
730,Germany,Female,33,7,130367.87,1,1,Has Credit Card,0,Inactive,15142.1,1,Churned
816,Germany,Female,34,2,108410.87,2,1,Has Credit Card,0,Inactive,102908.91,0,Retained
484,France,Female,50,2,90408.16,2,0,No Credit Card,0,Inactive,48170.57,0,Retained
728,France,Female,34,6,90425.15,2,1,Has Credit Card,1,Active,11597.69,0,Retained
730,Spain,Female,39,6,140094.59,1,1,Has Credit Card,0,Inactive,172450.04,1,Churned
477,Spain,Male,31,9,0.0,2,0,No Credit Card,1,Active,184061.17,0,Retained
663,Germany,Female,46,6,95439.4,1,1,Has Credit Card,1,Active,21038.58,1,Churned
549,Germany,Male,34,6,204017.4,2,1,Has Credit Card,0,Inactive,109538.35,0,Retained
714,Spain,Male,29,9,0.0,2,1,Has Credit Card,0,Inactive,129192.55,0,Retained
430,Germany,Male,49,3,137115.16,1,1,Has Credit Card,0,Inactive,146516.86,1,Churned
504,Germany,Male,43,5,134740.19,2,1,Has Credit Card,0,Inactive,181430.91,0,Retained
530,France,Female,29,5,0.0,2,0,No Credit Card,0,Inactive,121451.21,0,Retained
619,Germany,Male,29,4,98955.87,1,0,No Credit Card,1,Active,131712.51,0,Retained
617,Germany,Male,44,9,49157.09,2,1,Has Credit Card,0,Inactive,53294.17,0,Retained
791,Germany,Male,31,1,130240.33,1,0,No Credit Card,0,Inactive,96546.55,0,Retained
609,France,Male,48,1,108019.27,3,1,Has Credit Card,1,Active,184524.65,1,Churned
780,Germany,Male,51,4,126725.25,1,1,Has Credit Card,0,Inactive,195259.31,1,Churned
777,Germany,Female,34,5,96693.66,1,1,Has Credit Card,1,Active,172618.52,0,Retained
817,Germany,Female,27,7,129810.6,1,1,Has Credit Card,1,Active,59259.44,0,Retained
850,France,Male,58,8,156652.13,1,0,No Credit Card,0,Inactive,25899.21,1,Churned
732,France,Female,36,9,0.0,1,0,No Credit Card,0,Inactive,3749.0,1,Churned
693,France,Male,40,4,130661.96,1,1,Has Credit Card,1,Active,101918.96,0,Retained
576,France,Female,50,8,0.0,2,1,Has Credit Card,1,Active,57802.62,0,Retained
643,France,Male,37,6,0.0,2,0,No Credit Card,0,Inactive,142454.77,0,Retained
757,France,Male,47,3,130747.1,1,1,Has Credit Card,0,Inactive,143829.54,0,Retained
569,Germany,Male,30,6,106629.49,1,0,No Credit Card,1,Active,44114.88,0,Retained
772,Spain,Male,36,3,112029.83,1,1,Has Credit Card,1,Active,186948.35,0,Retained
576,Germany,Male,29,7,130575.26,1,0,No Credit Card,1,Active,173629.78,0,Retained
608,Germany,Male,28,4,96679.71,1,1,Has Credit Card,1,Active,49133.45,0,Retained
794,France,Male,33,0,0.0,2,0,No Credit Card,0,Inactive,178122.71,0,Retained
593,France,Male,50,6,171740.69,1,0,No Credit Card,0,Inactive,20893.61,0,Retained
597,Spain,Male,38,1,0.0,2,1,Has Credit Card,0,Inactive,41303.29,0,Retained
541,Germany,Female,39,9,100116.67,1,1,Has Credit Card,1,Active,199808.1,1,Churned
692,Germany,Male,24,2,120596.93,1,0,No Credit Card,1,Active,180490.53,0,Retained
697,France,Female,48,1,0.0,2,1,Has Credit Card,1,Active,87400.53,0,Retained
768,France,Male,29,2,95984.69,2,1,Has Credit Card,1,Active,73686.75,0,Retained
802,France,Male,38,1,142557.11,1,1,Has Credit Card,1,Active,172497.73,0,Retained
584,France,Male,47,5,0.0,2,1,Has Credit Card,0,Inactive,89286.29,0,Retained
614,Spain,Male,66,2,0.0,2,0,No Credit Card,1,Active,180082.7,0,Retained
850,Germany,Female,36,6,143644.16,1,1,Has Credit Card,0,Inactive,22102.25,1,Churned
671,France,Female,38,6,132129.72,1,0,No Credit Card,1,Active,76068.95,0,Retained
626,France,Female,52,0,0.0,2,1,Has Credit Card,0,Inactive,32159.46,1,Churned
770,France,Female,68,2,183555.24,1,0,No Credit Card,0,Inactive,159557.28,1,Churned
633,France,Male,38,2,91902.56,2,1,Has Credit Card,1,Active,107673.35,0,Retained
663,France,Male,40,6,156218.19,1,0,No Credit Card,1,Active,33607.72,0,Retained
581,Germany,Female,43,5,93259.57,3,1,Has Credit Card,0,Inactive,141035.65,1,Churned
561,Germany,Female,45,2,168085.38,2,0,No Credit Card,1,Active,115719.08,0,Retained
479,Germany,Male,51,1,107714.74,3,1,Has Credit Card,0,Inactive,86128.21,1,Churned
769,France,Female,31,6,117852.26,2,1,Has Credit Card,0,Inactive,147668.64,0,Retained
659,Spain,Male,60,2,0.0,1,1,Has Credit Card,0,Inactive,177480.45,1,Churned
590,Spain,Female,51,10,84474.62,2,1,Has Credit Card,1,Active,190937.09,0,Retained
560,France,Male,50,3,0.0,2,1,Has Credit Card,0,Inactive,84531.79,0,Retained
437,Germany,Male,35,6,126803.34,2,1,Has Credit Card,1,Active,161133.4,0,Retained
661,France,Female,34,0,0.0,2,1,Has Credit Card,0,Inactive,185555.63,0,Retained
677,Germany,Female,36,10,68806.84,1,1,Has Credit Card,0,Inactive,33075.24,0,Retained
560,France,Female,31,3,115141.18,1,1,Has Credit Card,0,Inactive,39806.75,0,Retained
578,France,Female,35,2,0.0,2,0,No Credit Card,1,Active,26389.92,0,Retained
421,Spain,Male,34,6,90723.36,1,1,Has Credit Card,1,Active,12162.76,0,Retained
492,Germany,Female,49,2,151249.45,2,1,Has Credit Card,1,Active,167237.94,0,Retained
545,France,Female,32,6,0.0,2,1,Has Credit Card,1,Active,52067.37,0,Retained
640,Germany,Female,43,9,94752.49,1,1,Has Credit Card,0,Inactive,184006.36,1,Churned
624,Spain,Female,34,6,0.0,1,1,Has Credit Card,0,Inactive,582.59,1,Churned
577,Spain,Male,28,7,0.0,1,1,Has Credit Card,0,Inactive,143274.41,0,Retained
704,France,Male,31,5,132084.66,3,1,Has Credit Card,1,Active,54474.48,1,Churned
523,France,Male,45,5,0.0,2,1,Has Credit Card,1,Active,121428.2,0,Retained
793,France,Male,35,2,0.0,2,1,Has Credit Card,1,Active,79704.12,0,Retained
564,France,Female,53,2,45472.28,1,1,Has Credit Card,1,Active,41055.71,1,Churned
711,France,Male,33,1,0.0,1,0,No Credit Card,0,Inactive,41590.4,0,Retained
791,Germany,Female,33,10,130229.71,2,0,No Credit Card,0,Inactive,54019.93,1,Churned
629,Germany,Female,38,9,123948.85,1,1,Has Credit Card,0,Inactive,76053.07,0,Retained
729,Germany,Male,39,6,127415.85,1,1,Has Credit Card,1,Active,184977.2,1,Churned
651,Germany,Male,35,8,110067.71,1,1,Has Credit Card,0,Inactive,127678.95,1,Churned
695,Spain,Male,39,4,65521.2,1,1,Has Credit Card,1,Active,1243.97,0,Retained
847,Spain,Male,31,5,0.0,2,1,Has Credit Card,1,Active,76326.67,0,Retained
704,France,Male,47,5,0.0,2,1,Has Credit Card,1,Active,145338.61,0,Retained
613,Germany,Male,33,3,155736.42,2,1,Has Credit Card,1,Active,57751.21,0,Retained
692,Spain,Female,29,4,0.0,2,0,No Credit Card,0,Inactive,138880.24,0,Retained
720,France,Female,34,3,118307.57,2,1,Has Credit Card,1,Active,136120.29,0,Retained
577,France,Male,41,6,0.0,1,1,Has Credit Card,1,Active,167621.18,0,Retained
710,Germany,Female,24,7,103099.17,2,1,Has Credit Card,0,Inactive,173276.62,0,Retained
716,France,Female,38,1,0.0,2,1,Has Credit Card,1,Active,99661.46,0,Retained
410,France,Male,33,6,125789.69,1,0,No Credit Card,0,Inactive,66333.56,1,Churned
584,Germany,Female,36,4,109646.83,1,1,Has Credit Card,1,Active,70240.79,0,Retained
792,France,Male,30,1,127187.86,1,1,Has Credit Card,1,Active,113553.42,0,Retained
605,France,Female,36,6,0.0,1,0,No Credit Card,1,Active,690.84,0,Retained
486,Spain,Male,24,1,0.0,1,1,Has Credit Card,0,Inactive,98802.76,0,Retained
615,France,Male,41,4,130385.82,1,0,No Credit Card,1,Active,130661.95,0,Retained
676,France,Male,23,1,107787.47,1,0,No Credit Card,1,Active,116378.82,0,Retained
571,France,Male,34,1,99325.04,2,0,No Credit Card,1,Active,186052.15,0,Retained
850,France,Female,37,9,0.0,1,0,No Credit Card,0,Inactive,100101.06,0,Retained
717,France,Male,48,7,123764.95,1,1,Has Credit Card,1,Active,169952.82,0,Retained
642,Germany,Female,39,8,128264.03,1,1,Has Credit Card,0,Inactive,61792.76,1,Churned
780,Spain,Male,47,7,86006.21,1,1,Has Credit Card,1,Active,37973.13,0,Retained
492,Germany,Female,38,8,57068.43,2,1,Has Credit Card,0,Inactive,188974.81,0,Retained
760,Germany,Male,29,5,103607.24,2,0,No Credit Card,1,Active,86334.64,0,Retained
500,Spain,Male,40,1,99004.24,1,1,Has Credit Card,1,Active,152845.99,0,Retained
654,Spain,Female,36,2,0.0,2,1,Has Credit Card,1,Active,146652.11,0,Retained
606,Spain,Female,25,3,147386.72,3,1,Has Credit Card,0,Inactive,45482.04,1,Churned
367,Spain,Male,42,6,93608.28,1,1,Has Credit Card,0,Inactive,168816.73,1,Churned
799,Spain,Male,38,2,0.0,2,1,Has Credit Card,1,Active,59297.34,0,Retained
434,Germany,Male,71,9,119496.87,1,1,Has Credit Card,0,Inactive,125848.88,0,Retained
719,Spain,Female,32,7,0.0,1,0,No Credit Card,0,Inactive,76264.27,0,Retained
641,France,Female,37,2,0.0,2,1,Has Credit Card,0,Inactive,3939.87,0,Retained
461,Spain,Female,25,6,0.0,2,1,Has Credit Card,1,Active,15306.29,0,Retained
790,Germany,Female,25,5,152885.77,1,1,Has Credit Card,0,Inactive,58214.79,0,Retained
588,France,Male,31,4,99607.37,2,0,No Credit Card,1,Active,35877.03,0,Retained
621,France,Male,27,4,137003.68,1,1,Has Credit Card,0,Inactive,21254.06,0,Retained
768,Germany,Male,48,3,122831.58,1,1,Has Credit Card,1,Active,24533.89,1,Churned
681,Spain,Male,38,2,99811.44,2,1,Has Credit Card,0,Inactive,23531.5,0,Retained
606,Spain,Male,37,8,154712.58,2,1,Has Credit Card,0,Inactive,89099.18,0,Retained
542,Spain,Male,37,8,0.0,1,1,Has Credit Card,1,Active,807.06,0,Retained
713,Germany,Female,24,7,147687.24,1,1,Has Credit Card,1,Active,121592.5,0,Retained
597,Spain,Female,33,2,0.0,2,1,Has Credit Card,1,Active,4700.66,0,Retained
635,France,Male,27,3,127009.83,1,1,Has Credit Card,0,Inactive,161909.95,0,Retained
599,Germany,Male,61,1,124737.96,1,0,No Credit Card,1,Active,90389.61,1,Churned
496,Spain,Female,44,0,179356.28,2,1,Has Credit Card,0,Inactive,2919.21,1,Churned
759,Spain,Male,31,8,0.0,2,1,Has Credit Card,1,Active,99086.74,0,Retained
757,Germany,Male,31,1,127320.36,3,1,Has Credit Card,0,Inactive,163170.32,0,Retained
564,Spain,Male,31,0,125175.58,1,1,Has Credit Card,1,Active,72757.33,0,Retained
561,France,Female,22,6,186788.96,2,1,Has Credit Card,0,Inactive,73286.8,0,Retained
702,France,Male,40,3,148556.74,1,0,No Credit Card,1,Active,146056.29,0,Retained
678,Germany,Female,40,8,128644.46,1,0,No Credit Card,0,Inactive,167673.37,0,Retained
707,France,Female,46,7,127476.73,2,1,Has Credit Card,1,Active,146011.55,0,Retained
610,France,Female,27,9,159561.93,1,0,No Credit Card,1,Active,103381.47,0,Retained
744,France,Male,42,1,112419.92,1,1,Has Credit Card,1,Active,83022.92,0,Retained
598,France,Male,28,8,129991.76,2,0,No Credit Card,1,Active,46041.08,0,Retained
562,Spain,Male,36,5,0.0,1,0,No Credit Card,1,Active,182843.24,0,Retained
621,Spain,Female,59,2,0.0,2,1,Has Credit Card,1,Active,171364.18,0,Retained
659,France,Female,50,3,0.0,1,1,Has Credit Card,0,Inactive,183399.12,1,Churned
722,Germany,Female,40,6,89175.06,2,0,No Credit Card,1,Active,152883.95,0,Retained
606,France,Female,39,3,0.0,2,1,Has Credit Card,0,Inactive,50560.45,1,Churned
603,Spain,Female,39,5,162390.52,2,1,Has Credit Card,0,Inactive,54702.66,0,Retained
506,Germany,Female,59,3,190353.08,1,1,Has Credit Card,0,Inactive,78365.75,0,Retained
715,France,Male,21,8,0.0,2,1,Has Credit Card,0,Inactive,68666.63,0,Retained
690,France,Male,47,2,0.0,2,1,Has Credit Card,0,Inactive,151375.73,0,Retained
644,France,Female,40,10,139180.97,1,1,Has Credit Card,1,Active,19959.67,0,Retained
589,France,Male,36,8,114435.47,1,1,Has Credit Card,0,Inactive,26955.72,0,Retained
592,France,Female,66,5,149950.19,1,1,Has Credit Card,1,Active,76267.59,0,Retained
632,France,Male,42,4,126115.6,1,1,Has Credit Card,0,Inactive,100998.5,0,Retained
577,Germany,Female,59,7,111396.97,1,0,No Credit Card,1,Active,191070.01,0,Retained
588,France,Male,30,3,115007.08,1,0,No Credit Card,0,Inactive,176858.5,0,Retained
617,France,Male,54,6,102141.9,1,1,Has Credit Card,1,Active,45325.26,0,Retained
668,Spain,Female,36,3,133686.52,1,1,Has Credit Card,0,Inactive,190958.48,1,Churned
810,France,Male,32,9,120879.73,2,0,No Credit Card,1,Active,78896.59,0,Retained
767,Spain,Male,47,5,0.0,1,1,Has Credit Card,0,Inactive,121964.46,1,Churned
718,Spain,Female,49,10,82321.88,1,0,No Credit Card,1,Active,11144.4,0,Retained
589,Spain,Female,27,4,0.0,2,1,Has Credit Card,0,Inactive,144181.48,0,Retained
778,Spain,Male,33,5,116474.28,2,1,Has Credit Card,1,Active,32757.55,0,Retained
724,France,Female,34,3,132352.69,1,1,Has Credit Card,0,Inactive,80320.3,0,Retained
477,Germany,Female,39,4,182491.57,1,1,Has Credit Card,0,Inactive,185830.72,0,Retained
580,France,Male,34,6,0.0,2,1,Has Credit Card,1,Active,160095.31,0,Retained
566,Spain,Male,63,2,120787.18,2,1,Has Credit Card,1,Active,52198.84,0,Retained
711,France,Female,29,3,130181.47,2,1,Has Credit Card,0,Inactive,31811.44,0,Retained
706,Germany,Male,32,5,88348.43,2,1,Has Credit Card,1,Active,104181.78,0,Retained
703,Spain,Male,31,6,0.0,2,1,Has Credit Card,1,Active,67667.19,0,Retained
679,Germany,Male,39,2,146186.28,2,1,Has Credit Card,1,Active,193974.47,0,Retained
603,France,Male,32,7,0.0,1,1,Has Credit Card,0,Inactive,198055.94,1,Churned
598,Spain,Male,34,0,104488.17,1,0,No Credit Card,1,Active,43249.67,0,Retained
836,Germany,Female,32,4,109196.67,2,1,Has Credit Card,0,Inactive,55218.02,0,Retained
687,France,Female,61,7,80538.56,1,1,Has Credit Card,0,Inactive,131305.37,1,Churned
704,Germany,Male,41,4,109026.8,2,1,Has Credit Card,1,Active,43117.1,0,Retained
605,Germany,Male,75,2,61319.63,1,0,No Credit Card,1,Active,186655.11,0,Retained
516,France,Female,40,9,0.0,2,0,No Credit Card,1,Active,33266.29,0,Retained
572,France,Female,39,2,0.0,2,1,Has Credit Card,1,Active,555.28,0,Retained
557,France,Male,42,6,177822.03,1,1,Has Credit Card,0,Inactive,150944.31,1,Churned
443,Germany,Male,59,4,110939.3,1,1,Has Credit Card,0,Inactive,72846.58,1,Churned
604,Germany,Male,25,7,165413.43,1,1,Has Credit Card,1,Active,35279.74,0,Retained
483,France,Male,27,1,77805.66,1,1,Has Credit Card,1,Active,2101.89,0,Retained
702,France,Male,50,3,0.0,2,0,No Credit Card,0,Inactive,94949.84,0,Retained
670,Spain,Female,57,3,175575.95,2,1,Has Credit Card,0,Inactive,99061.75,1,Churned
804,Spain,Female,38,3,124197.22,1,1,Has Credit Card,0,Inactive,74692.06,0,Retained
850,France,Female,30,3,0.0,2,1,Has Credit Card,0,Inactive,116692.8,0,Retained
554,France,Female,39,10,160132.75,1,1,Has Credit Card,0,Inactive,32824.15,0,Retained
588,Germany,Female,37,7,70258.88,2,1,Has Credit Card,0,Inactive,139607.61,0,Retained
758,Germany,Male,32,4,162657.64,2,1,Has Credit Card,1,Active,115525.13,0,Retained
787,Germany,Male,43,0,132217.45,1,1,Has Credit Card,0,Inactive,20955.03,1,Churned
582,Spain,Male,25,9,148042.97,2,1,Has Credit Card,0,Inactive,52341.15,0,Retained
633,Spain,Female,33,4,92855.02,1,1,Has Credit Card,1,Active,159813.18,0,Retained
766,Germany,Male,47,9,129289.98,1,1,Has Credit Card,0,Inactive,169935.46,1,Churned
564,Spain,Male,37,9,100252.18,1,1,Has Credit Card,1,Active,146033.52,0,Retained
602,Spain,Male,37,3,107592.89,2,0,No Credit Card,1,Active,153122.73,0,Retained
649,France,Male,39,3,113096.41,1,1,Has Credit Card,1,Active,60335.24,0,Retained
679,Spain,Female,40,7,0.0,2,1,Has Credit Card,1,Active,163757.29,0,Retained
639,Spain,Male,34,7,149940.04,2,0,No Credit Card,0,Inactive,156648.81,0,Retained
790,Germany,Male,50,8,121438.58,1,1,Has Credit Card,1,Active,176471.78,1,Churned
565,France,Male,32,9,0.0,2,1,Has Credit Card,0,Inactive,5388.3,0,Retained
478,France,Female,50,2,0.0,1,0,No Credit Card,1,Active,93332.64,1,Churned
825,France,Male,29,3,148874.01,2,0,No Credit Card,1,Active,71192.82,0,Retained
528,Spain,Female,32,0,68138.37,1,1,Has Credit Card,1,Active,170309.19,0,Retained
577,Spain,Male,35,5,110080.3,1,1,Has Credit Card,1,Active,109794.31,0,Retained
663,France,Male,24,7,0.0,2,1,Has Credit Card,1,Active,166310.82,0,Retained
505,Germany,Female,25,5,114268.85,2,1,Has Credit Card,1,Active,126728.27,0,Retained
633,Germany,Male,29,6,117412.35,1,0,No Credit Card,0,Inactive,30338.94,0,Retained
586,France,Female,38,6,0.0,2,1,Has Credit Card,1,Active,37935.83,0,Retained
850,France,Female,35,9,0.0,2,0,No Credit Card,0,Inactive,25329.48,0,Retained
629,Germany,Female,37,1,35549.81,2,0,No Credit Card,0,Inactive,49676.33,0,Retained
744,France,Male,56,9,0.0,2,1,Has Credit Card,1,Active,169498.61,0,Retained
750,France,Male,36,7,136492.92,3,1,Has Credit Card,1,Active,26500.29,1,Churned
637,Germany,Male,28,3,123675.69,1,1,Has Credit Card,1,Active,166458.41,0,Retained
575,France,Female,40,1,139532.34,1,1,Has Credit Card,0,Inactive,181294.39,0,Retained
671,Spain,Male,58,1,178713.98,1,1,Has Credit Card,1,Active,21768.21,0,Retained
571,France,Male,40,5,0.0,2,0,No Credit Card,0,Inactive,72849.29,0,Retained
590,France,Male,41,1,89086.31,1,1,Has Credit Card,0,Inactive,24499.97,0,Retained
619,Spain,Male,38,3,96143.47,1,0,No Credit Card,0,Inactive,98994.92,0,Retained
640,Germany,Female,30,5,32197.64,1,0,No Credit Card,1,Active,141446.01,0,Retained
670,France,Male,38,7,0.0,2,1,Has Credit Card,1,Active,77864.41,0,Retained
737,France,Female,33,4,0.0,2,1,Has Credit Card,0,Inactive,115115.32,0,Retained
555,Spain,Male,32,10,0.0,2,0,No Credit Card,1,Active,168605.96,0,Retained
742,France,Male,33,6,0.0,2,0,No Credit Card,0,Inactive,38550.4,0,Retained
618,Germany,Female,40,0,140306.38,1,1,Has Credit Card,0,Inactive,160618.61,1,Churned
560,France,Female,35,1,0.0,2,1,Has Credit Card,0,Inactive,3701.63,0,Retained
654,France,Male,38,8,0.0,2,1,Has Credit Card,0,Inactive,88659.44,0,Retained
787,Germany,Female,42,2,74483.97,2,0,No Credit Card,1,Active,44273.91,0,Retained
611,France,Female,53,7,0.0,2,0,No Credit Card,1,Active,156495.39,1,Churned
559,Spain,Male,34,0,0.0,1,1,Has Credit Card,0,Inactive,182988.94,0,Retained
481,France,Male,37,8,152303.66,2,1,Has Credit Card,1,Active,175082.2,0,Retained
753,Germany,Male,32,5,159904.79,1,1,Has Credit Card,0,Inactive,148811.14,0,Retained
675,France,Male,32,1,0.0,3,1,Has Credit Card,0,Inactive,85901.09,0,Retained
748,Germany,Female,31,1,99557.94,1,1,Has Credit Card,0,Inactive,199255.32,0,Retained
610,Spain,Female,46,5,116886.59,1,0,No Credit Card,0,Inactive,107973.44,0,Retained
580,Spain,Male,32,9,142188.2,2,0,No Credit Card,1,Active,128028.6,0,Retained
624,Germany,Female,40,3,149961.99,2,1,Has Credit Card,0,Inactive,104610.86,0,Retained
709,France,Female,36,8,0.0,2,1,Has Credit Card,1,Active,69676.55,0,Retained
605,France,Female,34,2,0.0,1,0,No Credit Card,0,Inactive,35982.42,0,Retained
706,Spain,Male,53,7,0.0,2,0,No Credit Card,1,Active,117939.17,0,Retained
567,Spain,Male,40,8,28649.64,1,1,Has Credit Card,1,Active,95140.62,0,Retained
747,France,Female,21,4,81025.6,2,1,Has Credit Card,0,Inactive,167682.57,0,Retained
664,France,Male,57,1,0.0,2,1,Has Credit Card,1,Active,56562.57,0,Retained
711,France,Female,39,3,152462.79,1,1,Has Credit Card,0,Inactive,90305.97,0,Retained
609,France,Male,25,10,0.0,1,0,No Credit Card,1,Active,109895.16,0,Retained
632,Spain,Male,28,7,155519.59,1,1,Has Credit Card,0,Inactive,1843.24,0,Retained
725,France,Female,36,1,118851.05,1,1,Has Credit Card,1,Active,102747.02,0,Retained
850,France,Female,34,9,92899.27,2,1,Has Credit Card,0,Inactive,97465.89,0,Retained
682,France,Male,40,4,0.0,1,0,No Credit Card,1,Active,105352.55,0,Retained
797,France,Male,37,4,75263.7,1,1,Has Credit Card,0,Inactive,85801.77,0,Retained
668,Spain,Male,38,1,147904.31,1,1,Has Credit Card,1,Active,69370.05,0,Retained
783,Germany,Female,41,5,106640.5,1,1,Has Credit Card,0,Inactive,176945.96,0,Retained
766,Germany,Female,28,4,90696.78,1,0,No Credit Card,1,Active,21597.2,0,Retained
704,Spain,Female,36,2,175509.8,2,1,Has Credit Card,0,Inactive,152039.67,0,Retained
722,France,Male,40,6,0.0,2,1,Has Credit Card,1,Active,111893.09,0,Retained
692,France,Female,34,7,0.0,2,1,Has Credit Card,0,Inactive,195074.62,0,Retained
584,France,Female,35,2,114321.28,2,0,No Credit Card,0,Inactive,15959.01,0,Retained
644,Germany,Female,51,4,95560.04,1,0,No Credit Card,0,Inactive,72628.84,1,Churned
598,Germany,Female,50,5,88379.81,3,0,No Credit Card,1,Active,64157.24,1,Churned
733,Germany,Male,48,7,85915.52,1,1,Has Credit Card,1,Active,23860.5,0,Retained
615,Germany,Male,58,3,72309.3,1,1,Has Credit Card,1,Active,85687.09,1,Churned
850,France,Female,39,2,0.0,2,1,Has Credit Card,0,Inactive,179451.42,0,Retained
521,France,Male,43,8,0.0,1,1,Has Credit Card,1,Active,93180.09,0,Retained
675,France,Male,69,1,0.0,2,1,Has Credit Card,0,Inactive,157097.09,0,Retained
746,France,Male,58,3,0.0,3,1,Has Credit Card,1,Active,80344.96,1,Churned
770,France,Female,33,4,0.0,1,1,Has Credit Card,0,Inactive,26080.54,1,Churned
618,France,Male,30,3,133844.22,1,1,Has Credit Card,1,Active,31406.93,0,Retained
556,France,Male,36,7,154872.08,2,1,Has Credit Card,1,Active,32044.64,0,Retained
749,France,Female,27,9,0.0,2,1,Has Credit Card,0,Inactive,132734.87,0,Retained
702,Spain,Male,43,6,116121.67,1,1,Has Credit Card,0,Inactive,61602.42,0,Retained
555,Germany,Male,42,6,107104.5,1,1,Has Credit Card,1,Active,41304.44,1,Churned
587,France,Male,47,6,71026.77,1,1,Has Credit Card,0,Inactive,57962.41,0,Retained
639,France,Male,38,3,0.0,1,1,Has Credit Card,0,Inactive,42862.82,0,Retained
643,France,Male,33,4,0.0,2,1,Has Credit Card,1,Active,152992.04,0,Retained
600,France,Female,41,1,0.0,2,1,Has Credit Card,1,Active,91193.65,0,Retained
651,France,Male,53,7,0.0,2,1,Has Credit Card,1,Active,130132.41,0,Retained
666,France,Female,27,4,0.0,2,0,No Credit Card,0,Inactive,88751.45,0,Retained
520,France,Female,39,6,145644.05,1,0,No Credit Card,0,Inactive,104118.93,0,Retained
650,Spain,Female,50,7,129667.77,1,0,No Credit Card,0,Inactive,42028.16,0,Retained
564,Germany,Male,33,3,109341.87,1,1,Has Credit Card,0,Inactive,75632.78,0,Retained
586,France,Male,64,1,0.0,2,1,Has Credit Card,1,Active,53710.23,0,Retained
617,France,Female,35,5,0.0,2,0,No Credit Card,1,Active,13066.3,0,Retained
712,Spain,Female,30,6,0.0,2,1,Has Credit Card,0,Inactive,152417.97,0,Retained
654,France,Male,55,3,87485.67,1,1,Has Credit Card,1,Active,3299.01,0,Retained
605,France,Male,27,9,0.0,2,1,Has Credit Card,0,Inactive,198091.81,0,Retained
491,France,Female,36,0,53369.13,1,1,Has Credit Card,1,Active,103934.12,0,Retained
707,France,Female,35,9,0.0,2,1,Has Credit Card,1,Active,70403.65,0,Retained
638,Spain,Male,34,5,146679.77,1,1,Has Credit Card,0,Inactive,102179.86,0,Retained
683,France,Male,43,2,112499.42,2,1,Has Credit Card,0,Inactive,30375.18,0,Retained
815,Spain,Female,38,2,48387.0,1,1,Has Credit Card,0,Inactive,184796.84,0,Retained
645,Spain,Male,38,1,68079.8,1,0,No Credit Card,1,Active,166264.89,0,Retained
645,Germany,Male,49,4,160133.88,1,0,No Credit Card,1,Active,88391.97,0,Retained
683,France,Male,30,4,66190.33,1,1,Has Credit Card,1,Active,115186.97,0,Retained
705,France,Female,37,10,0.0,2,1,Has Credit Card,1,Active,13935.53,1,Churned
647,France,Male,35,4,123761.68,1,1,Has Credit Card,0,Inactive,83910.4,0,Retained
786,Germany,Female,33,0,122325.58,1,0,No Credit Card,0,Inactive,34712.34,1,Churned
534,France,Male,41,9,0.0,2,1,Has Credit Card,0,Inactive,13871.34,0,Retained
602,Spain,Female,42,1,138912.17,1,1,Has Credit Card,1,Active,139494.75,0,Retained
695,France,Female,42,0,0.0,2,0,No Credit Card,1,Active,140724.64,0,Retained
553,Germany,Female,25,7,128524.19,2,1,Has Credit Card,0,Inactive,20682.46,0,Retained
516,Spain,Female,31,3,0.0,2,1,Has Credit Card,0,Inactive,124202.26,0,Retained
655,France,Female,34,3,0.0,2,1,Has Credit Card,0,Inactive,159638.77,0,Retained
849,Germany,Female,49,9,132934.89,1,1,Has Credit Card,0,Inactive,171056.65,1,Churned
520,Germany,Male,43,3,150805.17,3,0,No Credit Card,1,Active,25333.03,1,Churned
568,Spain,Female,46,3,0.0,2,1,Has Credit Card,1,Active,29372.62,0,Retained
695,Spain,Male,32,9,0.0,3,0,No Credit Card,1,Active,38533.79,0,Retained
807,Spain,Female,28,7,165969.26,3,1,Has Credit Card,0,Inactive,156122.13,1,Churned
642,Germany,Female,36,2,124495.98,3,1,Has Credit Card,1,Active,57904.22,1,Churned
703,Germany,Male,39,1,141559.5,1,1,Has Credit Card,1,Active,31257.1,1,Churned
556,France,Male,38,2,114756.14,1,1,Has Credit Card,0,Inactive,193214.05,0,Retained
585,France,Female,30,6,0.0,2,1,Has Credit Card,1,Active,137757.69,0,Retained
587,Germany,Female,49,7,155393.98,2,1,Has Credit Card,0,Inactive,13308.2,1,Churned
524,Spain,Female,32,6,0.0,1,1,Has Credit Card,1,Active,132861.9,1,Churned
556,Germany,Female,31,1,128663.81,2,1,Has Credit Card,0,Inactive,125083.29,0,Retained
504,Spain,Male,44,4,113522.64,1,1,Has Credit Card,1,Active,12405.2,0,Retained
731,Spain,Female,26,3,0.0,2,1,Has Credit Card,0,Inactive,37697.29,0,Retained
651,France,Male,34,3,0.0,2,1,Has Credit Card,1,Active,105599.65,0,Retained
675,Spain,Female,40,8,79035.95,1,1,Has Credit Card,0,Inactive,142783.98,1,Churned
657,Spain,Female,22,6,0.0,3,0,No Credit Card,1,Active,168412.07,1,Churned
686,Germany,Male,33,9,141918.09,2,0,No Credit Card,1,Active,184036.47,0,Retained
690,France,Female,35,9,107944.33,2,0,No Credit Card,0,Inactive,48478.47,0,Retained
567,France,Male,36,7,0.0,2,0,No Credit Card,1,Active,3896.08,0,Retained
557,Germany,Male,57,1,120043.13,1,1,Has Credit Card,0,Inactive,132370.75,1,Churned
446,Spain,Female,45,10,125191.69,1,1,Has Credit Card,1,Active,128260.86,1,Churned
850,France,Male,31,1,96399.31,2,1,Has Credit Card,0,Inactive,106534.15,0,Retained
637,France,Male,41,2,0.0,2,0,No Credit Card,1,Active,102515.42,0,Retained
499,France,Male,60,7,76961.6,2,1,Has Credit Card,1,Active,83643.87,0,Retained
622,Germany,Female,34,7,98675.74,1,1,Has Credit Card,0,Inactive,138906.85,1,Churned
684,Germany,Male,37,1,126817.13,2,1,Has Credit Card,1,Active,29995.83,1,Churned
612,France,Male,32,3,121394.42,1,1,Has Credit Card,0,Inactive,164081.42,0,Retained
813,Germany,Female,29,5,106059.4,1,0,No Credit Card,0,Inactive,187976.88,1,Churned
850,Germany,Male,44,2,112755.34,2,0,No Credit Card,0,Inactive,158171.36,0,Retained
795,Spain,Male,29,4,0.0,2,0,No Credit Card,0,Inactive,155711.64,0,Retained
628,Spain,Female,55,7,0.0,3,1,Has Credit Card,0,Inactive,85890.75,1,Churned
565,Germany,Female,38,7,145400.69,2,1,Has Credit Card,1,Active,83844.79,0,Retained
601,France,Male,39,3,72647.64,1,1,Has Credit Card,0,Inactive,41777.9,1,Churned
802,Spain,Male,40,4,0.0,2,1,Has Credit Card,1,Active,81908.09,0,Retained
614,Germany,Female,37,6,96340.81,2,1,Has Credit Card,1,Active,139377.24,1,Churned
434,Spain,Male,55,6,0.0,1,0,No Credit Card,1,Active,73562.05,1,Churned
522,Germany,Male,32,8,124450.36,2,1,Has Credit Card,1,Active,165786.1,0,Retained
550,Germany,Male,36,2,113877.23,2,1,Has Credit Card,0,Inactive,174921.91,0,Retained
599,Spain,Male,25,3,0.0,2,1,Has Credit Card,1,Active,120790.02,0,Retained
493,France,Female,36,5,148667.81,2,1,Has Credit Card,0,Inactive,56092.51,0,Retained
755,France,Male,34,3,0.0,2,1,Has Credit Card,1,Active,158816.03,0,Retained
605,France,Female,62,4,111065.93,2,0,No Credit Card,1,Active,125660.99,0,Retained
708,France,Male,41,0,0.0,1,1,Has Credit Card,0,Inactive,128400.62,0,Retained
699,France,Male,44,8,158697.61,1,1,Has Credit Card,0,Inactive,107181.22,0,Retained
763,France,Female,53,4,0.0,1,1,Has Credit Card,0,Inactive,77203.72,1,Churned
743,Spain,Male,25,6,0.0,2,1,Has Credit Card,0,Inactive,129740.11,0,Retained
660,France,Female,48,0,90044.32,2,0,No Credit Card,1,Active,187604.97,1,Churned
619,Germany,Male,38,10,84651.79,1,1,Has Credit Card,1,Active,184754.26,0,Retained
739,Germany,Male,32,3,102128.27,1,1,Has Credit Card,0,Inactive,63981.37,1,Churned
769,Germany,Male,60,9,148846.39,1,1,Has Credit Card,0,Inactive,192831.67,1,Churned
692,France,Male,69,10,154953.94,1,1,Has Credit Card,1,Active,70849.47,0,Retained
560,France,Female,30,0,108883.29,1,1,Has Credit Card,0,Inactive,27914.95,0,Retained
607,France,Female,48,4,112070.86,3,1,Has Credit Card,0,Inactive,173568.3,1,Churned
630,Germany,Male,29,6,131354.39,1,0,No Credit Card,1,Active,9324.31,1,Churned
767,Germany,Female,45,7,132746.2,2,1,Has Credit Card,0,Inactive,26628.88,1,Churned
543,France,Female,34,8,0.0,2,0,No Credit Card,1,Active,145601.8,0,Retained
776,France,Male,39,8,125211.55,2,1,Has Credit Card,0,Inactive,144496.07,0,Retained
535,Spain,Male,58,1,0.0,2,1,Has Credit Card,1,Active,11779.98,1,Churned
549,Germany,Male,36,6,139422.37,1,0,No Credit Card,0,Inactive,83983.39,1,Churned
844,France,Female,28,4,0.0,2,0,No Credit Card,1,Active,123318.37,0,Retained
586,Germany,Female,47,5,157099.47,2,1,Has Credit Card,1,Active,65481.86,0,Retained
583,France,Male,40,3,0.0,2,1,Has Credit Card,0,Inactive,47728.0,0,Retained
701,Spain,Male,26,5,83600.24,1,0,No Credit Card,1,Active,59195.05,0,Retained
726,France,Male,28,2,0.0,1,0,No Credit Card,0,Inactive,98060.51,0,Retained
829,Germany,Male,36,4,81795.74,2,1,Has Credit Card,0,Inactive,90106.94,0,Retained
749,Spain,Male,38,9,129378.32,1,1,Has Credit Card,1,Active,13549.34,0,Retained
743,France,Female,46,9,0.0,1,1,Has Credit Card,0,Inactive,113436.08,0,Retained
619,Spain,Female,56,7,0.0,2,1,Has Credit Card,1,Active,42442.21,0,Retained
699,France,Male,22,9,99339.0,1,1,Has Credit Card,0,Inactive,68297.61,1,Churned
749,Spain,Male,36,7,0.0,2,0,No Credit Card,0,Inactive,80134.65,0,Retained
600,Germany,Female,29,6,74430.1,2,1,Has Credit Card,1,Active,96051.1,0,Retained
760,Spain,Male,38,3,91241.85,1,0,No Credit Card,1,Active,80682.35,0,Retained
528,Germany,Male,32,2,99092.45,1,0,No Credit Card,1,Active,111149.98,0,Retained
630,France,Female,26,5,0.0,2,1,Has Credit Card,0,Inactive,182612.38,0,Retained
683,Germany,Female,39,2,100062.16,2,1,Has Credit Card,0,Inactive,109201.43,0,Retained
677,Germany,Female,26,6,98723.67,1,0,No Credit Card,1,Active,151146.67,0,Retained
669,Spain,Male,29,9,0.0,1,1,Has Credit Card,1,Active,93901.61,0,Retained
693,France,Male,43,6,128760.32,1,1,Has Credit Card,0,Inactive,36342.79,0,Retained
612,Spain,Female,52,5,144772.69,1,0,No Credit Card,0,Inactive,98302.57,1,Churned
719,Spain,Male,44,4,0.0,1,0,No Credit Card,0,Inactive,84972.9,1,Churned
702,France,Male,26,2,71281.29,1,1,Has Credit Card,1,Active,108747.12,1,Churned
755,France,Male,29,9,117035.89,1,1,Has Credit Card,1,Active,21862.19,0,Retained
514,France,Male,26,1,0.0,2,0,No Credit Card,0,Inactive,121551.93,0,Retained
753,France,Female,40,0,3768.69,2,1,Has Credit Card,0,Inactive,177065.24,1,Churned
548,Germany,Female,36,2,108913.84,2,1,Has Credit Card,1,Active,140460.01,0,Retained
850,Germany,Male,28,2,101100.22,2,1,Has Credit Card,1,Active,35337.31,0,Retained
612,France,Female,38,7,110615.47,1,1,Has Credit Card,1,Active,193502.93,0,Retained
628,Germany,Male,33,8,152143.89,1,1,Has Credit Card,1,Active,32174.03,0,Retained
479,France,Male,47,6,121797.09,1,0,No Credit Card,1,Active,5811.9,1,Churned
724,France,Female,41,5,109798.25,1,0,No Credit Card,1,Active,149593.61,0,Retained
512,Germany,Male,41,7,122403.24,1,0,No Credit Card,1,Active,37439.9,1,Churned
638,France,Female,43,3,145860.98,1,1,Has Credit Card,1,Active,142763.51,1,Churned
834,Spain,Male,40,7,0.0,2,0,No Credit Card,0,Inactive,45038.74,0,Retained
781,France,Male,29,9,0.0,2,0,No Credit Card,0,Inactive,172097.4,0,Retained
707,Germany,Female,48,7,105086.74,1,1,Has Credit Card,1,Active,180344.69,1,Churned
670,France,Male,22,2,114991.45,1,1,Has Credit Card,1,Active,37392.56,0,Retained
663,Spain,Female,33,8,96769.04,1,1,Has Credit Card,1,Active,36864.05,0,Retained
624,France,Female,23,5,0.0,2,0,No Credit Card,0,Inactive,132418.59,0,Retained
598,France,Female,34,4,0.0,2,0,No Credit Card,0,Inactive,60894.26,0,Retained
619,Germany,Male,23,5,132725.1,1,1,Has Credit Card,1,Active,143913.33,0,Retained
792,France,Female,70,3,0.0,2,1,Has Credit Card,1,Active,172240.27,0,Retained
683,France,Female,26,7,0.0,2,1,Has Credit Card,0,Inactive,86619.77,0,Retained
691,France,Female,33,6,0.0,2,1,Has Credit Card,0,Inactive,164074.89,0,Retained
765,Spain,Female,33,5,84557.82,1,1,Has Credit Card,1,Active,69039.43,0,Retained
508,France,Male,49,1,93817.41,2,1,Has Credit Card,1,Active,132468.76,1,Churned
637,France,Female,33,9,113913.53,1,0,No Credit Card,1,Active,65316.5,0,Retained
667,Germany,Female,44,5,140406.68,2,0,No Credit Card,1,Active,57164.19,0,Retained
575,Spain,Female,22,8,105229.34,1,1,Has Credit Card,1,Active,34397.08,0,Retained
744,Spain,Female,46,1,0.0,3,1,Has Credit Card,1,Active,177431.59,1,Churned
567,France,Female,41,9,137891.35,1,1,Has Credit Card,0,Inactive,142009.46,1,Churned
502,France,Female,35,6,0.0,2,1,Has Credit Card,1,Active,80618.47,0,Retained
609,France,Female,53,6,0.0,2,1,Has Credit Card,1,Active,124218.27,0,Retained
715,France,Male,37,9,165252.52,1,1,Has Credit Card,0,Inactive,85286.3,0,Retained
541,France,Male,32,8,0.0,2,0,No Credit Card,0,Inactive,40889.14,0,Retained
850,France,Female,71,4,0.0,2,1,Has Credit Card,1,Active,107236.87,0,Retained
595,Spain,Male,23,7,0.0,2,1,Has Credit Card,1,Active,168085.97,0,Retained
650,Germany,Female,28,5,122034.4,3,0,No Credit Card,1,Active,146663.43,1,Churned
625,France,Female,44,7,0.0,1,1,Has Credit Card,0,Inactive,4791.8,0,Retained
817,France,Male,59,1,118962.58,1,1,Has Credit Card,1,Active,120819.58,0,Retained
526,Spain,Male,49,2,0.0,1,1,Has Credit Card,0,Inactive,114539.67,1,Churned
850,France,Female,34,4,71379.53,2,1,Has Credit Card,1,Active,154000.99,0,Retained
598,France,Female,40,2,171178.25,1,1,Has Credit Card,0,Inactive,137980.58,1,Churned
613,France,Male,36,9,131307.11,1,0,No Credit Card,0,Inactive,83343.73,0,Retained
709,Spain,Male,62,3,0.0,2,1,Has Credit Card,1,Active,82195.15,0,Retained
678,Spain,Female,27,5,87099.85,2,1,Has Credit Card,0,Inactive,149550.95,0,Retained
720,France,Male,71,5,183135.39,2,1,Has Credit Card,1,Active,197688.5,0,Retained
662,France,Male,26,0,0.0,2,0,No Credit Card,1,Active,72929.96,0,Retained
525,France,Male,51,10,0.0,3,1,Has Credit Card,0,Inactive,171045.35,1,Churned
662,France,Male,31,3,0.0,2,0,No Credit Card,1,Active,27731.05,0,Retained
770,France,Female,33,6,0.0,2,1,Has Credit Card,1,Active,126131.9,0,Retained
721,Spain,Female,33,4,72535.45,1,1,Has Credit Card,1,Active,103931.49,0,Retained
633,Germany,Male,58,2,128137.42,2,1,Has Credit Card,0,Inactive,147635.33,1,Churned
701,France,Male,51,9,0.0,2,0,No Credit Card,0,Inactive,61961.57,0,Retained
556,Germany,Male,42,0,115915.53,2,0,No Credit Card,1,Active,125435.47,1,Churned
639,France,Male,66,0,0.0,2,0,No Credit Card,1,Active,42240.54,0,Retained
632,France,Male,50,2,0.0,2,0,No Credit Card,0,Inactive,57942.88,0,Retained
456,France,Male,29,5,107000.49,1,1,Has Credit Card,1,Active,153419.62,0,Retained
729,Spain,Female,38,10,0.0,2,1,Has Credit Card,0,Inactive,189727.12,0,Retained
632,France,Female,34,2,0.0,2,0,No Credit Card,0,Inactive,165385.55,0,Retained
433,Spain,Male,34,9,152806.74,1,1,Has Credit Card,0,Inactive,19687.99,0,Retained
802,France,Female,60,3,92887.06,1,1,Has Credit Card,0,Inactive,39473.63,1,Churned
670,France,Male,25,7,0.0,2,1,Has Credit Card,1,Active,144723.38,0,Retained
738,Germany,Female,40,6,114940.67,2,1,Has Credit Card,1,Active,194895.57,1,Churned
706,Germany,Male,34,0,140641.26,2,1,Has Credit Card,1,Active,77271.91,0,Retained
592,Germany,Female,70,5,71816.74,2,1,Has Credit Card,0,Inactive,105096.82,1,Churned
522,France,Female,41,7,0.0,2,0,No Credit Card,1,Active,176780.39,0,Retained
746,France,Male,48,5,165282.42,1,1,Has Credit Card,0,Inactive,153786.46,1,Churned
651,Spain,Male,42,2,143145.87,2,1,Has Credit Card,0,Inactive,43612.06,0,Retained
494,France,Male,28,9,114731.76,2,0,No Credit Card,1,Active,79479.74,0,Retained
753,Germany,Female,46,9,113909.69,3,1,Has Credit Card,0,Inactive,92320.37,1,Churned
671,Germany,Male,36,2,116695.27,1,0,No Credit Card,0,Inactive,193201.86,0,Retained
696,France,Male,42,4,0.0,1,0,No Credit Card,0,Inactive,126353.13,1,Churned
577,Spain,Male,43,3,0.0,2,1,Has Credit Card,1,Active,135008.92,0,Retained
587,France,Male,36,1,0.0,2,0,No Credit Card,1,Active,17135.6,0,Retained
712,Germany,Male,37,7,93978.96,2,1,Has Credit Card,0,Inactive,60651.77,0,Retained
498,Germany,Male,35,2,121968.11,2,0,No Credit Card,1,Active,188343.05,0,Retained
660,France,Male,37,2,97324.91,1,1,Has Credit Card,0,Inactive,23291.83,0,Retained
678,Spain,Male,29,6,0.0,2,1,Has Credit Card,0,Inactive,64443.75,0,Retained
530,France,Male,37,8,0.0,2,1,Has Credit Card,1,Active,287.99,0,Retained
559,France,Female,48,2,0.0,2,0,No Credit Card,1,Active,137961.41,0,Retained
624,France,Male,42,3,145155.37,1,1,Has Credit Card,0,Inactive,72169.95,1,Churned
592,France,Male,28,5,137222.77,1,0,No Credit Card,0,Inactive,39608.58,0,Retained
767,France,Male,48,9,0.0,2,0,No Credit Card,1,Active,175458.21,0,Retained
653,Germany,Female,38,5,114268.22,2,1,Has Credit Card,1,Active,89524.83,0,Retained
678,Spain,Male,27,2,0.0,2,1,Has Credit Card,1,Active,13221.25,0,Retained
586,Spain,Female,42,2,0.0,1,1,Has Credit Card,0,Inactive,102889.34,0,Retained
550,France,Female,40,8,150490.32,1,0,No Credit Card,0,Inactive,166468.21,1,Churned
643,Germany,Male,28,9,160858.13,2,1,Has Credit Card,0,Inactive,27149.27,0,Retained
612,Spain,Male,39,5,170288.38,1,1,Has Credit Card,1,Active,59601.15,0,Retained
674,Germany,Female,27,4,111568.01,1,0,No Credit Card,1,Active,22026.18,0,Retained
657,Spain,Male,29,7,83889.03,1,1,Has Credit Card,0,Inactive,153059.62,0,Retained
724,Germany,Female,35,0,171982.95,2,0,No Credit Card,1,Active,167313.07,0,Retained
500,France,Female,34,4,0.0,2,1,Has Credit Card,0,Inactive,12833.96,0,Retained
688,France,Male,20,8,137624.4,2,1,Has Credit Card,1,Active,197582.79,0,Retained
599,France,Male,50,3,121159.65,1,0,No Credit Card,0,Inactive,4033.39,1,Churned
631,France,Male,29,7,0.0,2,0,No Credit Card,1,Active,125877.22,0,Retained
634,Spain,Male,52,1,0.0,2,1,Has Credit Card,1,Active,176913.42,0,Retained
545,France,Male,37,3,91184.01,1,1,Has Credit Card,0,Inactive,105476.65,0,Retained
644,Spain,Male,18,8,0.0,2,1,Has Credit Card,0,Inactive,59172.42,0,Retained
690,Germany,Female,54,1,144027.8,1,1,Has Credit Card,1,Active,108731.02,1,Churned
711,France,Female,34,6,0.0,2,1,Has Credit Card,1,Active,175310.38,0,Retained
712,France,Female,29,8,140170.61,1,1,Has Credit Card,1,Active,38170.04,0,Retained
627,France,Male,27,1,62092.9,1,1,Has Credit Card,1,Active,105887.04,0,Retained
694,Spain,Male,39,3,0.0,1,1,Has Credit Card,1,Active,95625.03,0,Retained
534,Spain,Male,35,4,0.0,2,0,No Credit Card,0,Inactive,9541.15,0,Retained
603,France,Male,45,9,0.0,1,0,No Credit Card,0,Inactive,148516.79,0,Retained
808,France,Female,33,2,103516.87,1,1,Has Credit Card,0,Inactive,113907.8,0,Retained
723,Spain,Male,30,1,0.0,3,1,Has Credit Card,0,Inactive,164647.72,1,Churned
585,France,Female,35,2,0.0,2,1,Has Credit Card,0,Inactive,98621.04,1,Churned
706,France,Male,34,8,0.0,2,1,Has Credit Card,1,Active,37479.97,0,Retained
671,France,Female,31,6,0.0,2,1,Has Credit Card,1,Active,15846.42,0,Retained
597,Spain,Male,43,2,85162.26,1,0,No Credit Card,1,Active,5104.08,1,Churned
646,France,Female,43,8,143061.88,1,1,Has Credit Card,0,Inactive,61937.6,0,Retained
801,Spain,Female,46,6,0.0,2,1,Has Credit Card,1,Active,170008.74,0,Retained
731,Spain,Female,33,5,137388.01,2,1,Has Credit Card,0,Inactive,165000.68,0,Retained
620,Germany,Female,25,1,137712.01,1,1,Has Credit Card,1,Active,76197.05,0,Retained
484,Germany,Male,40,7,106901.42,2,0,No Credit Card,0,Inactive,118045.98,0,Retained
647,Spain,Male,47,5,105603.21,2,1,Has Credit Card,1,Active,157360.9,0,Retained
688,Germany,Female,40,8,150679.71,2,0,No Credit Card,1,Active,196226.38,0,Retained
680,Germany,Male,30,4,108300.27,2,0,No Credit Card,1,Active,44384.57,1,Churned
689,France,Female,46,7,52016.08,2,1,Has Credit Card,1,Active,72993.65,0,Retained
513,Germany,Male,34,7,60515.13,1,0,No Credit Card,0,Inactive,124571.09,0,Retained
553,Germany,Male,35,2,158584.28,2,1,Has Credit Card,0,Inactive,43640.16,0,Retained
689,Germany,Male,47,2,118812.5,2,0,No Credit Card,0,Inactive,31121.42,0,Retained
517,Spain,Male,46,4,0.0,1,1,Has Credit Card,0,Inactive,22372.78,0,Retained
731,France,Male,37,8,0.0,2,1,Has Credit Card,1,Active,170338.35,0,Retained
687,Germany,Female,47,1,91219.29,1,0,No Credit Card,0,Inactive,158845.49,1,Churned
507,Spain,Male,32,7,0.0,2,1,Has Credit Card,0,Inactive,67926.18,0,Retained
468,France,Female,22,1,76318.64,1,1,Has Credit Card,1,Active,194783.12,0,Retained
682,Spain,Female,58,4,0.0,1,1,Has Credit Card,0,Inactive,176036.01,0,Retained
603,France,Female,24,3,0.0,1,1,Has Credit Card,1,Active,198826.03,1,Churned
522,Germany,Male,25,1,111432.13,1,1,Has Credit Card,1,Active,168683.57,0,Retained
629,Spain,Male,41,10,150148.51,1,0,No Credit Card,0,Inactive,6936.27,0,Retained
729,France,Female,32,7,38550.06,1,0,No Credit Card,1,Active,179230.23,0,Retained
574,France,Female,39,5,119013.86,1,1,Has Credit Card,0,Inactive,103421.91,0,Retained
677,Germany,Female,39,0,111213.64,2,1,Has Credit Card,1,Active,147578.26,0,Retained
627,Germany,Male,28,5,71097.23,1,1,Has Credit Card,1,Active,130504.49,0,Retained
788,Spain,Male,36,10,109632.85,1,1,Has Credit Card,1,Active,16149.13,0,Retained
697,France,Male,63,7,148368.02,1,0,No Credit Card,0,Inactive,118862.08,1,Churned
578,France,Male,45,1,148600.91,1,1,Has Credit Card,0,Inactive,143397.14,1,Churned
519,France,Male,48,10,71083.98,1,1,Has Credit Card,0,Inactive,137959.0,0,Retained
632,France,Female,40,9,139625.34,1,1,Has Credit Card,0,Inactive,93702.96,1,Churned
679,France,Female,39,4,0.0,1,0,No Credit Card,0,Inactive,172939.3,1,Churned
699,France,Male,30,9,0.0,1,1,Has Credit Card,1,Active,108162.13,0,Retained
615,France,Male,64,0,81564.1,2,0,No Credit Card,1,Active,35896.09,0,Retained
622,Spain,Male,36,9,0.0,2,1,Has Credit Card,1,Active,104852.6,0,Retained
755,France,Female,28,7,124540.28,1,0,No Credit Card,1,Active,188850.89,0,Retained
767,France,Female,42,2,133616.39,1,1,Has Credit Card,0,Inactive,28615.8,0,Retained
752,Germany,Female,38,10,101648.5,2,1,Has Credit Card,0,Inactive,172001.44,0,Retained
633,France,Female,26,8,124281.84,1,1,Has Credit Card,1,Active,60116.57,0,Retained
717,France,Female,59,4,0.0,2,1,Has Credit Card,1,Active,170528.63,0,Retained
585,Spain,Male,45,0,0.0,2,0,No Credit Card,0,Inactive,189683.7,0,Retained
751,France,Female,37,9,183613.66,2,0,No Credit Card,0,Inactive,49734.94,0,Retained
754,Germany,Male,65,1,136186.44,1,1,Has Credit Card,1,Active,121529.59,1,Churned
495,France,Male,47,10,137682.68,1,1,Has Credit Card,0,Inactive,71071.47,0,Retained
650,France,Male,34,4,106005.54,1,0,No Credit Card,1,Active,142995.32,0,Retained
529,France,Female,31,6,152310.55,1,1,Has Credit Card,0,Inactive,13054.25,0,Retained
585,France,Female,43,2,0.0,2,1,Has Credit Card,0,Inactive,89402.54,0,Retained
668,Spain,Male,32,1,134446.04,1,0,No Credit Card,1,Active,111241.37,0,Retained
591,France,Female,38,2,142289.28,1,0,No Credit Card,1,Active,119638.85,0,Retained
731,France,Male,19,6,0.0,2,1,Has Credit Card,1,Active,151581.79,0,Retained
754,France,Female,45,6,0.0,1,1,Has Credit Card,0,Inactive,73881.68,1,Churned
650,Germany,Female,46,9,149003.76,2,1,Has Credit Card,0,Inactive,176902.83,0,Retained
588,Germany,Male,41,2,131341.46,2,0,No Credit Card,1,Active,7034.94,0,Retained
712,Spain,Female,29,7,77919.78,1,1,Has Credit Card,0,Inactive,122547.58,0,Retained
691,France,Female,34,7,0.0,2,0,No Credit Card,1,Active,161559.12,0,Retained
771,France,Female,41,10,108309.0,4,1,Has Credit Card,1,Active,137510.41,1,Churned
678,Spain,Female,39,6,0.0,1,0,No Credit Card,1,Active,185366.56,0,Retained
719,Spain,Female,40,9,0.0,2,1,Has Credit Card,0,Inactive,182224.14,0,Retained
610,Germany,Male,36,7,115462.02,1,0,No Credit Card,1,Active,42581.04,0,Retained
722,Spain,Male,37,9,0.0,2,1,Has Credit Card,0,Inactive,31921.95,0,Retained
758,Germany,Female,23,5,122739.1,1,1,Has Credit Card,0,Inactive,102460.84,1,Churned
709,France,Female,32,2,0.0,2,0,No Credit Card,0,Inactive,109681.29,0,Retained
634,Germany,Female,53,3,113781.5,2,1,Has Credit Card,1,Active,106345.05,1,Churned
678,Spain,Female,49,1,0.0,2,1,Has Credit Card,1,Active,102472.9,0,Retained
633,France,Male,35,3,0.0,2,1,Has Credit Card,1,Active,36249.76,0,Retained
710,France,Male,43,9,128284.45,1,1,Has Credit Card,0,Inactive,32996.89,1,Churned
640,Germany,Male,45,8,120591.19,1,0,No Credit Card,0,Inactive,195123.94,0,Retained
656,France,Male,63,8,0.0,2,0,No Credit Card,1,Active,57014.43,0,Retained
551,France,Female,59,2,166968.28,1,1,Has Credit Card,0,Inactive,159483.76,1,Churned
786,Spain,Female,39,7,0.0,2,0,No Credit Card,0,Inactive,100929.59,0,Retained
561,France,Female,49,8,0.0,2,1,Has Credit Card,1,Active,12513.07,0,Retained
807,Spain,Male,42,5,0.0,2,1,Has Credit Card,1,Active,74900.9,0,Retained
602,Germany,Male,38,2,71667.97,2,0,No Credit Card,0,Inactive,137111.89,0,Retained
727,Germany,Female,31,3,82729.47,2,1,Has Credit Card,0,Inactive,60212.51,0,Retained
678,France,Male,40,1,0.0,2,1,Has Credit Card,1,Active,187343.4,0,Retained
730,France,Male,23,8,0.0,2,1,Has Credit Card,0,Inactive,183284.53,0,Retained
596,Spain,Female,30,1,0.0,2,1,Has Credit Card,0,Inactive,8125.39,0,Retained
686,Germany,Male,39,3,129626.19,2,1,Has Credit Card,1,Active,103220.56,0,Retained
684,Germany,Female,26,2,114035.39,1,0,No Credit Card,0,Inactive,96885.19,0,Retained
797,Germany,Male,32,1,151922.94,1,1,Has Credit Card,0,Inactive,8877.06,0,Retained
658,France,Female,39,4,0.0,1,1,Has Credit Card,1,Active,147530.06,0,Retained
653,Spain,Female,27,6,107751.68,2,1,Has Credit Card,1,Active,33389.42,0,Retained
641,France,Male,37,6,0.0,2,1,Has Credit Card,0,Inactive,45309.24,0,Retained
656,Spain,Female,41,6,101179.23,2,1,Has Credit Card,1,Active,35230.61,0,Retained
750,Spain,Female,36,6,0.0,2,1,Has Credit Card,1,Active,59816.41,0,Retained
768,France,Female,40,8,0.0,2,0,No Credit Card,1,Active,69080.46,0,Retained
568,France,Male,33,7,0.0,2,1,Has Credit Card,0,Inactive,143450.61,0,Retained
706,Germany,Male,36,9,58571.18,2,1,Has Credit Card,0,Inactive,40774.01,0,Retained
430,Germany,Female,38,8,153058.64,1,1,Has Credit Card,0,Inactive,99377.27,0,Retained
745,Germany,Male,35,4,98270.34,1,1,Has Credit Card,0,Inactive,133617.43,0,Retained
747,France,Male,43,1,130788.71,1,0,No Credit Card,1,Active,101495.0,1,Churned
657,Germany,Male,40,7,99165.84,1,0,No Credit Card,1,Active,119333.95,1,Churned
639,France,Female,42,4,0.0,2,0,No Credit Card,0,Inactive,167682.37,0,Retained
704,France,Male,44,3,0.0,2,0,No Credit Card,1,Active,152884.85,0,Retained
651,Spain,Male,23,4,115636.05,2,1,Has Credit Card,0,Inactive,70400.86,0,Retained
706,Germany,Female,44,2,185932.18,2,1,Has Credit Card,0,Inactive,65413.41,0,Retained
632,Germany,Male,30,2,72549.0,2,0,No Credit Card,1,Active,182728.8,0,Retained
751,France,Male,42,4,0.0,2,1,Has Credit Card,1,Active,81442.6,0,Retained
767,France,Female,35,2,0.0,2,0,No Credit Card,0,Inactive,144251.38,0,Retained
741,France,Male,39,5,0.0,1,0,No Credit Card,1,Active,40207.06,0,Retained
651,Germany,Male,29,3,121890.06,1,1,Has Credit Card,0,Inactive,54530.51,1,Churned
601,France,Male,46,2,99786.07,1,1,Has Credit Card,1,Active,32683.88,1,Churned
520,France,Male,34,3,0.0,2,1,Has Credit Card,1,Active,104703.96,0,Retained
626,Germany,Male,27,4,115084.53,2,0,No Credit Card,1,Active,26907.43,0,Retained
811,France,Male,30,6,0.0,2,1,Has Credit Card,1,Active,180591.32,0,Retained
730,France,Female,32,9,127661.69,1,0,No Credit Card,0,Inactive,60905.51,0,Retained
604,Germany,Female,47,4,118907.6,1,0,No Credit Card,1,Active,47777.15,1,Churned
499,Germany,Female,44,6,77627.33,2,1,Has Credit Card,0,Inactive,108222.68,0,Retained
754,Spain,Male,40,2,160625.17,1,0,No Credit Card,1,Active,3554.63,0,Retained
716,Spain,Female,29,8,0.0,2,0,No Credit Card,0,Inactive,78616.92,0,Retained
636,France,Female,20,10,124266.86,1,0,No Credit Card,0,Inactive,100566.81,0,Retained
470,France,Female,25,8,127974.06,2,1,Has Credit Card,1,Active,183259.35,0,Retained
444,France,Male,43,3,0.0,2,1,Has Credit Card,1,Active,159131.21,0,Retained
809,Spain,Female,48,2,0.0,1,1,Has Credit Card,0,Inactive,160976.85,1,Churned
850,Germany,Female,30,3,104911.35,2,1,Has Credit Card,1,Active,42933.26,0,Retained
637,France,Male,27,1,0.0,2,1,Has Credit Card,0,Inactive,91291.2,0,Retained
512,France,Male,43,1,0.0,2,1,Has Credit Card,1,Active,52471.36,0,Retained
774,Spain,Female,43,1,110646.54,1,0,No Credit Card,0,Inactive,108804.28,0,Retained
641,France,Male,57,5,0.0,2,1,Has Credit Card,1,Active,122449.18,0,Retained
586,Germany,Male,42,6,126704.49,2,1,Has Credit Card,0,Inactive,41682.3,0,Retained
611,France,Male,30,9,0.0,2,1,Has Credit Card,1,Active,148887.69,0,Retained
660,Spain,Male,31,1,84560.04,1,1,Has Credit Card,1,Active,137784.25,0,Retained
532,France,Male,43,9,0.0,2,0,No Credit Card,0,Inactive,190573.91,1,Churned
557,Germany,Female,38,2,129893.56,1,0,No Credit Card,0,Inactive,102076.03,0,Retained
730,Spain,Male,25,5,167385.81,1,1,Has Credit Card,1,Active,56307.51,0,Retained
535,France,Female,27,6,0.0,2,0,No Credit Card,1,Active,49775.58,0,Retained
773,Germany,Female,36,4,105858.71,1,0,No Credit Card,1,Active,4395.45,0,Retained
510,Germany,Female,44,4,123070.89,1,1,Has Credit Card,0,Inactive,28461.29,1,Churned
539,France,Male,39,1,0.0,1,1,Has Credit Card,1,Active,28184.7,0,Retained
690,Spain,Female,48,2,0.0,2,1,Has Credit Card,1,Active,3149.1,0,Retained
821,France,Female,40,1,0.0,2,1,Has Credit Card,0,Inactive,194273.12,0,Retained
687,Germany,Male,35,1,125141.24,2,1,Has Credit Card,1,Active,148537.07,0,Retained
557,France,Female,46,4,96173.17,2,1,Has Credit Card,1,Active,116378.31,0,Retained
532,Spain,Female,37,5,0.0,2,0,No Credit Card,1,Active,6761.84,0,Retained
540,Spain,Male,39,2,0.0,2,1,Has Credit Card,0,Inactive,81995.92,0,Retained
705,France,Female,55,8,0.0,2,1,Has Credit Card,1,Active,14392.68,0,Retained
542,Germany,Female,35,9,127543.11,2,1,Has Credit Card,0,Inactive,468.94,1,Churned
706,France,Male,38,1,0.0,2,1,Has Credit Card,0,Inactive,122379.54,0,Retained
765,France,Female,56,1,0.0,1,1,Has Credit Card,0,Inactive,13228.93,1,Churned
529,France,Male,67,8,103101.56,2,1,Has Credit Card,1,Active,154002.02,1,Churned
714,France,Male,54,7,126113.28,1,1,Has Credit Card,0,Inactive,112777.38,0,Retained
582,France,Male,41,1,40488.76,1,1,Has Credit Card,0,Inactive,128528.83,0,Retained
609,Germany,Female,40,10,137389.77,2,1,Has Credit Card,0,Inactive,170122.22,0,Retained
518,France,Female,28,9,85146.36,1,0,No Credit Card,0,Inactive,2803.89,0,Retained
791,Germany,Male,35,5,129828.58,1,1,Has Credit Card,1,Active,181918.26,1,Churned
747,France,Male,42,4,80214.36,1,1,Has Credit Card,0,Inactive,115241.96,1,Churned
565,France,Female,40,2,0.0,2,1,Has Credit Card,1,Active,129956.13,0,Retained
735,France,Male,34,1,141796.43,1,1,Has Credit Card,0,Inactive,45858.49,0,Retained
697,France,Female,49,7,195238.29,4,0,No Credit Card,1,Active,131083.56,1,Churned
813,Germany,Male,27,6,111348.15,1,1,Has Credit Card,0,Inactive,46422.46,0,Retained
772,France,Male,43,6,0.0,2,1,Has Credit Card,1,Active,57675.88,0,Retained
606,France,Female,71,8,0.0,2,1,Has Credit Card,1,Active,169741.96,0,Retained
667,Germany,Female,42,10,64404.26,2,0,No Credit Card,0,Inactive,26022.37,0,Retained
637,Germany,Male,40,9,154309.67,1,1,Has Credit Card,1,Active,125334.16,1,Churned
542,France,Male,67,10,129431.36,1,0,No Credit Card,1,Active,21343.74,0,Retained
762,Spain,Female,43,5,134204.67,1,1,Has Credit Card,1,Active,139971.01,0,Retained
698,France,Female,39,4,0.0,2,0,No Credit Card,1,Active,47455.82,0,Retained
850,France,Female,32,8,0.0,2,1,Has Credit Card,1,Active,55593.8,0,Retained
621,France,Female,50,5,0.0,2,1,Has Credit Card,0,Inactive,191756.54,1,Churned
671,Germany,Female,48,9,116711.06,2,0,No Credit Card,0,Inactive,76373.38,0,Retained
775,France,Male,31,9,0.0,2,1,Has Credit Card,0,Inactive,169278.51,0,Retained
504,Spain,Male,34,0,54980.81,1,1,Has Credit Card,1,Active,136909.88,0,Retained
751,Spain,Female,37,3,99773.85,2,1,Has Credit Card,0,Inactive,54865.92,0,Retained
691,Germany,Male,30,7,101231.77,2,0,No Credit Card,0,Inactive,156529.44,0,Retained
841,Germany,Male,32,2,117070.21,1,1,Has Credit Card,0,Inactive,113482.2,0,Retained
709,Germany,Male,23,8,73314.04,2,1,Has Credit Card,0,Inactive,63446.47,0,Retained
673,France,Male,37,2,0.0,1,1,Has Credit Card,1,Active,13624.02,0,Retained
541,France,Male,37,9,212314.03,1,0,No Credit Card,1,Active,148814.54,0,Retained
661,France,Female,31,3,136067.82,2,1,Has Credit Card,0,Inactive,65567.91,0,Retained
784,Spain,Female,42,2,109052.04,2,1,Has Credit Card,0,Inactive,6409.55,0,Retained
742,France,Female,35,2,79126.17,1,1,Has Credit Card,1,Active,126997.53,0,Retained
850,Spain,Female,55,7,0.0,1,0,No Credit Card,0,Inactive,171762.87,1,Churned
443,France,Female,35,9,108308.0,1,1,Has Credit Card,0,Inactive,129031.19,1,Churned
778,Germany,Female,48,3,102290.56,2,1,Has Credit Card,0,Inactive,182691.31,0,Retained
529,France,Male,39,6,102025.08,2,1,Has Credit Card,0,Inactive,12351.01,0,Retained
678,Germany,Female,37,2,113383.07,1,1,Has Credit Card,1,Active,135123.96,0,Retained
516,Spain,Female,65,9,102541.1,1,1,Has Credit Card,0,Inactive,181490.42,0,Retained
469,Spain,Male,35,5,0.0,2,1,Has Credit Card,0,Inactive,186490.37,0,Retained
786,Spain,Male,40,6,0.0,2,0,No Credit Card,0,Inactive,41248.8,0,Retained
703,France,Female,41,6,109941.51,1,1,Has Credit Card,0,Inactive,116267.28,0,Retained
579,Germany,Male,41,0,141749.68,1,0,No Credit Card,1,Active,9201.53,0,Retained
565,France,Male,38,5,0.0,2,0,No Credit Card,1,Active,80630.32,0,Retained
443,France,Male,44,2,0.0,1,1,Has Credit Card,0,Inactive,159165.7,0,Retained
589,France,Male,37,7,85146.48,2,1,Has Credit Card,0,Inactive,86490.09,1,Churned
691,France,Female,44,6,134066.1,2,1,Has Credit Card,1,Active,197572.41,0,Retained
711,France,Female,28,8,0.0,2,0,No Credit Card,0,Inactive,105159.89,0,Retained
775,Spain,Male,27,4,0.0,1,1,Has Credit Card,1,Active,40807.26,0,Retained
621,France,Male,35,7,87619.29,1,1,Has Credit Card,0,Inactive,143.34,0,Retained
350,France,Male,51,10,0.0,1,1,Has Credit Card,1,Active,125823.79,1,Churned
668,Spain,Female,30,8,0.0,2,1,Has Credit Card,0,Inactive,138465.7,0,Retained
633,Spain,Male,27,3,0.0,2,1,Has Credit Card,0,Inactive,44008.91,0,Retained
697,Germany,Male,43,8,103409.16,1,1,Has Credit Card,0,Inactive,66893.28,1,Churned
734,Germany,Female,30,7,123040.38,1,1,Has Credit Card,1,Active,76503.06,0,Retained
434,France,Male,41,4,108128.52,1,0,No Credit Card,1,Active,56784.11,0,Retained
646,Germany,Male,48,8,169023.33,2,1,Has Credit Card,1,Active,175657.55,0,Retained
764,France,Male,30,5,0.0,2,0,No Credit Card,1,Active,105155.66,0,Retained
727,Spain,Female,41,10,0.0,2,0,No Credit Card,1,Active,47468.56,0,Retained
724,France,Female,29,6,0.0,2,0,No Credit Card,1,Active,64729.51,0,Retained
749,Spain,Male,42,9,222267.63,1,0,No Credit Card,0,Inactive,101108.85,1,Churned
706,Germany,Female,47,10,144090.42,1,1,Has Credit Card,0,Inactive,140938.95,1,Churned
728,France,Male,30,10,114835.43,1,0,No Credit Card,1,Active,37662.49,0,Retained
636,France,Male,44,2,0.0,2,0,No Credit Card,0,Inactive,86414.41,0,Retained
634,France,Male,34,3,145030.92,1,1,Has Credit Card,1,Active,41820.65,0,Retained
627,France,Male,43,8,71240.3,1,0,No Credit Card,1,Active,127734.16,0,Retained
518,France,Male,59,5,138772.15,1,0,No Credit Card,1,Active,123872.0,0,Retained
687,Spain,Female,29,7,93617.07,1,0,No Credit Card,1,Active,113050.92,0,Retained
622,Spain,Female,23,8,0.0,2,1,Has Credit Card,1,Active,131389.39,0,Retained
693,Spain,Female,45,4,0.0,2,1,Has Credit Card,1,Active,26589.56,0,Retained
450,Spain,Male,25,9,74237.2,2,0,No Credit Card,1,Active,195463.35,0,Retained
664,Germany,Female,49,5,127421.78,2,1,Has Credit Card,0,Inactive,108876.75,1,Churned
663,Spain,Female,28,8,61274.7,2,1,Has Credit Card,0,Inactive,136054.45,0,Retained
660,France,Male,34,8,106486.66,2,0,No Credit Card,1,Active,182262.66,0,Retained
579,France,Female,29,10,73194.52,2,1,Has Credit Card,1,Active,129209.09,0,Retained
655,Germany,Female,44,6,146498.76,1,1,Has Credit Card,0,Inactive,64853.51,1,Churned
683,France,Male,47,1,0.0,2,1,Has Credit Card,0,Inactive,148989.15,0,Retained
655,France,Female,32,2,0.0,1,1,Has Credit Card,1,Active,71047.51,0,Retained
575,Spain,Female,30,8,0.0,2,1,Has Credit Card,0,Inactive,185341.63,0,Retained
574,Spain,Male,30,5,120355.0,1,1,Has Credit Card,0,Inactive,137793.35,0,Retained
795,France,Male,32,2,117265.21,1,1,Has Credit Card,1,Active,198317.23,0,Retained
776,France,Female,43,4,0.0,2,0,No Credit Card,1,Active,162137.5,0,Retained
707,Spain,Female,52,7,0.0,1,1,Has Credit Card,0,Inactive,109688.82,1,Churned
705,Germany,Female,37,3,109974.22,1,1,Has Credit Card,1,Active,36320.87,1,Churned
678,Germany,Female,44,2,98009.13,2,0,No Credit Card,1,Active,31384.86,0,Retained
663,France,Male,34,10,0.0,1,1,Has Credit Card,1,Active,114083.73,0,Retained
748,France,Male,66,8,0.0,1,1,Has Credit Card,1,Active,163331.65,0,Retained
677,Spain,Female,34,10,171671.9,1,1,Has Credit Card,1,Active,50777.77,0,Retained
634,Spain,Male,63,10,0.0,2,1,Has Credit Card,0,Inactive,30772.86,1,Churned
350,France,Female,60,3,0.0,1,0,No Credit Card,0,Inactive,113796.15,1,Churned
727,France,Male,61,0,128213.96,2,1,Has Credit Card,1,Active,188729.08,1,Churned
773,Germany,Male,51,8,116197.65,2,1,Has Credit Card,1,Active,86701.4,0,Retained
675,France,Male,39,1,0.0,2,1,Has Credit Card,0,Inactive,153129.22,0,Retained
649,Spain,Female,36,6,86607.39,1,0,No Credit Card,0,Inactive,19825.09,0,Retained
552,France,Male,29,10,0.0,2,1,Has Credit Card,0,Inactive,12186.83,0,Retained
761,Germany,Male,62,5,98854.34,1,0,No Credit Card,0,Inactive,86920.97,1,Churned
622,France,Male,31,7,0.0,1,1,Has Credit Card,0,Inactive,35408.77,0,Retained
615,France,Male,59,8,0.0,2,1,Has Credit Card,1,Active,165576.55,0,Retained
681,Germany,Male,31,4,97338.19,2,0,No Credit Card,0,Inactive,48226.76,0,Retained
768,France,Male,30,6,0.0,2,1,Has Credit Card,1,Active,199454.37,0,Retained
617,Spain,Male,34,9,0.0,2,1,Has Credit Card,0,Inactive,118749.58,0,Retained
452,France,Female,33,6,131698.57,2,1,Has Credit Card,0,Inactive,151623.91,0,Retained
807,Germany,Male,37,10,130110.45,2,0,No Credit Card,1,Active,172097.95,0,Retained
567,Spain,Male,44,9,0.0,2,1,Has Credit Card,0,Inactive,87677.15,0,Retained
603,Spain,Male,24,1,165149.13,2,1,Has Credit Card,0,Inactive,21858.28,0,Retained
617,Spain,Female,37,9,101707.8,1,1,Has Credit Card,0,Inactive,123866.28,0,Retained
701,France,Female,34,3,105588.66,1,0,No Credit Card,1,Active,74694.41,0,Retained
820,Germany,Male,39,9,111336.89,1,1,Has Credit Card,0,Inactive,16770.31,1,Churned
438,France,Male,60,7,78391.17,1,0,No Credit Card,1,Active,49424.6,0,Retained
600,Spain,Female,27,6,0.0,2,1,Has Credit Card,1,Active,172031.22,0,Retained
782,France,Male,34,9,0.0,1,1,Has Credit Card,0,Inactive,183021.06,1,Churned
638,Germany,Female,41,9,144326.09,1,1,Has Credit Card,0,Inactive,73979.85,1,Churned
850,Germany,Male,27,1,101278.25,2,1,Has Credit Card,1,Active,26265.18,0,Retained
741,Germany,Female,19,8,108711.57,2,1,Has Credit Card,0,Inactive,24857.25,0,Retained
689,Spain,Male,73,1,108555.07,1,0,No Credit Card,1,Active,167969.15,0,Retained
743,Germany,Female,35,1,146781.24,1,1,Has Credit Card,0,Inactive,189307.7,0,Retained
493,France,Female,36,2,0.0,2,0,No Credit Card,1,Active,99770.3,0,Retained
416,Spain,Male,35,8,0.0,1,0,No Credit Card,0,Inactive,119712.78,0,Retained
725,France,Female,25,9,0.0,2,1,Has Credit Card,1,Active,168607.74,0,Retained
497,France,Male,34,2,0.0,2,1,Has Credit Card,1,Active,83087.13,0,Retained
537,Germany,Male,66,8,103291.25,2,1,Has Credit Card,1,Active,130664.79,0,Retained
706,Spain,Female,29,1,209490.21,1,1,Has Credit Card,1,Active,133267.69,1,Churned
651,Spain,Male,38,2,0.0,3,1,Has Credit Card,0,Inactive,67029.82,1,Churned
720,France,Male,33,2,0.0,2,0,No Credit Card,1,Active,141031.08,0,Retained
797,France,Male,45,8,0.0,1,0,No Credit Card,0,Inactive,125110.02,0,Retained
543,Spain,Male,23,5,0.0,2,1,Has Credit Card,0,Inactive,117832.39,0,Retained
454,France,Male,34,4,0.0,2,1,Has Credit Card,0,Inactive,198817.72,0,Retained
691,France,Male,37,9,149405.18,1,1,Has Credit Card,1,Active,146411.6,0,Retained
510,France,Female,52,6,191665.21,1,1,Has Credit Card,1,Active,131312.56,1,Churned
792,Spain,Female,40,7,0.0,1,1,Has Credit Card,0,Inactive,141652.2,0,Retained
721,France,Male,41,6,135071.12,1,1,Has Credit Card,1,Active,64477.25,0,Retained
765,France,Male,41,2,0.0,2,0,No Credit Card,1,Active,191215.61,0,Retained
850,Spain,Male,39,8,0.0,2,1,Has Credit Card,1,Active,37090.44,0,Retained
681,Germany,Male,38,6,181804.34,2,1,Has Credit Card,1,Active,57517.71,0,Retained
586,France,Female,60,3,47020.65,2,0,No Credit Card,1,Active,63241.21,1,Churned
753,France,Female,36,7,128518.98,1,1,Has Credit Card,1,Active,44567.83,1,Churned
593,Germany,Female,38,5,142658.04,2,0,No Credit Card,1,Active,135337.11,0,Retained
674,France,Female,21,9,120150.39,2,1,Has Credit Card,1,Active,33964.03,0,Retained
610,France,Female,35,7,81905.95,1,1,Has Credit Card,1,Active,61623.19,0,Retained
652,France,Male,26,3,137998.2,2,0,No Credit Card,1,Active,168989.77,0,Retained
850,Germany,Female,26,8,123126.29,1,1,Has Credit Card,0,Inactive,74425.41,0,Retained
740,France,Female,51,4,0.0,2,1,Has Credit Card,1,Active,178929.84,0,Retained
637,Germany,Male,43,1,135645.29,2,0,No Credit Card,1,Active,101382.86,1,Churned
685,Spain,Male,31,7,122449.31,2,1,Has Credit Card,1,Active,180769.55,0,Retained
558,Spain,Male,40,4,161766.87,1,0,No Credit Card,0,Inactive,92378.54,0,Retained
677,France,Female,37,3,0.0,2,1,Has Credit Card,1,Active,38252.25,0,Retained
592,Germany,Male,36,10,123187.51,1,0,No Credit Card,1,Active,146111.35,0,Retained
652,Germany,Male,36,9,150956.71,1,0,No Credit Card,0,Inactive,72350.17,0,Retained
662,Spain,Female,42,6,105021.28,1,1,Has Credit Card,0,Inactive,48242.38,0,Retained
543,France,Male,64,4,0.0,2,1,Has Credit Card,1,Active,148305.82,0,Retained
675,Spain,Female,50,1,133204.91,1,0,No Credit Card,1,Active,8270.06,0,Retained
643,Spain,Female,35,6,0.0,2,1,Has Credit Card,1,Active,41549.64,0,Retained
611,Germany,Female,49,9,115488.52,2,1,Has Credit Card,1,Active,138656.81,1,Churned
412,France,Male,29,5,0.0,2,0,No Credit Card,0,Inactive,12510.53,0,Retained
638,Spain,Male,41,7,0.0,2,1,Has Credit Card,0,Inactive,43889.41,0,Retained
824,Spain,Female,38,3,0.0,2,1,Has Credit Card,0,Inactive,192800.25,0,Retained
683,France,Female,40,1,0.0,2,0,No Credit Card,0,Inactive,75762.0,0,Retained
562,Germany,Female,39,6,130565.02,1,1,Has Credit Card,0,Inactive,9854.72,1,Churned
599,France,Female,41,2,91328.71,1,1,Has Credit Card,0,Inactive,115724.78,0,Retained
753,France,Male,35,4,0.0,2,1,Has Credit Card,1,Active,106303.4,0,Retained
594,France,Male,50,7,81310.34,1,1,Has Credit Card,1,Active,183868.01,0,Retained
657,France,Male,34,3,107136.6,1,1,Has Credit Card,0,Inactive,153895.46,0,Retained
716,Spain,Male,34,9,0.0,1,1,Has Credit Card,1,Active,66695.71,0,Retained
850,France,Male,43,7,0.0,2,1,Has Credit Card,1,Active,173851.11,0,Retained
664,France,Male,46,2,0.0,1,1,Has Credit Card,1,Active,177423.02,1,Churned
558,France,Male,33,0,108477.49,1,1,Has Credit Card,1,Active,109096.71,1,Churned
606,Germany,Male,40,1,144757.97,2,1,Has Credit Card,1,Active,166656.18,0,Retained
776,Spain,Male,33,2,0.0,2,1,Has Credit Card,1,Active,176921.0,0,Retained
557,Spain,Male,36,1,113110.26,1,1,Has Credit Card,0,Inactive,98413.1,0,Retained
614,France,Female,27,9,106414.57,2,0,No Credit Card,0,Inactive,77500.81,0,Retained
620,Spain,Male,42,4,106920.91,1,0,No Credit Card,1,Active,119747.08,0,Retained
695,Spain,Male,35,7,0.0,2,1,Has Credit Card,0,Inactive,160387.98,0,Retained
729,Germany,Female,39,1,131513.26,1,1,Has Credit Card,1,Active,193715.0,0,Retained
571,France,Female,53,2,0.0,2,1,Has Credit Card,0,Inactive,28045.77,0,Retained
457,France,Male,40,10,134320.23,2,1,Has Credit Card,0,Inactive,150757.35,0,Retained
559,France,Female,29,3,79715.36,1,1,Has Credit Card,0,Inactive,82252.28,0,Retained
664,France,Female,38,4,74306.19,2,1,Has Credit Card,0,Inactive,154395.56,0,Retained
500,Spain,Female,50,5,0.0,4,1,Has Credit Card,1,Active,83866.35,1,Churned
782,Germany,Male,42,7,126428.38,1,1,Has Credit Card,0,Inactive,39830.1,0,Retained
708,Spain,Male,38,8,99640.89,1,1,Has Credit Card,0,Inactive,12429.22,0,Retained
681,France,Male,43,3,66338.68,1,1,Has Credit Card,1,Active,18772.5,1,Churned
674,Spain,Female,39,6,0.0,2,1,Has Credit Card,1,Active,9574.83,0,Retained
697,Spain,Male,43,10,128226.37,1,0,No Credit Card,0,Inactive,188486.94,0,Retained
774,France,Female,26,5,0.0,2,1,Has Credit Card,1,Active,64716.08,0,Retained
624,France,Male,36,6,0.0,2,0,No Credit Card,0,Inactive,84749.96,0,Retained
747,Spain,Male,37,1,0.0,2,0,No Credit Card,1,Active,180551.76,0,Retained
715,France,Female,32,10,0.0,2,1,Has Credit Card,0,Inactive,60907.49,0,Retained
808,France,Male,24,4,122168.65,1,1,Has Credit Card,0,Inactive,174107.04,0,Retained
678,France,Female,43,7,178074.33,1,0,No Credit Card,0,Inactive,110405.9,0,Retained
813,Germany,Male,59,2,135078.41,1,1,Has Credit Card,0,Inactive,187636.06,1,Churned
687,Spain,Male,38,8,69434.4,2,1,Has Credit Card,1,Active,66580.13,1,Churned
832,France,Female,29,5,0.0,2,1,Has Credit Card,0,Inactive,178779.52,0,Retained
668,France,Male,72,2,0.0,2,1,Has Credit Card,1,Active,70783.61,0,Retained
526,Germany,Male,34,3,122726.56,1,1,Has Credit Card,1,Active,46772.36,0,Retained
457,France,Female,38,7,164496.99,1,1,Has Credit Card,1,Active,163327.27,0,Retained
649,Spain,Female,38,8,0.0,1,1,Has Credit Card,0,Inactive,103760.53,0,Retained
669,France,Female,41,0,150219.41,2,0,No Credit Card,0,Inactive,107839.03,0,Retained
668,France,Male,42,8,187534.79,1,1,Has Credit Card,1,Active,32900.41,1,Churned
466,France,Female,30,3,0.0,1,1,Has Credit Card,0,Inactive,193984.6,0,Retained
685,France,Male,30,2,0.0,2,1,Has Credit Card,1,Active,140889.32,0,Retained
610,France,Male,34,0,103108.17,1,0,No Credit Card,0,Inactive,125646.82,0,Retained
582,Germany,Female,50,6,96486.57,2,1,Has Credit Card,1,Active,20344.02,0,Retained
702,Germany,Male,36,9,90560.48,2,1,Has Credit Card,0,Inactive,174268.87,0,Retained
556,Spain,Male,46,3,131764.96,1,1,Has Credit Card,1,Active,108500.66,1,Churned
812,Spain,Female,24,1,92476.88,1,0,No Credit Card,0,Inactive,83247.14,0,Retained
645,Germany,Male,47,9,152076.93,1,1,Has Credit Card,0,Inactive,121840.2,1,Churned
809,France,Male,43,2,0.0,2,1,Has Credit Card,1,Active,132908.07,0,Retained
560,France,Male,49,4,0.0,1,1,Has Credit Card,1,Active,100075.1,1,Churned
744,France,Male,29,1,43504.42,1,1,Has Credit Card,1,Active,119327.75,0,Retained
731,Spain,Female,39,2,0.0,2,1,Has Credit Card,0,Inactive,136737.13,0,Retained
471,Spain,Female,28,5,0.0,2,1,Has Credit Card,1,Active,22356.97,0,Retained
686,Germany,Female,38,2,93569.86,3,0,No Credit Card,0,Inactive,10137.34,1,Churned
668,Spain,Male,45,4,102486.21,2,1,Has Credit Card,1,Active,158379.25,0,Retained
575,France,Male,36,1,0.0,1,0,No Credit Card,1,Active,94570.56,0,Retained
435,Germany,Male,37,8,114346.3,1,0,No Credit Card,1,Active,980.93,1,Churned
743,France,Male,23,3,110203.77,1,1,Has Credit Card,0,Inactive,95583.45,0,Retained
580,France,Female,39,9,128362.59,1,1,Has Credit Card,0,Inactive,86044.98,0,Retained
599,Germany,Female,49,10,143888.22,2,1,Has Credit Card,1,Active,166236.38,1,Churned
534,Spain,Male,34,5,170600.78,1,0,No Credit Card,1,Active,5240.53,0,Retained
680,France,Female,32,5,0.0,1,1,Has Credit Card,1,Active,150684.23,0,Retained
631,Spain,Female,46,10,0.0,2,1,Has Credit Card,1,Active,129508.96,0,Retained
485,France,Female,39,2,75339.64,1,1,Has Credit Card,1,Active,70665.16,0,Retained
699,France,Female,40,8,122038.34,1,1,Has Credit Card,0,Inactive,102085.35,0,Retained
712,France,Male,34,1,0.0,2,1,Has Credit Card,1,Active,195052.12,0,Retained
603,France,Male,51,8,186825.57,1,1,Has Credit Card,0,Inactive,93739.71,1,Churned
850,France,Male,40,6,124788.18,1,1,Has Credit Card,0,Inactive,65612.12,0,Retained
584,France,Female,41,3,0.0,2,1,Has Credit Card,1,Active,160095.48,0,Retained
604,France,Female,71,2,0.0,2,1,Has Credit Card,1,Active,49506.82,0,Retained
586,France,Male,51,2,138553.57,1,1,Has Credit Card,1,Active,92406.22,0,Retained
467,Spain,Male,39,5,0.0,2,1,Has Credit Card,1,Active,7415.96,0,Retained
520,France,Male,35,9,105387.89,1,1,Has Credit Card,1,Active,25059.06,0,Retained
683,Spain,Male,40,4,95053.1,1,1,Has Credit Card,1,Active,116816.54,1,Churned
557,France,Male,36,3,0.0,1,0,No Credit Card,1,Active,144078.02,0,Retained
613,Spain,Female,32,0,0.0,2,0,No Credit Card,1,Active,126675.62,0,Retained
786,France,Male,34,3,137361.96,1,0,No Credit Card,0,Inactive,183682.09,0,Retained
593,Spain,Male,32,10,158537.42,1,1,Has Credit Card,0,Inactive,166850.57,0,Retained
670,Spain,Female,29,9,0.0,2,1,Has Credit Card,0,Inactive,27359.19,0,Retained
657,Germany,Female,48,5,143595.87,1,0,No Credit Card,0,Inactive,101314.65,1,Churned
718,Germany,Male,32,9,169947.41,2,1,Has Credit Card,1,Active,27979.16,0,Retained
623,France,Female,24,7,148167.83,2,1,Has Credit Card,1,Active,109470.34,0,Retained
496,France,Male,31,5,0.0,2,1,Has Credit Card,0,Inactive,93713.13,0,Retained
429,France,Female,39,6,48023.83,1,1,Has Credit Card,0,Inactive,74870.99,0,Retained
606,France,Male,36,1,155655.46,1,1,Has Credit Card,1,Active,192387.51,1,Churned
499,France,Female,46,6,0.0,2,1,Has Credit Card,0,Inactive,73457.55,0,Retained
642,France,Male,62,7,0.0,2,1,Has Credit Card,1,Active,61120.75,0,Retained
641,France,Female,52,4,0.0,1,1,Has Credit Card,0,Inactive,90964.54,1,Churned
673,France,Male,32,8,121240.76,1,1,Has Credit Card,0,Inactive,116969.73,0,Retained
570,France,Female,36,3,0.0,2,1,Has Credit Card,0,Inactive,92118.75,0,Retained
472,France,Female,37,1,0.0,2,1,Has Credit Card,1,Active,48357.9,0,Retained
550,Germany,Male,35,9,129847.75,2,1,Has Credit Card,0,Inactive,197325.4,0,Retained
625,Germany,Female,55,8,118772.71,4,0,No Credit Card,0,Inactive,135853.62,1,Churned
516,France,Male,46,2,0.0,2,1,Has Credit Card,1,Active,169122.54,0,Retained
682,Germany,Male,32,2,105163.88,2,1,Has Credit Card,1,Active,164170.46,0,Retained
620,France,Male,28,8,0.0,2,1,Has Credit Card,1,Active,199909.32,0,Retained
626,France,Female,39,0,0.0,2,1,Has Credit Card,1,Active,83295.09,0,Retained
623,France,Female,29,1,0.0,2,0,No Credit Card,0,Inactive,39382.06,0,Retained
569,France,Female,35,4,93934.63,1,1,Has Credit Card,0,Inactive,184748.23,0,Retained
724,France,Female,69,5,117866.92,1,1,Has Credit Card,1,Active,62280.91,0,Retained
678,France,Female,55,5,0.0,1,0,No Credit Card,1,Active,196794.11,1,Churned
713,Spain,Female,26,4,122857.46,2,1,Has Credit Card,0,Inactive,144682.17,1,Churned
631,France,Male,32,10,0.0,2,0,No Credit Card,1,Active,196342.66,0,Retained
846,France,Female,37,6,127103.97,1,1,Has Credit Card,1,Active,41516.44,0,Retained
660,France,Female,43,1,0.0,1,0,No Credit Card,1,Active,112026.1,1,Churned
567,France,Male,54,9,96402.96,1,0,No Credit Card,0,Inactive,52035.29,1,Churned
731,France,Male,31,1,132512.26,1,1,Has Credit Card,1,Active,185466.85,0,Retained
693,Spain,Male,47,8,107604.66,1,1,Has Credit Card,1,Active,80149.27,0,Retained
772,France,Male,34,9,0.0,2,1,Has Credit Card,0,Inactive,170980.86,0,Retained
657,France,Male,38,7,0.0,2,1,Has Credit Card,0,Inactive,185827.74,0,Retained
774,Germany,Male,34,4,120875.23,2,0,No Credit Card,1,Active,113407.26,0,Retained
667,France,Female,37,9,71786.9,2,1,Has Credit Card,1,Active,67734.79,0,Retained
516,France,Female,37,8,113143.12,1,0,No Credit Card,0,Inactive,3363.36,0,Retained
551,Spain,Male,49,1,150777.72,2,1,Has Credit Card,1,Active,135757.27,0,Retained
542,Spain,Male,35,2,174894.53,1,1,Has Credit Card,1,Active,22314.55,0,Retained
623,France,Male,28,7,0.0,1,0,No Credit Card,0,Inactive,129526.57,0,Retained
701,France,Female,43,2,160416.56,1,0,No Credit Card,1,Active,37266.43,0,Retained
583,France,Male,48,3,91246.53,1,1,Has Credit Card,0,Inactive,60017.46,1,Churned
731,Spain,Male,46,10,0.0,2,1,Has Credit Card,0,Inactive,153015.42,0,Retained
461,France,Female,35,5,0.0,1,1,Has Credit Card,1,Active,54209.02,0,Retained
702,Germany,Female,23,7,98775.23,1,1,Has Credit Card,0,Inactive,114603.96,0,Retained
565,Germany,Female,47,10,139756.12,1,1,Has Credit Card,0,Inactive,165849.49,1,Churned
711,Spain,Male,42,3,177626.77,3,0,No Credit Card,1,Active,16392.72,1,Churned
664,France,Male,54,8,0.0,1,1,Has Credit Card,1,Active,162719.69,1,Churned
518,Spain,Male,50,4,0.0,1,0,No Credit Card,0,Inactive,107112.25,1,Churned
728,Spain,Male,42,8,0.0,2,0,No Credit Card,1,Active,41823.22,0,Retained
585,Germany,Male,37,6,152496.82,1,1,Has Credit Card,1,Active,99907.29,0,Retained
573,France,Male,52,8,0.0,2,0,No Credit Card,1,Active,178229.04,0,Retained
568,Germany,Male,26,1,112930.28,2,1,Has Credit Card,0,Inactive,22095.73,0,Retained
602,Germany,Female,26,8,113674.2,1,1,Has Credit Card,0,Inactive,197861.16,1,Churned
603,France,Male,44,9,0.0,1,1,Has Credit Card,0,Inactive,138328.24,0,Retained
687,France,Male,38,0,144450.58,1,0,No Credit Card,1,Active,137276.83,0,Retained
741,France,Male,52,1,171236.3,2,0,No Credit Card,0,Inactive,21834.4,1,Churned
469,Spain,Male,37,9,96776.49,1,1,Has Credit Card,1,Active,119890.86,0,Retained
477,Germany,Female,58,8,145984.92,1,1,Has Credit Card,1,Active,24564.7,0,Retained
737,Germany,Male,43,8,96353.8,1,0,No Credit Card,0,Inactive,10209.8,0,Retained
835,France,Male,25,7,0.0,2,1,Has Credit Card,1,Active,83449.65,0,Retained
717,Germany,Female,33,0,115777.23,1,1,Has Credit Card,1,Active,81508.1,0,Retained
562,France,Female,51,7,122822.0,2,0,No Credit Card,0,Inactive,32626.21,0,Retained
758,Spain,Male,61,2,0.0,2,1,Has Credit Card,1,Active,43982.41,0,Retained
408,France,Male,40,3,0.0,2,0,No Credit Card,0,Inactive,124874.23,0,Retained
650,Spain,Female,32,4,79450.09,1,1,Has Credit Card,1,Active,118324.75,0,Retained
582,Germany,Male,33,2,122394.0,1,1,Has Credit Card,1,Active,22113.93,0,Retained
706,Spain,Female,43,1,0.0,2,1,Has Credit Card,0,Inactive,31962.77,0,Retained
567,Germany,Male,41,0,134378.89,1,1,Has Credit Card,1,Active,105746.94,0,Retained
720,France,Male,29,2,0.0,2,1,Has Credit Card,0,Inactive,39925.52,0,Retained
631,Spain,Female,31,2,88161.85,2,1,Has Credit Card,0,Inactive,127630.88,0,Retained
623,Spain,Male,41,2,142412.13,1,1,Has Credit Card,0,Inactive,28778.98,0,Retained
514,France,Male,35,3,121030.9,1,1,Has Credit Card,0,Inactive,10008.68,0,Retained
650,Germany,Female,35,3,165982.43,2,1,Has Credit Card,1,Active,24482.16,0,Retained
673,Spain,Female,35,6,0.0,2,1,Has Credit Card,0,Inactive,98618.79,0,Retained
504,France,Female,32,8,206663.75,1,0,No Credit Card,0,Inactive,16281.94,0,Retained
723,Germany,Male,37,3,94661.53,2,1,Has Credit Card,0,Inactive,121239.65,0,Retained
645,France,Male,25,0,174400.36,1,1,Has Credit Card,0,Inactive,42669.37,0,Retained
664,Spain,Male,41,7,123428.69,1,1,Has Credit Card,1,Active,164924.11,0,Retained
760,Spain,Male,43,6,175735.5,1,1,Has Credit Card,1,Active,157337.29,0,Retained
766,Spain,Male,36,5,78381.13,1,0,No Credit Card,1,Active,153831.6,0,Retained
634,France,Male,37,5,115345.86,2,0,No Credit Card,0,Inactive,168781.8,0,Retained
640,Germany,Female,31,10,118613.34,1,1,Has Credit Card,0,Inactive,168469.65,0,Retained
784,Germany,Male,28,2,109960.06,2,1,Has Credit Card,1,Active,170829.87,0,Retained
547,Germany,Female,42,1,142703.4,1,1,Has Credit Card,0,Inactive,86207.49,1,Churned
608,Germany,Female,40,8,121729.42,1,0,No Credit Card,0,Inactive,61164.45,0,Retained
547,France,Female,35,4,0.0,1,1,Has Credit Card,1,Active,133287.73,0,Retained
612,France,Female,43,4,139496.35,2,1,Has Credit Card,1,Active,77128.23,0,Retained
573,Spain,Male,28,8,0.0,2,0,No Credit Card,0,Inactive,77660.03,0,Retained
615,Spain,Male,32,5,138521.83,1,1,Has Credit Card,1,Active,56897.1,0,Retained
710,France,Female,33,2,0.0,2,1,Has Credit Card,0,Inactive,72945.32,0,Retained
674,Germany,Female,38,10,83727.68,1,1,Has Credit Card,0,Inactive,45418.12,0,Retained
702,Spain,Female,38,9,0.0,2,1,Has Credit Card,1,Active,158527.45,0,Retained
616,France,Male,37,9,0.0,1,1,Has Credit Card,0,Inactive,111312.96,0,Retained
688,Spain,Male,32,6,124179.3,1,1,Has Credit Card,1,Active,138759.15,0,Retained
605,France,Male,36,7,128829.25,1,1,Has Credit Card,0,Inactive,190588.59,0,Retained
676,France,Male,33,6,171490.78,1,0,No Credit Card,0,Inactive,79099.64,0,Retained
708,Spain,Male,33,3,0.0,2,1,Has Credit Card,0,Inactive,138613.21,0,Retained
745,Spain,Female,38,7,0.0,2,1,Has Credit Card,1,Active,194230.82,0,Retained
661,Spain,Male,20,8,0.0,1,1,Has Credit Card,0,Inactive,110252.53,0,Retained
726,France,Male,31,9,0.0,2,1,Has Credit Card,1,Active,106117.3,0,Retained
475,France,Male,40,7,160818.08,1,0,No Credit Card,1,Active,169642.13,1,Churned
751,Germany,Male,54,9,156367.6,2,0,No Credit Card,1,Active,116179.92,0,Retained
645,Germany,Female,59,8,121669.93,2,0,No Credit Card,0,Inactive,91.75,1,Churned
775,France,Male,42,6,133970.22,2,0,No Credit Card,1,Active,187839.9,0,Retained
540,France,Male,41,3,0.0,2,1,Has Credit Card,0,Inactive,121098.65,0,Retained
591,France,Female,34,3,96127.27,1,0,No Credit Card,0,Inactive,30972.06,0,Retained
596,Spain,Male,60,7,121907.97,1,0,No Credit Card,1,Active,30314.04,0,Retained
573,Spain,Male,41,5,0.0,2,0,No Credit Card,1,Active,14479.29,0,Retained
577,Spain,Male,31,6,0.0,1,1,Has Credit Card,1,Active,196395.25,0,Retained
830,Germany,Female,40,8,77701.64,1,0,No Credit Card,1,Active,19512.38,0,Retained
663,France,Male,67,9,0.0,3,1,Has Credit Card,1,Active,72318.77,0,Retained
421,France,Male,34,2,0.0,2,1,Has Credit Card,1,Active,96615.23,0,Retained
718,Spain,Male,34,5,113922.44,2,1,Has Credit Card,0,Inactive,30772.22,0,Retained
655,Germany,Female,61,2,183997.7,2,1,Has Credit Card,1,Active,161217.18,0,Retained
712,France,Male,23,2,0.0,2,0,No Credit Card,1,Active,66795.78,0,Retained
663,France,Male,28,4,0.0,2,1,Has Credit Card,1,Active,123969.64,0,Retained
640,France,Female,47,6,89799.46,2,0,No Credit Card,1,Active,13783.77,1,Churned
577,Spain,Male,29,2,0.0,1,1,Has Credit Card,1,Active,168924.41,0,Retained
546,Spain,Female,36,7,85660.96,1,0,No Credit Card,0,Inactive,134778.01,0,Retained
802,Germany,Male,37,9,115569.21,1,0,No Credit Card,1,Active,119782.89,0,Retained
590,France,Female,45,2,81828.22,1,1,Has Credit Card,0,Inactive,52167.97,0,Retained
594,Germany,Male,18,1,132694.73,1,1,Has Credit Card,0,Inactive,167689.56,0,Retained
577,Spain,Male,51,2,108867.0,1,0,No Credit Card,0,Inactive,140800.66,1,Churned
541,France,Male,39,7,0.0,2,1,Has Credit Card,0,Inactive,19823.02,0,Retained
781,France,Female,27,5,0.0,2,0,No Credit Card,0,Inactive,72969.9,0,Retained
806,Germany,Male,34,2,96152.68,2,1,Has Credit Card,0,Inactive,143711.02,0,Retained
723,Germany,Female,49,0,153855.52,1,1,Has Credit Card,1,Active,180862.26,1,Churned
535,France,Male,45,2,0.0,2,1,Has Credit Card,0,Inactive,125658.28,0,Retained
768,France,Female,36,3,141334.95,1,0,No Credit Card,1,Active,125870.5,0,Retained
653,Germany,Male,41,1,104584.11,1,1,Has Credit Card,0,Inactive,15126.32,1,Churned
803,Germany,Female,50,8,98173.02,1,0,No Credit Card,0,Inactive,22457.25,1,Churned
545,Spain,Female,44,1,0.0,2,1,Has Credit Card,1,Active,82614.89,0,Retained
581,Germany,Female,38,3,135157.05,1,1,Has Credit Card,1,Active,32919.42,0,Retained
513,Germany,Female,49,5,171601.27,1,1,Has Credit Card,0,Inactive,126223.84,0,Retained
731,France,Male,29,5,179539.2,1,0,No Credit Card,0,Inactive,112010.02,0,Retained
727,Germany,Male,39,5,80615.46,2,0,No Credit Card,0,Inactive,180962.32,0,Retained
560,Spain,Male,47,1,0.0,1,0,No Credit Card,0,Inactive,128882.66,1,Churned
766,Germany,Male,27,5,126285.73,1,1,Has Credit Card,0,Inactive,177614.17,1,Churned
630,Germany,Female,23,4,137964.51,1,0,No Credit Card,1,Active,174570.55,0,Retained
652,Germany,Male,41,9,159434.03,1,1,Has Credit Card,0,Inactive,178373.93,0,Retained
729,Germany,Male,40,5,113574.61,2,1,Has Credit Card,0,Inactive,103396.08,0,Retained
629,France,Female,33,6,0.0,2,1,Has Credit Card,1,Active,59129.72,0,Retained
667,Germany,Male,33,9,124573.33,2,0,No Credit Card,0,Inactive,683.37,0,Retained
671,Germany,Female,31,6,105864.6,2,1,Has Credit Card,0,Inactive,145567.34,0,Retained
768,Germany,Female,47,5,104552.61,1,1,Has Credit Card,0,Inactive,48137.08,1,Churned
732,France,Female,35,3,0.0,2,1,Has Credit Card,0,Inactive,90876.95,0,Retained
546,France,Female,30,5,0.0,2,0,No Credit Card,1,Active,198543.09,0,Retained
630,France,Male,55,2,0.0,1,1,Has Credit Card,1,Active,106202.07,1,Churned
765,Germany,Female,46,8,119492.88,2,0,No Credit Card,1,Active,166896.01,1,Churned
704,France,Female,33,0,130499.09,2,1,Has Credit Card,1,Active,74804.36,0,Retained
470,Spain,Female,48,6,140576.11,1,1,Has Credit Card,1,Active,116971.05,0,Retained
688,Germany,Female,34,9,91025.58,2,0,No Credit Card,1,Active,163783.0,0,Retained
685,France,Female,33,1,0.0,3,0,No Credit Card,1,Active,70221.13,1,Churned
567,France,Female,38,1,125877.65,2,1,Has Credit Card,1,Active,107841.77,0,Retained
720,Spain,Male,64,3,45752.78,2,1,Has Credit Card,0,Inactive,79623.28,1,Churned
609,France,Male,39,3,121778.71,1,1,Has Credit Card,1,Active,138399.67,0,Retained
521,Germany,Female,49,2,127948.57,1,1,Has Credit Card,1,Active,182765.14,0,Retained
556,France,Female,30,7,0.0,2,1,Has Credit Card,1,Active,186648.19,0,Retained
662,Germany,Male,30,5,115286.68,2,1,Has Credit Card,1,Active,149587.92,0,Retained
704,Germany,Male,41,9,62078.21,2,1,Has Credit Card,0,Inactive,129050.67,0,Retained
750,France,Female,38,1,0.0,2,1,Has Credit Card,0,Inactive,47764.99,0,Retained
619,Spain,Female,32,4,175406.13,2,1,Has Credit Card,1,Active,172792.43,1,Churned
468,Spain,Male,26,1,131643.25,1,1,Has Credit Card,0,Inactive,64436.16,0,Retained
435,Germany,Male,44,3,151739.65,1,1,Has Credit Card,0,Inactive,167461.5,0,Retained
529,France,Male,43,6,93616.35,2,0,No Credit Card,0,Inactive,98348.66,0,Retained
702,Germany,Female,60,5,138597.54,2,1,Has Credit Card,1,Active,41536.59,1,Churned
608,France,Female,41,5,0.0,2,1,Has Credit Card,1,Active,72462.25,0,Retained
576,France,Male,40,9,0.0,2,1,Has Credit Card,0,Inactive,112465.19,1,Churned
666,France,Female,27,1,85225.21,1,0,No Credit Card,1,Active,64511.44,0,Retained
730,France,Female,36,8,148749.29,2,1,Has Credit Card,0,Inactive,91830.75,0,Retained
647,Germany,Male,52,7,130013.12,1,1,Has Credit Card,1,Active,190806.36,1,Churned
516,Spain,Female,27,1,0.0,1,0,No Credit Card,1,Active,112311.15,0,Retained
711,France,Female,81,6,0.0,2,1,Has Credit Card,1,Active,72276.24,0,Retained
736,France,Male,54,7,111729.47,2,0,No Credit Card,1,Active,84920.49,0,Retained
768,France,Female,36,5,180169.44,2,1,Has Credit Card,0,Inactive,17348.56,0,Retained
427,Spain,Male,40,8,0.0,2,1,Has Credit Card,1,Active,82870.75,0,Retained
686,Spain,Female,47,6,0.0,1,1,Has Credit Card,0,Inactive,32080.69,1,Churned
690,France,Female,42,5,0.0,2,0,No Credit Card,1,Active,120512.08,0,Retained
647,Spain,Female,29,2,0.0,2,1,Has Credit Card,0,Inactive,179032.68,0,Retained
714,France,Male,35,3,0.0,2,1,Has Credit Card,1,Active,95623.28,0,Retained
736,Germany,Female,36,8,103914.17,1,1,Has Credit Card,1,Active,110035.88,1,Churned
608,France,Female,34,4,88772.87,1,1,Has Credit Card,1,Active,168822.01,0,Retained
809,France,Female,39,5,0.0,1,1,Has Credit Card,0,Inactive,77705.75,0,Retained
745,France,Female,40,6,131184.67,1,1,Has Credit Card,1,Active,49815.62,0,Retained
781,France,Male,38,2,117810.79,1,0,No Credit Card,1,Active,65632.33,1,Churned
527,France,Male,31,4,0.0,1,1,Has Credit Card,0,Inactive,169361.89,0,Retained
595,Germany,Female,32,0,92466.21,1,1,Has Credit Card,0,Inactive,4721.3,0,Retained
850,Germany,Female,38,2,102741.15,2,0,No Credit Card,1,Active,23974.85,0,Retained
569,France,Male,37,9,178755.84,1,1,Has Credit Card,0,Inactive,199929.17,0,Retained
728,France,Male,43,7,0.0,2,1,Has Credit Card,0,Inactive,40023.7,0,Retained
473,Germany,Female,32,5,146602.25,2,1,Has Credit Card,1,Active,72946.95,0,Retained
738,France,Male,29,2,0.0,2,1,Has Credit Card,1,Active,170421.13,0,Retained
659,France,Male,35,6,0.0,2,1,Has Credit Card,1,Active,58879.11,0,Retained
597,Spain,Male,38,6,115702.67,2,1,Has Credit Card,1,Active,25059.05,0,Retained
445,Germany,Female,61,2,137655.31,1,0,No Credit Card,1,Active,29909.84,0,Retained
671,France,Female,29,3,0.0,2,1,Has Credit Card,0,Inactive,158043.11,0,Retained
656,Spain,Female,34,6,59877.33,1,1,Has Credit Card,0,Inactive,14032.62,1,Churned
658,France,Male,31,5,100082.14,1,0,No Credit Card,1,Active,49809.88,0,Retained
698,Germany,Male,52,10,107304.39,3,1,Has Credit Card,0,Inactive,28806.32,1,Churned
655,Spain,Male,38,9,0.0,1,0,No Credit Card,1,Active,90490.33,0,Retained
772,Spain,Male,41,10,96032.22,1,1,Has Credit Card,1,Active,75825.57,0,Retained
681,Spain,Male,33,10,0.0,1,0,No Credit Card,0,Inactive,158336.36,0,Retained
688,Germany,Male,29,9,144553.5,2,1,Has Credit Card,0,Inactive,143454.95,0,Retained
633,Germany,Male,40,5,86172.81,2,1,Has Credit Card,1,Active,117279.49,0,Retained
735,France,Male,73,9,0.0,1,1,Has Credit Card,1,Active,114283.33,0,Retained
521,Germany,Female,29,2,87212.8,1,1,Has Credit Card,1,Active,994.86,0,Retained
541,France,Male,36,5,0.0,2,1,Has Credit Card,0,Inactive,124795.84,0,Retained
612,Germany,Female,36,2,130700.92,2,0,No Credit Card,0,Inactive,77592.8,0,Retained
562,France,Male,62,3,0.0,2,1,Has Credit Card,0,Inactive,105986.01,0,Retained
703,France,Female,32,6,0.0,2,0,No Credit Card,0,Inactive,33606.52,0,Retained
710,Spain,Male,23,6,0.0,2,1,Has Credit Card,1,Active,134188.11,0,Retained
731,Spain,Female,40,5,171325.98,1,1,Has Credit Card,1,Active,159718.27,1,Churned
703,Spain,Male,58,4,92930.92,1,0,No Credit Card,1,Active,85148.78,0,Retained
618,France,Female,40,0,0.0,1,1,Has Credit Card,0,Inactive,119059.13,0,Retained
689,France,Female,29,1,77556.79,2,1,Has Credit Card,1,Active,122998.26,0,Retained
718,France,Male,33,7,102874.28,1,0,No Credit Card,0,Inactive,117841.06,0,Retained
608,France,Male,37,5,146093.39,2,0,No Credit Card,0,Inactive,160593.41,0,Retained
749,Spain,Male,34,2,0.0,1,0,No Credit Card,0,Inactive,174189.04,1,Churned
753,Spain,Male,51,4,79811.72,2,0,No Credit Card,1,Active,68260.27,1,Churned
630,Spain,Male,39,10,105473.74,1,0,No Credit Card,0,Inactive,58854.88,1,Churned
693,Germany,Female,43,1,121927.92,1,1,Has Credit Card,0,Inactive,87994.95,1,Churned
838,Spain,Female,40,6,61671.19,1,0,No Credit Card,1,Active,150659.35,1,Churned
756,Germany,Female,39,5,149363.12,2,1,Has Credit Card,1,Active,109098.39,0,Retained
775,France,Female,27,4,152309.37,1,1,Has Credit Card,0,Inactive,104112.0,0,Retained
635,France,Female,33,5,0.0,2,1,Has Credit Card,0,Inactive,122949.71,0,Retained
705,Spain,Male,36,1,111629.29,1,1,Has Credit Card,1,Active,21807.16,0,Retained
481,France,Male,40,3,0.0,1,1,Has Credit Card,1,Active,32319.93,0,Retained
727,Spain,Female,49,7,96296.78,1,1,Has Credit Card,0,Inactive,190457.87,1,Churned
595,France,Male,20,4,95830.43,1,1,Has Credit Card,0,Inactive,177738.98,0,Retained
535,France,Female,38,0,135919.33,1,1,Has Credit Card,0,Inactive,80425.65,0,Retained
578,France,Male,59,10,185966.64,1,0,No Credit Card,0,Inactive,9445.42,1,Churned
597,France,Female,29,5,0.0,2,1,Has Credit Card,1,Active,174825.57,0,Retained
449,France,Female,21,7,0.0,2,0,No Credit Card,0,Inactive,175743.92,0,Retained
850,Germany,Female,43,8,92244.83,2,1,Has Credit Card,0,Inactive,54949.73,0,Retained
494,France,Female,35,9,112727.06,2,1,Has Credit Card,0,Inactive,183752.91,0,Retained
676,France,Female,34,8,100359.54,1,0,No Credit Card,0,Inactive,46038.28,0,Retained
818,Germany,Male,43,10,105301.5,1,1,Has Credit Card,1,Active,78941.59,0,Retained
712,Spain,Male,45,6,112994.65,1,0,No Credit Card,0,Inactive,198398.68,0,Retained
672,Germany,Male,40,4,89025.88,2,1,Has Credit Card,0,Inactive,188892.19,0,Retained
636,France,Male,35,9,95478.17,1,0,No Credit Card,0,Inactive,169286.74,0,Retained
698,France,Male,37,8,0.0,2,0,No Credit Card,0,Inactive,145004.39,0,Retained
597,Germany,Female,43,7,119127.46,2,1,Has Credit Card,0,Inactive,55809.92,0,Retained
717,France,Male,28,4,128206.79,1,1,Has Credit Card,1,Active,54272.12,0,Retained
614,France,Male,49,1,0.0,2,1,Has Credit Card,0,Inactive,192440.54,0,Retained
708,Germany,Female,23,4,71433.08,1,1,Has Credit Card,0,Inactive,103697.57,0,Retained
507,Germany,Male,36,9,118214.32,3,1,Has Credit Card,0,Inactive,119110.03,1,Churned
581,France,Female,27,5,102258.11,2,1,Has Credit Card,0,Inactive,194681.6,0,Retained
579,Spain,Female,39,2,151963.26,2,1,Has Credit Card,0,Inactive,158948.63,0,Retained
504,Spain,Female,46,2,163764.84,1,1,Has Credit Card,1,Active,165122.55,1,Churned
737,France,Female,32,7,128551.36,2,0,No Credit Card,1,Active,189402.71,0,Retained
540,Spain,Female,31,10,118158.74,1,1,Has Credit Card,1,Active,158027.57,0,Retained
609,France,Male,32,7,118520.41,1,0,No Credit Card,0,Inactive,3815.48,0,Retained
778,France,Male,24,4,0.0,2,1,Has Credit Card,1,Active,162809.2,0,Retained
621,France,Male,40,10,163823.37,1,0,No Credit Card,0,Inactive,89519.47,0,Retained
665,Germany,Male,63,7,104469.58,1,1,Has Credit Card,1,Active,25165.36,1,Churned
608,France,Female,47,6,0.0,1,1,Has Credit Card,1,Active,126012.57,0,Retained
680,Spain,Male,36,7,0.0,2,1,Has Credit Card,0,Inactive,20109.21,0,Retained
663,Germany,Female,46,2,141726.88,1,1,Has Credit Card,1,Active,58257.23,0,Retained
627,Germany,Female,35,2,137852.96,1,1,Has Credit Card,1,Active,172269.21,1,Churned
607,France,Male,26,1,0.0,1,1,Has Credit Card,0,Inactive,29818.2,0,Retained
681,France,Female,43,8,154100.3,1,0,No Credit Card,0,Inactive,114659.81,0,Retained
766,France,Female,45,6,0.0,2,0,No Credit Card,0,Inactive,147184.74,0,Retained
694,France,Male,30,2,0.0,3,0,No Credit Card,1,Active,15039.41,0,Retained
411,France,Female,54,9,0.0,1,0,No Credit Card,1,Active,76621.49,0,Retained
742,France,Male,39,8,140004.96,1,1,Has Credit Card,1,Active,92985.78,0,Retained
673,Spain,Male,43,8,127132.96,1,0,No Credit Card,1,Active,6009.27,1,Churned
529,France,Male,61,1,0.0,2,1,Has Credit Card,1,Active,191370.97,0,Retained
519,France,Female,38,7,125328.56,1,1,Has Credit Card,0,Inactive,188225.67,0,Retained
573,France,Male,35,9,0.0,2,1,Has Credit Card,0,Inactive,11743.89,0,Retained
453,Germany,Female,28,3,139986.65,1,1,Has Credit Card,0,Inactive,136846.75,0,Retained
798,Germany,Female,39,6,119787.76,1,1,Has Credit Card,1,Active,164248.33,0,Retained
693,Spain,Female,34,10,107556.06,2,0,No Credit Card,0,Inactive,154631.35,0,Retained
637,France,Female,44,2,0.0,2,1,Has Credit Card,0,Inactive,149665.65,0,Retained
672,France,Male,47,1,0.0,1,0,No Credit Card,0,Inactive,91574.92,0,Retained
597,France,Female,28,0,142705.95,1,1,Has Credit Card,0,Inactive,127233.39,0,Retained
543,France,Male,42,7,0.0,1,1,Has Credit Card,1,Active,56650.47,0,Retained
695,Spain,Female,56,4,0.0,2,1,Has Credit Card,0,Inactive,84644.76,0,Retained
584,France,Male,35,6,161613.94,2,1,Has Credit Card,1,Active,148238.16,0,Retained
652,Germany,Female,58,3,116353.2,2,0,No Credit Card,1,Active,193502.9,0,Retained
601,France,Male,38,4,60013.81,1,1,Has Credit Card,1,Active,38020.05,0,Retained
628,Spain,Male,28,4,0.0,2,1,Has Credit Card,1,Active,176750.81,0,Retained
607,Germany,Male,32,9,144272.07,2,1,Has Credit Card,0,Inactive,176580.63,0,Retained
646,France,Female,46,8,0.0,2,1,Has Credit Card,0,Inactive,133059.15,0,Retained
572,France,Male,30,6,117696.67,1,1,Has Credit Card,0,Inactive,100843.82,0,Retained
801,Spain,Male,58,1,79954.61,2,1,Has Credit Card,1,Active,30484.19,0,Retained
597,France,Female,26,8,149989.39,1,1,Has Credit Card,0,Inactive,42330.58,0,Retained
613,France,Male,40,7,124339.9,1,0,No Credit Card,0,Inactive,193309.58,0,Retained
529,Germany,Male,29,4,135759.4,1,0,No Credit Card,0,Inactive,112813.79,1,Churned
794,Spain,Female,37,9,0.0,2,1,Has Credit Card,0,Inactive,68008.85,0,Retained
557,France,Male,34,3,83074.0,1,1,Has Credit Card,0,Inactive,132673.22,0,Retained
499,France,Female,28,4,141792.61,1,1,Has Credit Card,1,Active,22001.91,0,Retained
544,France,Female,26,6,0.0,1,1,Has Credit Card,0,Inactive,100200.4,1,Churned
739,France,Female,30,6,0.0,1,0,No Credit Card,0,Inactive,122604.44,0,Retained
458,Germany,Female,43,1,106870.12,2,1,Has Credit Card,0,Inactive,100564.37,0,Retained
528,France,Male,31,9,120962.59,1,1,Has Credit Card,0,Inactive,5419.31,0,Retained
773,Spain,Male,51,4,0.0,2,0,No Credit Card,0,Inactive,123587.83,1,Churned
646,France,Female,30,5,0.0,2,1,Has Credit Card,0,Inactive,13935.32,0,Retained
564,France,Male,31,0,110527.17,1,1,Has Credit Card,1,Active,87060.77,0,Retained
624,Germany,Female,52,0,133723.43,1,0,No Credit Card,0,Inactive,4859.59,1,Churned
682,France,Female,52,5,112670.48,1,1,Has Credit Card,0,Inactive,21085.17,1,Churned
726,France,Female,44,2,0.0,2,1,Has Credit Card,1,Active,26733.86,0,Retained
560,France,Male,24,1,116084.32,1,1,Has Credit Card,0,Inactive,89734.7,0,Retained
382,Spain,Male,36,0,0.0,1,1,Has Credit Card,1,Active,179540.73,1,Churned
457,Spain,Female,38,6,0.0,2,1,Has Credit Card,0,Inactive,173219.09,0,Retained
673,France,Female,37,10,0.0,2,1,Has Credit Card,1,Active,37411.35,0,Retained
584,France,Female,40,4,82441.75,1,0,No Credit Card,0,Inactive,80852.11,0,Retained
629,France,Female,39,10,0.0,2,1,Has Credit Card,1,Active,43174.49,1,Churned
584,Germany,Female,37,10,134171.8,4,1,Has Credit Card,1,Active,70927.11,1,Churned
724,France,Male,30,10,0.0,2,1,Has Credit Card,1,Active,54265.55,0,Retained
644,France,Male,31,5,0.0,2,1,Has Credit Card,1,Active,41872.17,0,Retained
676,Germany,Female,48,2,124442.38,1,1,Has Credit Card,0,Inactive,15068.53,1,Churned
499,France,Male,31,4,0.0,1,1,Has Credit Card,0,Inactive,25950.49,0,Retained
598,France,Male,60,4,0.0,1,1,Has Credit Card,0,Inactive,197727.14,1,Churned
655,Germany,Female,37,4,108862.76,1,1,Has Credit Card,0,Inactive,79555.08,1,Churned
559,France,Male,28,3,141099.43,1,1,Has Credit Card,1,Active,15607.27,0,Retained
543,France,Female,67,0,128843.67,1,1,Has Credit Card,1,Active,134612.48,0,Retained
679,France,Male,39,0,86843.61,1,0,No Credit Card,1,Active,159830.58,0,Retained
594,Germany,Female,32,4,120074.97,2,1,Has Credit Card,1,Active,162961.79,0,Retained
586,France,Male,27,5,130231.8,2,1,Has Credit Card,1,Active,192427.16,0,Retained
776,France,Female,31,5,0.0,2,1,Has Credit Card,0,Inactive,92647.94,0,Retained
699,France,Male,39,2,109724.38,1,1,Has Credit Card,1,Active,180022.39,0,Retained
847,Germany,Female,35,5,111743.43,1,1,Has Credit Card,1,Active,183584.14,0,Retained
582,Germany,Male,35,8,121309.17,2,1,Has Credit Card,1,Active,28750.67,0,Retained
648,France,Male,38,10,82697.28,1,1,Has Credit Card,0,Inactive,74846.67,0,Retained
618,France,Female,49,9,44301.43,3,1,Has Credit Card,1,Active,89729.3,1,Churned
543,France,Female,31,4,138317.94,1,0,No Credit Card,0,Inactive,61843.73,0,Retained
642,Germany,Male,49,4,120688.61,1,1,Has Credit Card,0,Inactive,24770.22,1,Churned
462,France,Male,27,4,176913.52,1,1,Has Credit Card,0,Inactive,80587.27,0,Retained
640,Spain,Male,47,6,89047.14,1,1,Has Credit Card,0,Inactive,116286.25,0,Retained
740,Germany,Male,40,4,114318.78,2,1,Has Credit Card,0,Inactive,129333.69,1,Churned
773,France,Female,50,4,0.0,2,1,Has Credit Card,0,Inactive,129372.94,0,Retained
583,Germany,Female,32,7,94753.55,2,1,Has Credit Card,1,Active,18149.03,0,Retained
589,Spain,Female,46,10,0.0,2,0,No Credit Card,1,Active,168369.37,0,Retained
509,France,Male,35,8,0.0,2,0,No Credit Card,1,Active,67431.28,0,Retained
612,Germany,Male,32,9,106520.73,2,1,Has Credit Card,0,Inactive,177092.16,0,Retained
505,Spain,Male,37,0,134006.39,1,1,Has Credit Card,1,Active,93736.69,0,Retained
546,Germany,Female,25,3,132837.7,1,1,Has Credit Card,0,Inactive,131647.31,0,Retained
681,France,Female,41,0,120549.29,2,1,Has Credit Card,0,Inactive,175722.31,0,Retained
762,France,Male,20,1,139432.55,1,1,Has Credit Card,1,Active,85606.83,0,Retained
786,Spain,Male,29,7,80895.44,2,1,Has Credit Card,0,Inactive,64945.57,0,Retained
629,Spain,Male,34,6,0.0,2,1,Has Credit Card,0,Inactive,190347.72,0,Retained
787,Spain,Female,39,7,171646.76,1,0,No Credit Card,1,Active,100791.36,0,Retained
713,Spain,Male,42,0,109121.71,1,0,No Credit Card,1,Active,167873.49,0,Retained
541,France,Female,39,6,109844.81,1,1,Has Credit Card,0,Inactive,25289.23,0,Retained
451,France,Female,31,7,140931.82,1,0,No Credit Card,1,Active,20388.77,0,Retained
644,Spain,Male,49,10,0.0,2,1,Has Credit Card,1,Active,145089.64,0,Retained
686,France,Male,32,6,0.0,2,1,Has Credit Card,1,Active,179093.26,0,Retained
847,Germany,Female,41,3,101543.51,4,1,Has Credit Card,0,Inactive,16025.17,1,Churned
765,Germany,Male,37,7,102708.77,1,1,Has Credit Card,0,Inactive,9087.81,0,Retained
678,Germany,Female,37,8,149000.91,2,1,Has Credit Card,1,Active,21472.42,0,Retained
539,France,Male,20,0,83459.86,1,1,Has Credit Card,1,Active,146752.67,0,Retained
800,France,Female,40,3,75893.11,2,1,Has Credit Card,0,Inactive,132562.23,0,Retained
799,Germany,Female,39,7,167395.6,2,0,No Credit Card,1,Active,139537.43,0,Retained
629,France,Female,61,6,0.0,2,1,Has Credit Card,1,Active,133672.61,0,Retained
734,Germany,Female,52,6,71283.09,2,0,No Credit Card,1,Active,38984.37,0,Retained
542,France,Female,31,3,0.0,2,1,Has Credit Card,1,Active,115217.59,0,Retained
414,Spain,Male,60,3,0.0,2,1,Has Credit Card,1,Active,93844.82,0,Retained
675,France,Female,38,1,104016.88,1,0,No Credit Card,0,Inactive,22068.83,1,Churned
683,France,Female,38,5,127616.56,1,1,Has Credit Card,0,Inactive,123846.07,0,Retained
748,France,Male,32,5,154737.88,2,1,Has Credit Card,1,Active,172638.13,0,Retained
596,Spain,Male,29,2,0.0,2,1,Has Credit Card,1,Active,1591.19,0,Retained
642,France,Male,35,4,125476.31,1,1,Has Credit Card,1,Active,91775.51,0,Retained
499,France,Female,21,3,176511.08,1,1,Has Credit Card,1,Active,153920.22,0,Retained
649,Spain,Female,47,8,110783.28,1,1,Has Credit Card,1,Active,71420.16,0,Retained
739,France,Male,42,2,141642.92,2,1,Has Credit Card,0,Inactive,172149.76,0,Retained
616,France,Male,31,1,0.0,2,1,Has Credit Card,1,Active,54706.75,0,Retained
560,Spain,Female,33,9,0.0,1,0,No Credit Card,1,Active,183358.21,0,Retained
427,Germany,Male,42,1,75681.52,1,1,Has Credit Card,1,Active,57098.0,0,Retained
435,France,Male,54,3,0.0,1,1,Has Credit Card,0,Inactive,156910.46,1,Churned
633,France,Male,29,7,0.0,1,1,Has Credit Card,1,Active,130224.73,0,Retained
443,France,Male,35,6,161111.45,1,0,No Credit Card,0,Inactive,13946.66,0,Retained
727,France,Male,62,5,0.0,2,0,No Credit Card,1,Active,38652.96,0,Retained
674,France,Female,45,6,72494.69,1,0,No Credit Card,1,Active,140041.78,0,Retained
661,France,Female,31,3,133964.3,1,1,Has Credit Card,1,Active,166187.1,0,Retained
619,Spain,Male,34,1,0.0,1,1,Has Credit Card,0,Inactive,139919.38,0,Retained
562,France,Female,27,3,0.0,2,1,Has Credit Card,0,Inactive,28137.03,0,Retained
633,France,Male,61,3,157201.48,1,0,No Credit Card,1,Active,50368.63,0,Retained
551,Spain,Female,48,5,95679.29,1,0,No Credit Card,0,Inactive,94978.1,0,Retained
720,Germany,Female,29,7,106230.92,1,1,Has Credit Card,1,Active,69903.93,1,Churned
688,France,Female,32,5,0.0,2,0,No Credit Card,1,Active,177607.77,0,Retained
635,Germany,Female,36,9,81231.85,2,1,Has Credit Card,0,Inactive,196731.08,0,Retained
561,France,Female,31,1,81480.27,2,1,Has Credit Card,1,Active,65234.6,0,Retained
850,France,Male,33,8,73059.38,1,1,Has Credit Card,1,Active,186281.0,0,Retained
636,France,Male,36,5,117559.05,2,1,Has Credit Card,1,Active,111573.3,0,Retained
461,Germany,Female,74,1,186445.31,2,1,Has Credit Card,1,Active,196767.83,0,Retained
771,Germany,Female,38,5,137657.71,2,1,Has Credit Card,0,Inactive,72985.61,0,Retained
713,France,Male,36,8,133889.35,1,1,Has Credit Card,1,Active,143265.65,0,Retained
658,Germany,Female,45,9,134562.8,1,1,Has Credit Card,1,Active,159268.67,0,Retained
586,Germany,Female,56,9,100781.75,2,1,Has Credit Card,1,Active,54448.41,0,Retained
737,France,Male,30,8,174356.13,1,0,No Credit Card,0,Inactive,31928.5,0,Retained
742,Germany,Male,27,5,190125.43,2,0,No Credit Card,0,Inactive,21793.59,0,Retained
824,France,Male,26,7,146266.0,1,1,Has Credit Card,0,Inactive,21903.62,1,Churned
701,Germany,Male,41,9,164046.1,1,1,Has Credit Card,0,Inactive,49405.93,0,Retained
623,Spain,Female,43,4,123536.52,2,0,No Credit Card,0,Inactive,154908.52,0,Retained
744,France,Male,36,10,0.0,2,1,Has Credit Card,1,Active,182867.84,0,Retained
698,Spain,Female,38,1,171848.38,1,0,No Credit Card,0,Inactive,16957.45,0,Retained
616,France,Male,40,9,0.0,2,0,No Credit Card,0,Inactive,93717.55,0,Retained
662,France,Female,39,5,139562.05,2,1,Has Credit Card,0,Inactive,61636.22,0,Retained
594,France,Male,37,2,0.0,2,0,No Credit Card,1,Active,95864.5,0,Retained
685,France,Male,40,2,168001.34,2,1,Has Credit Card,1,Active,167400.29,0,Retained
742,France,Male,27,0,0.0,2,0,No Credit Card,1,Active,131534.96,0,Retained
678,Germany,Male,83,6,123356.63,1,0,No Credit Card,1,Active,92934.41,0,Retained
651,Spain,Male,47,2,0.0,2,1,Has Credit Card,1,Active,119808.64,0,Retained
585,Germany,Male,50,2,125845.66,1,1,Has Credit Card,0,Inactive,9439.31,1,Churned
579,Germany,Male,40,10,45408.85,2,1,Has Credit Card,0,Inactive,18732.91,0,Retained
722,Germany,Female,37,0,125977.81,1,0,No Credit Card,0,Inactive,160162.42,0,Retained
613,Germany,Female,51,7,147262.11,1,1,Has Credit Card,1,Active,53630.9,1,Churned
694,France,Male,42,8,133767.19,1,1,Has Credit Card,0,Inactive,36405.21,0,Retained
550,Germany,Male,49,0,108806.96,3,1,Has Credit Card,0,Inactive,61446.92,1,Churned
741,France,Male,42,6,106036.52,1,1,Has Credit Card,0,Inactive,194686.78,1,Churned
668,Spain,Female,69,9,0.0,1,0,No Credit Card,1,Active,134483.07,0,Retained
529,France,Female,27,1,0.0,2,1,Has Credit Card,1,Active,37769.98,0,Retained
636,France,Male,31,6,0.0,2,1,Has Credit Card,1,Active,2382.61,0,Retained
563,Spain,Male,61,1,82182.1,1,1,Has Credit Card,0,Inactive,106826.92,1,Churned
767,France,Female,35,9,0.0,2,1,Has Credit Card,0,Inactive,39511.61,0,Retained
644,France,Male,50,9,76817.0,4,1,Has Credit Card,0,Inactive,196371.13,1,Churned
780,Germany,Male,71,9,142550.25,2,1,Has Credit Card,1,Active,122506.78,0,Retained
635,Spain,Female,41,10,0.0,2,1,Has Credit Card,1,Active,61994.2,0,Retained
641,Germany,Male,35,2,103711.56,1,0,No Credit Card,1,Active,192464.21,1,Churned
593,Spain,Female,40,2,0.0,1,1,Has Credit Card,1,Active,5194.95,0,Retained
540,Germany,Female,35,7,128369.75,2,1,Has Credit Card,0,Inactive,198256.15,0,Retained
663,Spain,Male,35,5,0.0,2,1,Has Credit Card,1,Active,62634.94,0,Retained
630,France,Male,34,9,0.0,2,1,Has Credit Card,1,Active,114006.35,0,Retained
605,Germany,Male,19,8,166133.28,1,1,Has Credit Card,1,Active,107994.99,0,Retained
710,Germany,Female,62,9,148214.36,1,1,Has Credit Card,0,Inactive,48571.14,1,Churned
755,France,Female,78,5,121206.96,1,1,Has Credit Card,1,Active,76016.49,0,Retained
641,Spain,Male,25,10,0.0,2,1,Has Credit Card,1,Active,180808.39,0,Retained
737,Germany,Male,50,4,127552.85,2,1,Has Credit Card,0,Inactive,4225.11,0,Retained
695,France,Male,49,9,159458.53,1,1,Has Credit Card,0,Inactive,135841.35,0,Retained
466,Germany,Female,47,5,102085.72,1,1,Has Credit Card,1,Active,183536.24,1,Churned
558,Germany,Male,58,2,142537.18,1,1,Has Credit Card,1,Active,88791.83,0,Retained
665,Spain,Male,29,1,182781.74,2,1,Has Credit Card,1,Active,63732.9,0,Retained
737,France,Male,45,10,0.0,2,1,Has Credit Card,0,Inactive,1364.54,0,Retained
654,France,Male,29,7,0.0,2,1,Has Credit Card,1,Active,149184.15,0,Retained
619,France,Female,28,3,0.0,2,1,Has Credit Card,0,Inactive,53394.12,0,Retained
845,Germany,Female,43,3,152063.59,2,1,Has Credit Card,0,Inactive,97910.06,0,Retained
727,France,Female,28,2,110997.76,1,1,Has Credit Card,0,Inactive,101433.76,0,Retained
582,France,Male,50,2,148942.0,1,1,Has Credit Card,1,Active,116944.3,0,Retained
716,France,Male,41,9,0.0,1,1,Has Credit Card,1,Active,113267.48,0,Retained
660,Spain,Female,36,0,84438.57,1,1,Has Credit Card,1,Active,181449.51,0,Retained
664,France,Female,34,7,93920.47,1,0,No Credit Card,0,Inactive,179913.98,0,Retained
801,France,Male,43,4,158713.08,2,0,No Credit Card,0,Inactive,98586.14,0,Retained
615,Spain,Male,42,4,0.0,3,0,No Credit Card,1,Active,120321.09,0,Retained
718,Germany,Male,63,7,123204.88,1,1,Has Credit Card,1,Active,100538.8,0,Retained
667,France,Male,40,8,72945.29,2,1,Has Credit Card,0,Inactive,98931.5,0,Retained
670,Spain,Male,37,0,178742.71,1,1,Has Credit Card,1,Active,194493.57,0,Retained
590,France,Male,43,8,0.0,2,1,Has Credit Card,1,Active,143628.31,0,Retained
739,Spain,Female,40,8,0.0,1,1,Has Credit Card,0,Inactive,167030.51,0,Retained
373,France,Male,42,7,0.0,1,1,Has Credit Card,0,Inactive,77786.37,1,Churned
418,France,Female,46,9,0.0,1,1,Has Credit Card,1,Active,81014.5,1,Churned
837,France,Female,29,9,0.0,2,1,Has Credit Card,1,Active,41866.26,0,Retained
645,Germany,Male,43,9,140121.17,1,1,Has Credit Card,0,Inactive,11302.7,1,Churned
552,Germany,Male,39,2,132906.88,1,0,No Credit Card,1,Active,149384.43,0,Retained
580,Germany,Male,45,2,179334.83,2,1,Has Credit Card,1,Active,169303.65,0,Retained
684,France,Male,35,3,137179.39,1,1,Has Credit Card,1,Active,37264.11,0,Retained
634,Spain,Male,35,3,0.0,2,1,Has Credit Card,1,Active,19515.48,0,Retained
607,France,Female,49,9,119960.29,2,1,Has Credit Card,0,Inactive,103068.22,0,Retained
802,France,Male,29,9,127414.55,1,1,Has Credit Card,1,Active,134459.12,0,Retained
736,France,Female,36,6,0.0,1,1,Has Credit Card,0,Inactive,70496.66,0,Retained
629,France,Female,40,9,137409.19,1,1,Has Credit Card,0,Inactive,175877.7,1,Churned
737,France,Male,28,8,0.0,2,1,Has Credit Card,0,Inactive,106390.01,0,Retained
718,Spain,Female,39,2,0.0,1,1,Has Credit Card,1,Active,52138.49,0,Retained
561,France,Male,43,4,0.0,4,0,No Credit Card,0,Inactive,18522.91,1,Churned
641,France,Male,31,9,112494.99,1,1,Has Credit Card,1,Active,32231.6,0,Retained
677,France,Male,30,1,78133.15,1,0,No Credit Card,1,Active,174225.88,0,Retained
641,Spain,Female,36,1,0.0,2,1,Has Credit Card,0,Inactive,102021.39,0,Retained
658,Spain,Female,32,5,145553.07,1,1,Has Credit Card,1,Active,31484.76,0,Retained
659,Germany,Male,48,4,123593.22,2,1,Has Credit Card,0,Inactive,82469.06,1,Churned
567,France,Female,47,2,0.0,1,0,No Credit Card,0,Inactive,110900.43,1,Churned
584,France,Female,26,0,146286.22,1,1,Has Credit Card,0,Inactive,105105.35,0,Retained
709,Spain,Female,35,1,111827.27,2,1,Has Credit Card,0,Inactive,12674.68,0,Retained
690,Spain,Female,26,2,0.0,2,1,Has Credit Card,1,Active,93255.85,0,Retained
627,France,Male,70,1,94416.78,1,0,No Credit Card,1,Active,145299.5,0,Retained
765,Spain,Male,45,2,91549.78,1,1,Has Credit Card,1,Active,47139.44,0,Retained
645,France,Female,38,7,59568.57,1,1,Has Credit Card,1,Active,167723.25,0,Retained
716,France,Female,23,2,94464.81,2,0,No Credit Card,1,Active,185900.88,0,Retained
771,France,Female,57,4,0.0,1,0,No Credit Card,0,Inactive,85876.67,1,Churned
687,Germany,Male,44,8,95368.14,2,1,Has Credit Card,1,Active,1787.85,0,Retained
717,Germany,Female,33,10,102185.42,2,1,Has Credit Card,0,Inactive,23231.93,0,Retained
524,France,Male,32,1,144875.71,1,0,No Credit Card,0,Inactive,187740.04,0,Retained
679,Spain,Male,39,5,0.0,2,1,Has Credit Card,1,Active,100060.54,0,Retained
538,France,Female,32,2,0.0,1,1,Has Credit Card,1,Active,80130.54,0,Retained
752,Germany,Female,37,5,113291.05,2,1,Has Credit Card,1,Active,132467.54,0,Retained
846,Spain,Male,61,0,0.0,2,1,Has Credit Card,1,Active,96202.44,0,Retained
532,Spain,Female,39,0,0.0,2,1,Has Credit Card,0,Inactive,94977.3,0,Retained
670,Germany,Male,43,9,111677.88,1,1,Has Credit Card,0,Inactive,178827.3,1,Churned
597,Germany,Female,35,8,131101.04,1,1,Has Credit Card,1,Active,192852.67,0,Retained
627,Germany,Male,52,1,76101.81,2,0,No Credit Card,1,Active,177238.35,0,Retained
700,Spain,Female,40,2,0.0,2,1,Has Credit Card,0,Inactive,199753.97,0,Retained
766,France,Female,52,7,92510.9,2,0,No Credit Card,1,Active,66193.61,0,Retained
488,France,Female,34,2,0.0,2,1,Has Credit Card,1,Active,181270.84,0,Retained
694,France,Male,39,5,77652.4,1,1,Has Credit Card,1,Active,25407.59,0,Retained
639,France,Female,31,3,98360.03,1,0,No Credit Card,0,Inactive,20973.8,0,Retained
705,Germany,Female,46,4,115518.07,1,0,No Credit Card,0,Inactive,76544.9,1,Churned
810,Germany,Male,69,3,27288.43,1,1,Has Credit Card,1,Active,110509.9,0,Retained
638,France,Female,36,6,0.0,1,1,Has Credit Card,0,Inactive,164247.51,0,Retained
595,Spain,Female,43,5,0.0,2,0,No Credit Card,0,Inactive,105149.8,0,Retained
575,France,Male,36,7,0.0,1,1,Has Credit Card,1,Active,55868.97,1,Churned
850,France,Male,31,6,131996.66,2,1,Has Credit Card,1,Active,178747.43,0,Retained
419,Spain,Female,27,2,121580.42,1,0,No Credit Card,1,Active,134720.51,0,Retained
640,France,Male,55,10,132436.34,1,1,Has Credit Card,0,Inactive,978.66,0,Retained
570,Spain,Male,34,10,0.0,2,0,No Credit Card,1,Active,183387.12,0,Retained
640,Germany,Female,46,5,107978.4,2,1,Has Credit Card,0,Inactive,155876.06,0,Retained
689,Germany,Female,40,4,78119.59,4,1,Has Credit Card,0,Inactive,119259.34,1,Churned
725,France,Male,26,6,98684.15,1,0,No Credit Card,0,Inactive,133720.57,0,Retained
751,France,Female,44,10,0.0,2,1,Has Credit Card,0,Inactive,170634.49,0,Retained
544,Spain,Female,53,9,0.0,1,1,Has Credit Card,0,Inactive,125692.07,1,Churned
768,Germany,Female,43,2,129264.05,2,0,No Credit Card,0,Inactive,19150.14,0,Retained
648,Germany,Male,37,6,131753.41,1,1,Has Credit Card,0,Inactive,86894.67,0,Retained
577,Spain,Female,33,6,0.0,2,1,Has Credit Card,0,Inactive,57975.8,0,Retained
639,Spain,Female,27,2,0.0,1,1,Has Credit Card,1,Active,82938.99,0,Retained
686,Germany,Male,26,1,57422.62,1,1,Has Credit Card,1,Active,79189.4,0,Retained
657,France,Female,28,7,0.0,2,0,No Credit Card,1,Active,5177.62,0,Retained
613,France,Male,34,5,144094.2,1,1,Has Credit Card,0,Inactive,44510.26,0,Retained
701,France,Male,33,9,147510.34,1,1,Has Credit Card,0,Inactive,190611.92,0,Retained
578,Spain,Female,28,8,161592.76,1,1,Has Credit Card,0,Inactive,177834.79,0,Retained
689,France,Female,40,1,0.0,2,1,Has Credit Card,1,Active,119446.64,0,Retained
687,Spain,Female,72,4,0.0,2,1,Has Credit Card,1,Active,50267.69,0,Retained
499,Spain,Female,53,1,75225.53,2,0,No Credit Card,0,Inactive,144849.1,1,Churned
693,Spain,Female,39,0,0.0,2,0,No Credit Card,0,Inactive,81901.6,0,Retained
737,France,Female,70,9,87542.89,2,1,Has Credit Card,1,Active,42576.86,0,Retained
651,France,Female,32,8,144581.96,1,1,Has Credit Card,1,Active,87609.5,0,Retained
753,France,Male,33,5,122568.05,2,1,Has Credit Card,1,Active,82820.85,0,Retained
523,Spain,Female,24,5,172231.93,1,0,No Credit Card,1,Active,155144.12,0,Retained
458,Germany,Female,28,2,171932.26,2,1,Has Credit Card,1,Active,9578.24,0,Retained
643,France,Male,39,7,0.0,2,1,Has Credit Card,1,Active,170392.59,0,Retained
638,Spain,Female,34,7,0.0,2,0,No Credit Card,0,Inactive,3946.29,0,Retained
685,Germany,Male,38,4,111798.06,2,1,Has Credit Card,1,Active,102184.66,0,Retained
684,France,Male,38,4,0.0,3,1,Has Credit Card,0,Inactive,75609.84,0,Retained
670,France,Female,27,5,79336.61,1,1,Has Credit Card,1,Active,26170.08,0,Retained
701,Germany,Male,63,3,120916.52,3,0,No Credit Card,0,Inactive,144727.45,1,Churned
705,France,Female,31,3,142905.51,1,1,Has Credit Card,1,Active,58134.97,0,Retained
593,Spain,Male,27,10,0.0,3,0,No Credit Card,0,Inactive,94620.0,1,Churned
651,France,Female,33,1,96834.78,1,1,Has Credit Card,0,Inactive,108764.69,0,Retained
741,France,Male,37,9,105261.76,2,1,Has Credit Card,1,Active,149503.54,0,Retained
596,Germany,Male,54,1,123544.0,1,1,Has Credit Card,1,Active,120314.75,1,Churned
581,Germany,Male,41,2,127913.71,2,1,Has Credit Card,1,Active,44205.95,0,Retained
689,Spain,Female,28,5,95328.6,1,1,Has Credit Card,0,Inactive,6129.61,1,Churned
544,France,Male,30,4,73218.89,1,0,No Credit Card,1,Active,126796.69,0,Retained
718,France,Female,41,1,0.0,2,0,No Credit Card,1,Active,27509.52,1,Churned
583,Germany,Male,35,8,149995.72,2,1,Has Credit Card,0,Inactive,42143.55,0,Retained
663,Germany,Male,28,8,123674.28,2,1,Has Credit Card,1,Active,87985.2,0,Retained
666,Germany,Male,33,2,124125.26,1,1,Has Credit Card,0,Inactive,81884.8,0,Retained
524,Spain,Male,29,3,159035.45,1,1,Has Credit Card,0,Inactive,2705.31,1,Churned
599,France,Male,27,5,0.0,2,1,Has Credit Card,0,Inactive,30546.4,0,Retained
667,France,Male,27,7,156811.74,1,1,Has Credit Card,1,Active,149402.59,0,Retained
727,France,Male,52,4,0.0,2,1,Has Credit Card,1,Active,118429.02,0,Retained
689,Spain,Female,55,4,0.0,2,1,Has Credit Card,1,Active,58442.25,0,Retained
639,France,Male,39,6,150555.83,1,1,Has Credit Card,0,Inactive,30414.17,0,Retained
678,France,Male,28,2,109137.12,1,1,Has Credit Card,1,Active,58814.41,0,Retained
523,France,Male,36,8,158351.02,2,1,Has Credit Card,0,Inactive,155304.53,0,Retained
650,France,Female,47,9,0.0,1,1,Has Credit Card,0,Inactive,187943.6,0,Retained
744,Spain,Male,35,7,0.0,2,1,Has Credit Card,1,Active,43036.6,0,Retained
697,France,Male,40,4,0.0,2,0,No Credit Card,1,Active,26543.28,0,Retained
800,Spain,Female,46,6,0.0,2,1,Has Credit Card,0,Inactive,171928.04,0,Retained
664,France,Male,24,7,0.0,1,0,No Credit Card,1,Active,35611.35,0,Retained
740,France,Male,39,9,0.0,2,1,Has Credit Card,0,Inactive,19047.23,0,Retained
835,France,Female,56,2,0.0,2,1,Has Credit Card,1,Active,39820.13,0,Retained
559,France,Male,52,2,0.0,1,1,Has Credit Card,0,Inactive,129013.59,1,Churned
676,Spain,Male,36,1,82729.49,1,1,Has Credit Card,0,Inactive,113810.12,0,Retained
613,Germany,Female,45,9,142765.24,2,1,Has Credit Card,0,Inactive,34749.65,0,Retained
713,France,Female,25,4,121172.97,1,1,Has Credit Card,1,Active,56268.98,0,Retained
751,Germany,Female,28,10,132932.14,2,1,Has Credit Card,1,Active,46630.47,0,Retained
523,France,Male,22,8,123374.46,1,1,Has Credit Card,1,Active,124906.59,0,Retained
775,Germany,Female,74,0,161371.5,1,1,Has Credit Card,1,Active,134869.93,0,Retained
608,Spain,Male,45,4,0.0,2,0,No Credit Card,0,Inactive,36697.48,1,Churned
673,France,Male,51,8,79563.36,2,1,Has Credit Card,1,Active,172200.91,0,Retained
616,France,Male,46,2,0.0,2,1,Has Credit Card,0,Inactive,137136.46,0,Retained
650,Germany,Female,48,7,138232.24,1,1,Has Credit Card,0,Inactive,57594.78,0,Retained
655,France,Female,41,5,0.0,1,0,No Credit Card,0,Inactive,36548.0,1,Churned
782,Germany,Female,53,1,81571.05,1,1,Has Credit Card,0,Inactive,182960.46,1,Churned
781,Spain,Male,35,1,0.0,2,0,No Credit Card,0,Inactive,42117.9,0,Retained
593,France,Female,33,0,95927.04,1,1,Has Credit Card,0,Inactive,199478.05,0,Retained
505,Spain,Male,35,8,116932.59,1,1,Has Credit Card,0,Inactive,91092.84,0,Retained
707,France,Male,40,1,0.0,2,1,Has Credit Card,0,Inactive,14090.4,1,Churned
692,France,Female,36,3,79551.12,1,0,No Credit Card,1,Active,178267.07,0,Retained
813,Germany,Male,30,1,116416.94,1,0,No Credit Card,1,Active,85808.22,0,Retained
850,Spain,Male,37,4,88141.1,1,1,Has Credit Card,0,Inactive,109659.12,0,Retained
753,France,Male,32,6,177729.13,1,1,Has Credit Card,1,Active,161642.08,0,Retained
850,Spain,Female,32,5,0.0,1,1,Has Credit Card,1,Active,3830.59,0,Retained
671,Spain,Male,32,6,123912.78,2,1,Has Credit Card,1,Active,146636.44,0,Retained
791,France,Female,33,3,0.0,1,1,Has Credit Card,1,Active,144413.92,1,Churned
624,France,Male,80,3,0.0,1,1,Has Credit Card,1,Active,65801.44,0,Retained
649,France,Female,35,4,108306.44,1,1,Has Credit Card,1,Active,192486.24,0,Retained
732,Germany,Female,48,4,102962.62,1,1,Has Credit Card,0,Inactive,120852.85,1,Churned
664,France,Female,36,0,103502.22,1,1,Has Credit Card,1,Active,146191.82,0,Retained
789,Germany,Male,43,8,119654.44,2,0,No Credit Card,1,Active,148412.24,1,Churned
680,France,Male,33,10,183768.47,1,1,Has Credit Card,0,Inactive,164119.35,0,Retained
701,France,Male,37,1,0.0,2,1,Has Credit Card,0,Inactive,163457.55,0,Retained
684,France,Female,25,1,0.0,2,0,No Credit Card,1,Active,144978.47,0,Retained
586,France,Female,52,6,140900.97,1,1,Has Credit Card,1,Active,67288.89,0,Retained
522,Germany,Female,25,5,94049.92,2,1,Has Credit Card,0,Inactive,103269.0,0,Retained
739,Spain,Female,27,8,98926.4,1,1,Has Credit Card,1,Active,106969.98,0,Retained
835,Germany,Male,18,2,142872.36,1,1,Has Credit Card,1,Active,117632.63,0,Retained
790,Spain,Male,29,3,46057.96,2,1,Has Credit Card,1,Active,189777.66,0,Retained
671,France,Female,48,6,119769.77,1,0,No Credit Card,1,Active,66032.65,0,Retained
560,France,Female,44,5,143244.97,1,1,Has Credit Card,0,Inactive,98661.27,0,Retained
651,France,Male,28,10,79562.98,1,1,Has Credit Card,1,Active,74687.37,0,Retained
682,France,Male,69,6,0.0,2,0,No Credit Card,1,Active,149604.18,0,Retained
808,France,Male,41,0,0.0,1,1,Has Credit Card,1,Active,79888.78,0,Retained
644,Spain,Male,26,8,96659.64,2,1,Has Credit Card,1,Active,138775.69,0,Retained
688,France,Male,29,1,0.0,2,1,Has Credit Card,0,Inactive,154695.57,0,Retained
617,France,Female,26,2,165947.99,2,0,No Credit Card,1,Active,168834.38,0,Retained
738,France,Male,33,4,92676.3,1,1,Has Credit Card,0,Inactive,105817.63,0,Retained
663,France,Male,45,5,83195.12,1,1,Has Credit Card,1,Active,48682.1,0,Retained
515,France,Male,48,5,129387.94,1,0,No Credit Card,1,Active,147955.91,1,Churned
845,France,Female,28,9,0.0,2,1,Has Credit Card,1,Active,56185.98,0,Retained
639,Spain,Male,38,9,130233.14,1,1,Has Credit Card,1,Active,81861.1,0,Retained
557,France,Female,32,3,123502.53,1,1,Has Credit Card,1,Active,69826.8,0,Retained
543,Germany,Male,37,8,140894.06,2,1,Has Credit Card,1,Active,118059.19,0,Retained
585,Germany,Male,44,7,163867.86,1,1,Has Credit Card,1,Active,112333.22,0,Retained
610,France,Female,27,2,0.0,2,1,Has Credit Card,0,Inactive,14546.76,0,Retained
727,Germany,Female,18,2,93816.7,2,1,Has Credit Card,0,Inactive,126172.11,0,Retained
540,Spain,Female,40,8,0.0,2,1,Has Credit Card,0,Inactive,3560.0,0,Retained
418,France,Male,35,7,0.0,2,1,Has Credit Card,1,Active,88878.15,0,Retained
660,France,Female,32,0,114668.89,1,1,Has Credit Card,0,Inactive,84605.0,0,Retained
850,Germany,Male,38,5,146756.68,1,1,Has Credit Card,0,Inactive,78268.61,0,Retained
618,France,Female,46,6,150213.71,1,1,Has Credit Card,0,Inactive,120668.46,1,Churned
642,Germany,Male,18,5,111183.53,2,0,No Credit Card,1,Active,10063.75,0,Retained
850,France,Female,40,9,99816.46,1,1,Has Credit Card,1,Active,163989.66,1,Churned
739,France,Male,34,9,0.0,1,1,Has Credit Card,0,Inactive,60584.33,0,Retained
508,France,Female,41,5,0.0,2,1,Has Credit Card,1,Active,94170.84,0,Retained
667,France,Male,41,6,0.0,2,0,No Credit Card,0,Inactive,167181.77,0,Retained
741,France,Female,60,5,0.0,1,1,Has Credit Card,1,Active,38914.51,0,Retained
592,France,Male,29,7,0.0,2,1,Has Credit Card,1,Active,91196.67,0,Retained
651,Germany,Female,45,6,86714.06,1,1,Has Credit Card,0,Inactive,85869.89,1,Churned
773,Spain,Male,52,2,0.0,2,1,Has Credit Card,0,Inactive,57337.79,0,Retained
850,Spain,Male,41,8,132838.07,1,1,Has Credit Card,1,Active,175347.28,0,Retained
550,Germany,Female,42,10,128707.31,1,1,Has Credit Card,0,Inactive,63092.65,1,Churned
783,France,Male,40,6,0.0,2,1,Has Credit Card,0,Inactive,109742.55,0,Retained
777,France,Male,29,2,0.0,2,1,Has Credit Card,0,Inactive,124489.88,0,Retained
659,France,Male,29,6,123192.12,1,1,Has Credit Card,1,Active,56971.41,1,Churned
727,Germany,Male,46,3,115248.11,4,1,Has Credit Card,0,Inactive,130752.01,1,Churned
603,France,Male,38,8,59360.77,1,1,Has Credit Card,1,Active,191457.06,0,Retained
644,Spain,Male,37,9,0.0,2,1,Has Credit Card,1,Active,96442.86,0,Retained
647,France,Female,35,6,112668.7,1,0,No Credit Card,1,Active,122584.29,0,Retained
648,Germany,Female,37,7,138503.51,2,1,Has Credit Card,0,Inactive,57215.85,0,Retained
721,Spain,Male,57,1,0.0,1,1,Has Credit Card,1,Active,195940.96,0,Retained
524,France,Male,29,7,0.0,2,1,Has Credit Card,1,Active,105448.74,0,Retained
626,France,Female,34,3,0.0,2,1,Has Credit Card,1,Active,37870.29,0,Retained
569,France,Male,43,7,0.0,2,1,Has Credit Card,0,Inactive,52534.81,0,Retained
578,Spain,Male,36,1,157267.95,2,1,Has Credit Card,0,Inactive,141533.19,0,Retained
769,France,Female,40,9,133871.05,1,1,Has Credit Card,1,Active,50568.02,0,Retained
694,Germany,Male,31,4,141989.27,2,1,Has Credit Card,0,Inactive,26116.82,0,Retained
664,France,Female,41,5,0.0,1,1,Has Credit Card,1,Active,152054.33,0,Retained
646,France,Male,38,7,0.0,2,1,Has Credit Card,0,Inactive,1528.4,0,Retained
779,France,Female,29,3,46388.16,3,1,Has Credit Card,0,Inactive,127939.26,1,Churned
782,Germany,Female,72,5,148666.99,1,1,Has Credit Card,0,Inactive,2605.65,1,Churned
769,Germany,Male,34,7,115101.5,1,0,No Credit Card,0,Inactive,57841.89,1,Churned
655,Germany,Male,67,6,148363.38,1,1,Has Credit Card,1,Active,186995.17,0,Retained
623,Spain,Male,46,4,0.0,1,1,Has Credit Card,0,Inactive,5549.11,1,Churned
705,Spain,Female,39,8,144102.32,1,1,Has Credit Card,1,Active,11682.36,0,Retained
686,France,Male,41,5,128876.71,3,1,Has Credit Card,1,Active,106939.34,1,Churned
678,Germany,Male,36,6,118448.15,2,1,Has Credit Card,0,Inactive,53172.02,0,Retained
738,France,Male,39,5,0.0,2,1,Has Credit Card,1,Active,114388.98,0,Retained
703,France,Male,28,9,0.0,2,0,No Credit Card,1,Active,2151.17,0,Retained
554,Spain,Male,42,1,0.0,2,0,No Credit Card,1,Active,183492.9,0,Retained
582,France,Female,38,9,135979.01,4,1,Has Credit Card,1,Active,76582.95,1,Churned
644,France,Male,37,6,117271.8,2,1,Has Credit Card,0,Inactive,104217.96,1,Churned
724,France,Male,29,4,0.0,1,1,Has Credit Card,0,Inactive,8982.75,0,Retained
593,France,Male,33,1,0.0,2,0,No Credit Card,0,Inactive,9984.4,0,Retained
710,Spain,Female,30,10,0.0,2,1,Has Credit Card,0,Inactive,19500.1,0,Retained
631,France,Male,35,8,129205.49,1,1,Has Credit Card,1,Active,79146.36,0,Retained
739,Spain,Female,41,8,0.0,1,1,Has Credit Card,0,Inactive,191694.77,1,Churned
644,Spain,Male,18,7,0.0,1,0,No Credit Card,1,Active,59645.24,1,Churned
652,Germany,Male,35,7,104015.54,2,1,Has Credit Card,1,Active,55207.88,0,Retained
554,Spain,Male,37,3,0.0,2,1,Has Credit Card,0,Inactive,166177.3,0,Retained
483,France,Female,30,9,0.0,2,0,No Credit Card,0,Inactive,136356.97,0,Retained
669,Germany,Female,42,1,103873.39,1,1,Has Credit Card,0,Inactive,148611.52,0,Retained
841,Germany,Female,52,3,112383.03,1,1,Has Credit Card,0,Inactive,85516.37,1,Churned
662,France,Male,34,2,117731.79,2,0,No Credit Card,1,Active,55120.79,0,Retained
821,Germany,Male,45,0,135827.33,2,1,Has Credit Card,1,Active,131778.58,0,Retained
783,France,Male,38,9,114135.17,1,1,Has Credit Card,0,Inactive,153269.98,0,Retained
850,France,Female,28,9,0.0,2,1,Has Credit Card,1,Active,164864.67,0,Retained
559,France,Male,62,6,118756.62,1,1,Has Credit Card,1,Active,20367.68,0,Retained
602,Spain,Male,34,8,98382.72,1,1,Has Credit Card,0,Inactive,39542.0,0,Retained
563,Germany,Male,41,2,100520.92,1,1,Has Credit Card,1,Active,19412.8,1,Churned
695,Spain,Female,35,7,79858.13,2,1,Has Credit Card,1,Active,127977.66,0,Retained
546,France,Female,20,6,0.0,1,0,No Credit Card,1,Active,20508.85,0,Retained
719,Germany,Female,76,10,95052.29,1,1,Has Credit Card,0,Inactive,176244.87,0,Retained
539,Germany,Male,42,1,177728.55,1,1,Has Credit Card,0,Inactive,105013.63,0,Retained
632,France,Male,71,3,83116.68,1,1,Has Credit Card,1,Active,27597.76,0,Retained
772,Germany,Male,34,7,111565.91,1,1,Has Credit Card,1,Active,121073.23,0,Retained
708,Spain,Male,40,8,83015.71,1,1,Has Credit Card,0,Inactive,101089.76,0,Retained
668,Germany,Female,28,1,124511.01,1,0,No Credit Card,0,Inactive,114258.18,0,Retained
738,France,Female,67,1,130652.52,1,0,No Credit Card,1,Active,22762.23,0,Retained
785,France,Male,55,5,0.0,2,1,Has Credit Card,1,Active,7008.65,0,Retained
597,France,Male,61,5,0.0,2,1,Has Credit Card,1,Active,81299.17,0,Retained
531,France,Male,37,7,121854.45,1,1,Has Credit Card,0,Inactive,147521.35,0,Retained
509,France,Male,26,10,0.0,2,1,Has Credit Card,1,Active,6177.83,0,Retained
508,France,Male,35,1,86893.28,1,0,No Credit Card,0,Inactive,59374.82,0,Retained
749,Germany,Female,32,7,79523.13,1,0,No Credit Card,1,Active,157648.12,0,Retained
621,Germany,Female,55,7,131033.76,1,0,No Credit Card,1,Active,75685.59,1,Churned
659,France,Female,33,7,89939.62,1,1,Has Credit Card,0,Inactive,136540.09,0,Retained
634,Germany,Female,59,3,95727.05,1,0,No Credit Card,0,Inactive,97939.4,1,Churned
675,France,Male,39,7,0.0,2,0,No Credit Card,1,Active,36267.21,0,Retained
770,France,Male,31,3,155047.56,2,1,Has Credit Card,1,Active,186064.34,0,Retained
736,France,Female,29,9,0.0,2,0,No Credit Card,0,Inactive,176152.7,0,Retained
524,France,Male,44,10,118569.03,2,0,No Credit Card,0,Inactive,82117.2,0,Retained
674,France,Male,28,5,0.0,1,1,Has Credit Card,1,Active,151925.25,0,Retained
700,Spain,Male,44,9,0.0,2,1,Has Credit Card,0,Inactive,142287.65,0,Retained
741,France,Female,35,1,0.0,2,1,Has Credit Card,0,Inactive,36557.55,0,Retained
455,France,Male,40,1,0.0,3,0,No Credit Card,1,Active,129975.34,0,Retained
608,Spain,Male,37,2,130461.02,1,1,Has Credit Card,0,Inactive,21967.15,0,Retained
776,France,Male,36,1,0.0,2,1,Has Credit Card,0,Inactive,53477.76,0,Retained
635,France,Male,33,1,0.0,3,0,No Credit Card,0,Inactive,178067.33,1,Churned
746,France,Female,37,4,0.0,2,0,No Credit Card,1,Active,171039.56,0,Retained
692,Spain,Female,47,3,0.0,2,1,Has Credit Card,0,Inactive,150802.41,1,Churned
683,Spain,Male,35,9,61172.04,1,0,No Credit Card,0,Inactive,82951.12,0,Retained
591,Germany,Female,35,2,90194.34,2,1,Has Credit Card,0,Inactive,57064.57,0,Retained
581,France,Female,24,3,95508.2,1,1,Has Credit Card,1,Active,45755.0,0,Retained
684,Germany,Male,35,3,99967.76,1,1,Has Credit Card,1,Active,176882.08,0,Retained
561,Spain,Male,37,4,101470.29,1,0,No Credit Card,1,Active,88838.14,0,Retained
718,Germany,Female,33,4,70541.06,1,0,No Credit Card,0,Inactive,88592.8,0,Retained
590,France,Male,31,8,112211.61,1,1,Has Credit Card,0,Inactive,26261.42,0,Retained
573,France,Female,47,8,154543.98,1,1,Has Credit Card,0,Inactive,29586.73,0,Retained
350,France,Female,40,0,111098.85,1,1,Has Credit Card,1,Active,172321.21,1,Churned
504,Germany,Female,44,0,131873.07,2,1,Has Credit Card,1,Active,158036.72,1,Churned
813,Spain,Male,27,1,137275.36,1,0,No Credit Card,1,Active,115733.16,0,Retained
641,Spain,Male,31,3,153316.14,1,1,Has Credit Card,0,Inactive,59927.99,0,Retained
662,France,Female,22,9,0.0,2,1,Has Credit Card,1,Active,44377.65,0,Retained
497,Spain,Male,44,2,121250.04,1,0,No Credit Card,1,Active,79691.4,0,Retained
716,France,Male,31,8,109578.04,2,1,Has Credit Card,1,Active,51503.51,0,Retained
526,France,Female,37,5,53573.18,1,1,Has Credit Card,0,Inactive,62830.97,0,Retained
760,Germany,Female,34,6,58003.41,1,1,Has Credit Card,0,Inactive,90346.1,0,Retained
669,France,Female,31,6,113000.66,1,1,Has Credit Card,0,Inactive,40467.82,0,Retained
655,France,Male,27,10,0.0,2,1,Has Credit Card,0,Inactive,51620.94,0,Retained
547,France,Female,49,2,0.0,1,0,No Credit Card,0,Inactive,65466.93,1,Churned
648,Germany,Female,40,5,139973.65,1,1,Has Credit Card,1,Active,667.66,1,Churned
790,France,Female,31,2,151290.16,1,1,Has Credit Card,1,Active,172437.12,0,Retained
744,Germany,Female,50,1,121498.11,2,0,No Credit Card,1,Active,106061.47,1,Churned
761,Spain,Female,32,4,103515.39,2,1,Has Credit Card,1,Active,177622.38,0,Retained
750,France,Female,35,3,0.0,1,1,Has Credit Card,0,Inactive,191520.5,0,Retained
680,France,Male,34,9,0.0,2,1,Has Credit Card,1,Active,95686.6,0,Retained
704,Spain,Male,38,6,106687.76,1,1,Has Credit Card,0,Inactive,173776.5,0,Retained
521,France,Female,41,2,0.0,2,1,Has Credit Card,1,Active,113089.43,0,Retained
452,France,Female,35,8,0.0,2,1,Has Credit Card,1,Active,149614.81,0,Retained
695,France,Female,31,5,106089.2,1,0,No Credit Card,0,Inactive,99537.68,0,Retained
850,Spain,Male,71,10,69608.14,1,1,Has Credit Card,0,Inactive,97893.4,1,Churned
625,France,Male,31,5,0.0,2,0,No Credit Card,1,Active,90.07,0,Retained
608,Germany,Female,40,7,96202.32,1,0,No Credit Card,0,Inactive,161154.85,0,Retained
715,France,Female,38,0,0.0,2,1,Has Credit Card,1,Active,332.81,0,Retained
834,Spain,Male,33,5,0.0,2,1,Has Credit Card,0,Inactive,66285.18,0,Retained
469,France,Male,33,1,127818.52,1,1,Has Credit Card,0,Inactive,163477.22,0,Retained
480,France,Female,40,7,0.0,1,1,Has Credit Card,0,Inactive,170332.67,1,Churned
527,Germany,Male,58,3,137318.42,1,1,Has Credit Card,1,Active,126144.96,0,Retained
834,Spain,Male,34,5,0.0,2,0,No Credit Card,0,Inactive,53437.1,0,Retained
583,France,Female,40,4,55776.39,2,1,Has Credit Card,0,Inactive,26920.43,0,Retained
696,Germany,Male,32,4,84421.62,1,0,No Credit Card,1,Active,52314.71,0,Retained
606,France,Male,32,5,83161.65,1,1,Has Credit Card,1,Active,116885.59,0,Retained
713,France,Female,39,10,0.0,2,1,Has Credit Card,1,Active,126263.97,0,Retained
821,Germany,Male,42,3,87807.29,2,1,Has Credit Card,1,Active,64613.81,0,Retained
550,France,Female,30,4,0.0,2,1,Has Credit Card,0,Inactive,89216.29,0,Retained
675,France,Female,39,6,0.0,2,0,No Credit Card,0,Inactive,83419.15,0,Retained
748,Spain,Male,39,3,0.0,2,1,Has Credit Card,1,Active,123998.52,0,Retained
606,Germany,Male,40,9,95293.86,2,0,No Credit Card,1,Active,96985.58,0,Retained
726,Germany,Male,30,7,92847.59,1,1,Has Credit Card,0,Inactive,146154.06,0,Retained
547,France,Male,30,6,0.0,2,1,Has Credit Card,1,Active,18471.86,0,Retained
758,Spain,Male,35,5,0.0,2,1,Has Credit Card,0,Inactive,95009.6,0,Retained
596,France,Male,37,2,0.0,1,0,No Credit Card,1,Active,121175.86,0,Retained
720,Spain,Male,34,3,0.0,2,1,Has Credit Card,1,Active,77047.78,0,Retained
674,France,Male,37,3,0.0,1,1,Has Credit Card,0,Inactive,158049.9,0,Retained
756,France,Female,32,4,0.0,2,1,Has Credit Card,0,Inactive,147040.25,0,Retained
649,Germany,Male,78,4,68345.86,2,1,Has Credit Card,1,Active,142566.75,0,Retained
613,Germany,Male,28,7,76656.4,2,1,Has Credit Card,1,Active,185483.24,0,Retained
643,France,Male,62,9,0.0,2,0,No Credit Card,0,Inactive,155870.82,0,Retained
600,France,Male,31,8,0.0,2,1,Has Credit Card,1,Active,121555.51,0,Retained
735,Spain,Male,39,1,60374.98,1,1,Has Credit Card,0,Inactive,40223.74,0,Retained
585,France,Female,34,1,0.0,1,1,Has Credit Card,1,Active,75503.6,0,Retained
724,Germany,Male,33,4,88046.88,1,0,No Credit Card,1,Active,186942.49,1,Churned
635,Spain,Male,29,2,0.0,2,0,No Credit Card,0,Inactive,117173.8,0,Retained
472,France,Male,19,9,0.0,2,1,Has Credit Card,0,Inactive,3453.4,0,Retained
590,France,Male,36,1,0.0,2,1,Has Credit Card,0,Inactive,48876.84,0,Retained
651,Spain,Female,63,8,129968.67,1,1,Has Credit Card,1,Active,11830.53,0,Retained
686,Germany,Female,39,4,157731.6,2,1,Has Credit Card,0,Inactive,162820.6,0,Retained
606,France,Male,32,6,0.0,2,0,No Credit Card,1,Active,36540.63,0,Retained
781,France,Male,33,3,89276.48,1,1,Has Credit Card,0,Inactive,6959.0,0,Retained
593,France,Male,45,4,138825.19,1,0,No Credit Card,0,Inactive,10828.78,0,Retained
793,France,Male,63,4,103729.79,2,1,Has Credit Card,1,Active,80272.06,0,Retained
791,France,Female,31,10,75499.24,1,1,Has Credit Card,0,Inactive,22184.14,0,Retained
850,France,Male,68,5,169445.4,1,1,Has Credit Card,1,Active,186335.07,0,Retained
698,France,Female,57,9,111359.55,2,1,Has Credit Card,0,Inactive,105715.01,0,Retained
846,France,Female,34,10,142388.61,2,0,No Credit Card,1,Active,68393.64,1,Churned
765,France,Male,42,4,123311.39,2,1,Has Credit Card,1,Active,82868.34,0,Retained
574,Spain,Male,52,7,115532.52,1,1,Has Credit Card,0,Inactive,196257.67,0,Retained
617,Germany,Female,51,10,167273.71,1,0,No Credit Card,0,Inactive,93439.75,1,Churned
581,France,Male,25,5,77886.53,2,1,Has Credit Card,0,Inactive,150319.49,0,Retained
710,Germany,Male,37,6,135795.63,1,0,No Credit Card,1,Active,46523.6,0,Retained
550,France,Male,32,8,97514.07,1,1,Has Credit Card,1,Active,199138.84,0,Retained
533,Germany,Male,51,6,127545.56,2,0,No Credit Card,0,Inactive,79559.02,1,Churned
779,France,Male,49,9,106160.37,1,0,No Credit Card,0,Inactive,116893.87,0,Retained
763,France,Female,23,2,0.0,2,1,Has Credit Card,0,Inactive,153983.99,0,Retained
563,Spain,Female,36,4,143680.47,2,1,Has Credit Card,1,Active,63531.19,0,Retained
678,Spain,Male,38,3,124483.53,1,1,Has Credit Card,0,Inactive,126253.31,0,Retained
644,Spain,Female,31,5,86006.3,1,1,Has Credit Card,1,Active,73922.95,0,Retained
682,Germany,Female,43,7,111094.05,2,1,Has Credit Card,1,Active,64679.3,0,Retained
625,France,Male,22,9,0.0,2,1,Has Credit Card,0,Inactive,157072.91,0,Retained
733,Spain,Male,36,1,0.0,2,0,No Credit Card,1,Active,108377.82,0,Retained
512,France,Female,30,6,0.0,2,1,Has Credit Card,0,Inactive,88827.31,0,Retained
642,France,Female,41,7,115171.71,1,1,Has Credit Card,1,Active,37674.47,0,Retained
737,Germany,Female,22,10,111543.26,2,0,No Credit Card,0,Inactive,106327.85,0,Retained
575,France,Female,57,8,137936.94,1,1,Has Credit Card,1,Active,84475.13,0,Retained
543,Germany,Female,37,3,122304.65,2,0,No Credit Card,0,Inactive,33998.7,0,Retained
521,Germany,Male,41,8,120586.54,1,0,No Credit Card,1,Active,20491.15,0,Retained
637,France,Male,32,3,0.0,2,1,Has Credit Card,1,Active,197827.06,0,Retained
714,France,Male,40,9,46520.69,1,1,Has Credit Card,1,Active,96687.25,0,Retained
726,Spain,Female,56,2,105473.74,1,1,Has Credit Card,1,Active,46044.7,0,Retained
680,Spain,Female,34,7,0.0,2,1,Has Credit Card,0,Inactive,98949.85,0,Retained
812,Germany,Male,39,5,115730.71,3,1,Has Credit Card,1,Active,185599.34,1,Churned
757,Spain,Male,30,3,145396.49,1,0,No Credit Card,1,Active,198341.15,0,Retained
710,Spain,Male,62,3,131078.42,2,1,Has Credit Card,0,Inactive,119348.76,1,Churned
516,Germany,Female,47,9,128298.74,1,0,No Credit Card,0,Inactive,149614.17,1,Churned
803,France,Female,40,6,165526.71,1,1,Has Credit Card,0,Inactive,12328.08,0,Retained
560,France,Female,38,5,83714.41,1,1,Has Credit Card,1,Active,33245.97,0,Retained
679,France,Female,36,3,0.0,2,1,Has Credit Card,1,Active,2243.41,0,Retained
526,France,Male,32,7,125540.05,1,0,No Credit Card,0,Inactive,86786.41,0,Retained
485,France,Male,41,2,100254.76,2,1,Has Credit Card,1,Active,12706.67,0,Retained
625,France,Female,36,3,0.0,2,1,Has Credit Card,0,Inactive,41295.1,1,Churned
773,Spain,Male,43,7,138150.57,1,1,Has Credit Card,1,Active,177357.16,0,Retained
530,France,Female,45,1,0.0,1,0,No Credit Card,1,Active,190663.89,1,Churned
616,Germany,Female,43,7,95984.21,1,0,No Credit Card,1,Active,115262.54,1,Churned
651,France,Male,23,10,0.0,2,1,Has Credit Card,1,Active,170099.23,0,Retained
586,Germany,Male,38,2,136858.42,1,0,No Credit Card,1,Active,189143.94,0,Retained
607,Germany,Male,29,7,102609.0,1,1,Has Credit Card,0,Inactive,163257.44,0,Retained
724,Spain,Male,39,3,0.0,2,0,No Credit Card,1,Active,95562.81,0,Retained
733,France,Male,64,3,0.0,2,1,Has Credit Card,1,Active,75272.63,0,Retained
667,Germany,Male,70,3,77356.92,2,1,Has Credit Card,1,Active,20881.96,0,Retained
700,France,Female,32,8,110923.15,2,1,Has Credit Card,1,Active,161845.81,1,Churned
659,Spain,Male,78,2,151675.65,1,0,No Credit Card,1,Active,49978.67,0,Retained
710,Spain,Male,22,8,0.0,3,1,Has Credit Card,0,Inactive,107292.91,0,Retained
760,France,Male,37,7,0.0,1,0,No Credit Card,0,Inactive,32863.24,1,Churned
677,France,Female,25,3,0.0,2,1,Has Credit Card,0,Inactive,179608.96,0,Retained
798,Germany,Female,29,8,80204.11,2,1,Has Credit Card,0,Inactive,70223.22,0,Retained
758,France,Male,35,7,0.0,2,1,Has Credit Card,0,Inactive,77951.84,0,Retained
715,France,Male,45,4,0.0,2,1,Has Credit Card,1,Active,55043.93,0,Retained
752,Germany,Male,32,9,115587.49,2,0,No Credit Card,1,Active,101677.46,0,Retained
586,Germany,Male,46,8,106968.96,1,1,Has Credit Card,1,Active,79366.98,1,Churned
818,France,Male,36,4,0.0,2,1,Has Credit Card,1,Active,8037.03,0,Retained
490,Germany,Female,41,0,139659.04,1,1,Has Credit Card,1,Active,176254.12,0,Retained
610,Germany,Female,69,5,86038.21,3,0,No Credit Card,0,Inactive,192743.06,1,Churned
627,Germany,Male,24,5,102773.2,2,1,Has Credit Card,0,Inactive,56793.02,1,Churned
533,France,Female,35,8,0.0,2,1,Has Credit Card,1,Active,187900.12,0,Retained
708,France,Female,51,8,70754.18,1,1,Has Credit Card,1,Active,92920.04,1,Churned
681,France,Male,59,4,122781.51,1,0,No Credit Card,1,Active,140166.95,0,Retained
690,France,Male,21,8,0.0,2,1,Has Credit Card,1,Active,155782.89,0,Retained
656,Germany,Male,68,7,153545.11,1,1,Has Credit Card,1,Active,186574.68,0,Retained
673,Spain,Male,40,1,121629.22,1,1,Has Credit Card,1,Active,3258.6,0,Retained
806,Germany,Male,36,8,167983.17,2,1,Has Credit Card,1,Active,106714.28,0,Retained
648,Spain,Female,43,7,81153.82,1,1,Has Credit Card,1,Active,144532.85,1,Churned
501,France,Male,35,6,99760.84,1,1,Has Credit Card,1,Active,13591.52,0,Retained
556,Germany,Female,43,4,125890.72,1,1,Has Credit Card,1,Active,74854.97,0,Retained
627,France,Female,27,2,0.0,2,1,Has Credit Card,0,Inactive,125451.01,0,Retained
652,France,Male,31,2,119148.55,1,0,No Credit Card,0,Inactive,149740.22,0,Retained
807,Germany,Female,60,1,72948.58,2,1,Has Credit Card,1,Active,17355.36,0,Retained
708,Germany,Male,21,8,133974.36,2,1,Has Credit Card,0,Inactive,50294.09,0,Retained
619,France,Male,27,1,154483.98,1,1,Has Credit Card,0,Inactive,156394.74,0,Retained
601,France,Male,40,10,98627.13,2,0,No Credit Card,0,Inactive,77977.69,0,Retained
445,France,Male,64,2,136770.67,1,0,No Credit Card,1,Active,43678.06,0,Retained
800,Germany,Male,39,4,95252.72,1,1,Has Credit Card,0,Inactive,13906.34,0,Retained
554,France,Male,33,3,117413.95,1,1,Has Credit Card,1,Active,12766.74,0,Retained
714,Germany,Male,54,4,137986.58,2,0,No Credit Card,1,Active,51308.54,1,Churned
656,France,Male,44,10,143571.52,1,0,No Credit Card,0,Inactive,127444.14,0,Retained
520,France,Male,49,5,121197.64,1,1,Has Credit Card,0,Inactive,72577.33,1,Churned
480,Spain,Male,39,5,121626.9,1,1,Has Credit Card,1,Active,82438.13,0,Retained
660,Germany,Male,30,1,84440.1,2,1,Has Credit Card,1,Active,60485.98,0,Retained
532,France,Male,36,4,0.0,2,1,Has Credit Card,1,Active,132798.78,0,Retained
679,France,Male,42,1,0.0,2,0,No Credit Card,0,Inactive,71823.15,0,Retained
780,France,Female,26,3,140356.7,1,1,Has Credit Card,0,Inactive,117144.15,0,Retained
747,France,Male,29,7,0.0,2,1,Has Credit Card,1,Active,141706.43,0,Retained
705,France,Female,39,3,92224.56,1,1,Has Credit Card,1,Active,54517.25,0,Retained
732,France,Female,43,9,0.0,2,1,Has Credit Card,0,Inactive,183147.17,0,Retained
515,Spain,Male,40,10,121355.99,1,1,Has Credit Card,0,Inactive,138360.29,0,Retained
816,Germany,Female,40,9,109003.26,1,1,Has Credit Card,1,Active,79580.56,0,Retained
641,France,Female,48,3,147341.43,1,1,Has Credit Card,1,Active,157458.61,1,Churned
509,France,Male,18,7,102983.91,1,1,Has Credit Card,0,Inactive,171770.58,0,Retained
601,Germany,Female,49,4,96252.98,2,1,Has Credit Card,0,Inactive,104263.82,0,Retained
527,France,Male,39,4,0.0,2,1,Has Credit Card,0,Inactive,167183.07,1,Churned
455,France,Female,27,5,155879.09,2,0,No Credit Card,0,Inactive,70774.97,0,Retained
803,Germany,Male,34,4,142929.16,2,1,Has Credit Card,1,Active,114869.56,0,Retained
553,France,Male,32,7,64082.09,1,0,No Credit Card,1,Active,109159.58,0,Retained
724,France,Female,28,5,0.0,1,1,Has Credit Card,0,Inactive,59351.68,0,Retained
610,France,Female,45,1,0.0,2,1,Has Credit Card,1,Active,199657.46,0,Retained
559,Spain,Female,39,2,0.0,2,1,Has Credit Card,1,Active,121151.1,0,Retained
825,Germany,Female,35,6,118336.95,1,1,Has Credit Card,0,Inactive,26342.33,1,Churned
819,Spain,Female,28,8,168253.21,1,1,Has Credit Card,1,Active,102799.14,0,Retained
772,Germany,Female,42,0,101979.16,1,1,Has Credit Card,0,Inactive,90928.48,0,Retained
685,Spain,Male,23,5,164902.43,1,0,No Credit Card,0,Inactive,141152.28,0,Retained
506,France,Male,43,2,0.0,2,1,Has Credit Card,0,Inactive,105568.6,0,Retained
642,Germany,Male,22,10,111812.52,2,1,Has Credit Card,1,Active,183045.46,0,Retained
627,Spain,Male,40,10,0.0,2,1,Has Credit Card,1,Active,194792.42,0,Retained
600,Germany,Male,30,2,119755.0,1,1,Has Credit Card,1,Active,21852.91,0,Retained
653,France,Male,46,0,119556.1,1,1,Has Credit Card,0,Inactive,78250.13,1,Churned
762,Spain,Female,35,3,119349.69,3,1,Has Credit Card,1,Active,47114.18,1,Churned
569,Spain,Female,30,3,139528.23,1,1,Has Credit Card,1,Active,33230.37,0,Retained
756,France,Male,40,1,94773.11,1,1,Has Credit Card,0,Inactive,114279.63,0,Retained
673,France,Male,31,1,108345.22,1,0,No Credit Card,1,Active,38802.03,0,Retained
637,France,Female,36,9,166939.88,1,1,Has Credit Card,1,Active,72504.76,0,Retained
644,France,Male,33,7,174571.36,1,0,No Credit Card,1,Active,43943.09,0,Retained
658,Spain,Male,35,9,71829.34,1,1,Has Credit Card,1,Active,68141.92,0,Retained
649,France,Female,36,8,0.0,2,0,No Credit Card,1,Active,109179.89,0,Retained
603,France,Female,39,9,76769.68,1,0,No Credit Card,0,Inactive,48224.72,0,Retained
820,France,Female,39,1,104614.29,1,1,Has Credit Card,0,Inactive,61538.43,1,Churned
712,Spain,Male,27,10,0.0,1,1,Has Credit Card,0,Inactive,94544.88,0,Retained
645,Germany,Female,31,1,128927.93,1,1,Has Credit Card,1,Active,2850.01,0,Retained
705,Germany,Female,31,9,110941.93,2,1,Has Credit Card,0,Inactive,163484.8,0,Retained
590,Spain,Female,29,10,99250.08,1,1,Has Credit Card,1,Active,129629.41,0,Retained
631,France,Male,36,1,0.0,2,0,No Credit Card,0,Inactive,133141.34,0,Retained
604,France,Male,34,7,0.0,2,1,Has Credit Card,1,Active,188078.55,0,Retained
643,Spain,Male,48,8,0.0,2,1,Has Credit Card,0,Inactive,174729.3,0,Retained
690,Spain,Female,30,5,0.0,2,0,No Credit Card,1,Active,78700.03,0,Retained
558,France,Male,31,7,0.0,1,1,Has Credit Card,0,Inactive,198269.08,0,Retained
637,Germany,Male,51,1,104682.83,1,1,Has Credit Card,0,Inactive,55266.96,1,Churned
648,Germany,Female,45,5,118886.55,1,0,No Credit Card,0,Inactive,51636.7,0,Retained
652,Spain,Male,28,8,156823.7,2,1,Has Credit Card,0,Inactive,198251.52,0,Retained
808,Germany,Male,39,3,124216.93,1,0,No Credit Card,1,Active,171442.36,0,Retained
551,France,Female,26,2,144258.52,1,1,Has Credit Card,0,Inactive,49778.79,0,Retained
711,Germany,Male,26,9,128793.63,1,1,Has Credit Card,0,Inactive,19262.05,0,Retained
467,Germany,Male,28,10,126315.26,1,1,Has Credit Card,0,Inactive,32349.29,1,Churned
789,Spain,Female,40,4,0.0,2,1,Has Credit Card,0,Inactive,137402.27,0,Retained
602,Spain,Male,33,5,0.0,2,0,No Credit Card,1,Active,64038.34,0,Retained
576,France,Male,39,1,0.0,2,1,Has Credit Card,1,Active,68814.23,0,Retained
584,France,Male,38,1,115341.55,1,0,No Credit Card,1,Active,173632.92,0,Retained
593,France,Male,32,6,99162.29,1,1,Has Credit Card,0,Inactive,128384.11,0,Retained
705,Germany,Female,48,1,156848.13,2,1,Has Credit Card,1,Active,99475.95,1,Churned
595,Germany,Female,64,2,105736.32,1,1,Has Credit Card,1,Active,89935.73,1,Churned
699,Germany,Female,41,1,200117.76,2,1,Has Credit Card,0,Inactive,94142.35,0,Retained
516,France,Female,46,6,62212.29,1,0,No Credit Card,1,Active,171681.86,1,Churned
838,France,Male,31,2,0.0,2,1,Has Credit Card,0,Inactive,8222.96,0,Retained
587,France,Male,39,10,0.0,2,1,Has Credit Card,1,Active,170409.45,0,Retained
750,France,Male,38,5,151532.4,1,1,Has Credit Card,1,Active,46555.15,0,Retained
581,Germany,Male,39,1,121523.51,1,0,No Credit Card,0,Inactive,161655.55,1,Churned
484,France,Male,41,5,0.0,1,1,Has Credit Card,1,Active,74267.35,0,Retained
576,Spain,Male,26,8,0.0,2,0,No Credit Card,1,Active,34101.06,0,Retained
567,Germany,Female,46,1,68238.51,2,1,Has Credit Card,1,Active,109572.58,0,Retained
638,Spain,Male,30,9,136808.53,2,1,Has Credit Card,1,Active,106642.97,0,Retained
646,Germany,Male,24,0,92398.08,1,1,Has Credit Card,1,Active,18897.29,0,Retained
658,France,Female,40,5,143566.12,1,1,Has Credit Card,1,Active,189607.71,0,Retained
590,Spain,Female,38,9,0.0,2,1,Has Credit Card,1,Active,148750.16,0,Retained
546,Spain,Male,25,7,127728.24,2,1,Has Credit Card,1,Active,105279.74,0,Retained
603,France,Female,34,9,0.0,2,1,Has Credit Card,0,Inactive,167916.35,0,Retained
619,Spain,Female,38,10,119658.49,1,1,Has Credit Card,1,Active,8646.58,0,Retained
678,France,Female,34,6,0.0,2,1,Has Credit Card,1,Active,124592.84,0,Retained
459,France,Male,26,4,149879.66,1,0,No Credit Card,0,Inactive,50016.17,0,Retained
671,Germany,Male,28,8,119859.52,2,1,Has Credit Card,0,Inactive,125422.66,0,Retained
501,Spain,Male,43,6,104533.24,1,0,No Credit Card,0,Inactive,81123.59,1,Churned
719,Spain,Male,37,10,145382.61,1,1,Has Credit Card,0,Inactive,80408.59,0,Retained
681,Spain,Female,37,6,121231.39,1,1,Has Credit Card,1,Active,146366.08,0,Retained
706,Spain,Male,24,2,141078.57,1,1,Has Credit Card,1,Active,24402.87,0,Retained
763,Germany,Female,32,1,108465.65,2,1,Has Credit Card,0,Inactive,60552.44,1,Churned
716,France,Male,39,1,70657.61,2,1,Has Credit Card,1,Active,76476.05,0,Retained
507,Germany,Male,40,3,120105.43,1,1,Has Credit Card,0,Inactive,92075.01,1,Churned
678,Germany,Male,55,4,129646.91,1,1,Has Credit Card,1,Active,184125.1,1,Churned
775,France,Female,30,10,191091.74,2,1,Has Credit Card,1,Active,96170.38,0,Retained
544,France,Male,38,8,0.0,1,1,Has Credit Card,1,Active,98208.62,0,Retained
756,France,Male,27,8,0.0,2,1,Has Credit Card,1,Active,157932.75,0,Retained
757,Germany,Female,43,5,131433.33,2,1,Has Credit Card,1,Active,3497.43,1,Churned
742,Germany,Male,33,1,137937.95,1,1,Has Credit Card,1,Active,51387.1,0,Retained
591,France,Male,49,3,0.0,2,1,Has Credit Card,0,Inactive,50123.44,0,Retained
667,France,Male,24,4,0.0,2,0,No Credit Card,0,Inactive,180329.83,0,Retained
787,France,Male,32,4,0.0,2,1,Has Credit Card,1,Active,13238.93,0,Retained
718,France,Female,43,0,93143.39,1,1,Has Credit Card,0,Inactive,167554.86,0,Retained
521,France,Male,38,6,0.0,2,1,Has Credit Card,0,Inactive,51454.06,0,Retained
607,Spain,Male,40,1,112544.45,1,1,Has Credit Card,1,Active,19842.22,0,Retained
633,France,Female,34,3,123034.43,2,1,Has Credit Card,1,Active,38315.04,0,Retained
588,Spain,Male,37,2,0.0,2,0,No Credit Card,1,Active,187816.59,0,Retained
724,Germany,Female,33,9,119278.44,1,1,Has Credit Card,1,Active,197148.24,0,Retained
720,France,Male,44,4,0.0,2,1,Has Credit Card,0,Inactive,163471.01,0,Retained
521,France,Male,39,7,0.0,2,0,No Credit Card,1,Active,653.58,0,Retained
620,Spain,Male,36,7,169312.72,1,1,Has Credit Card,0,Inactive,45414.09,0,Retained
505,Germany,Female,33,3,106506.77,3,1,Has Credit Card,0,Inactive,45445.78,1,Churned
728,Spain,Female,43,8,128412.61,1,0,No Credit Card,1,Active,139024.31,0,Retained
486,Germany,Male,62,9,118356.89,2,1,Has Credit Card,0,Inactive,168034.83,1,Churned
584,Germany,Male,42,3,137479.13,1,1,Has Credit Card,0,Inactive,25669.1,0,Retained
687,Spain,Female,40,1,0.0,2,1,Has Credit Card,0,Inactive,8207.36,0,Retained
771,France,Male,50,3,105229.72,1,1,Has Credit Card,1,Active,16281.68,1,Churned
678,France,Male,41,2,148088.11,1,1,Has Credit Card,0,Inactive,14083.12,0,Retained
751,France,Female,48,4,0.0,1,0,No Credit Card,1,Active,30165.06,1,Churned
670,France,Male,33,8,126679.69,1,1,Has Credit Card,1,Active,39451.09,0,Retained
675,Spain,Male,31,2,90826.27,2,1,Has Credit Card,0,Inactive,60270.87,0,Retained
684,Spain,Male,24,8,143582.89,1,1,Has Credit Card,1,Active,22527.27,0,Retained
637,France,Female,21,10,125712.2,1,0,No Credit Card,0,Inactive,175072.47,0,Retained
760,Spain,Female,32,2,0.0,1,1,Has Credit Card,1,Active,114565.35,0,Retained
662,Spain,Male,37,4,155187.3,1,1,Has Credit Card,0,Inactive,48930.8,0,Retained
680,France,Male,49,10,0.0,2,1,Has Credit Card,0,Inactive,187008.45,0,Retained
604,Spain,Male,40,5,155455.43,1,0,No Credit Card,1,Active,113581.85,0,Retained
764,France,Female,40,9,100480.53,1,1,Has Credit Card,0,Inactive,124095.69,0,Retained
521,France,Female,77,6,0.0,2,1,Has Credit Card,1,Active,49054.1,0,Retained
684,Germany,Female,56,3,127585.98,3,1,Has Credit Card,1,Active,80593.49,1,Churned
795,France,Female,40,2,101891.1,1,1,Has Credit Card,1,Active,183044.86,0,Retained
678,Spain,Female,61,8,0.0,2,1,Has Credit Card,1,Active,159938.82,0,Retained
589,France,Male,38,4,0.0,1,1,Has Credit Card,0,Inactive,95483.48,1,Churned
660,Spain,Female,28,3,128929.88,1,1,Has Credit Card,1,Active,198069.71,0,Retained
646,Germany,Male,39,6,121681.91,2,0,No Credit Card,1,Active,61793.47,0,Retained
706,Germany,Female,56,3,139603.22,1,1,Has Credit Card,1,Active,86383.61,0,Retained
730,France,Female,27,7,0.0,2,1,Has Credit Card,0,Inactive,144099.48,0,Retained
606,France,Female,36,10,0.0,2,0,No Credit Card,1,Active,155641.46,0,Retained
690,Spain,Female,36,10,91760.11,1,1,Has Credit Card,1,Active,135784.94,0,Retained
645,Germany,Male,41,2,93925.3,1,1,Has Credit Card,0,Inactive,123982.14,1,Churned
579,France,Female,38,4,175739.36,1,1,Has Credit Card,1,Active,193130.55,0,Retained
481,France,Female,28,10,0.0,2,1,Has Credit Card,0,Inactive,145215.96,0,Retained
492,Germany,Male,45,9,170295.04,2,0,No Credit Card,0,Inactive,164741.81,0,Retained
739,France,Male,58,2,101579.28,1,1,Has Credit Card,1,Active,72168.53,0,Retained
624,France,Male,55,7,118793.6,1,1,Has Credit Card,1,Active,95022.02,1,Churned
682,France,Male,44,3,115282.3,1,0,No Credit Card,0,Inactive,23766.4,0,Retained
701,Spain,Female,34,6,107980.37,1,1,Has Credit Card,1,Active,119374.74,0,Retained
718,France,Female,44,1,133866.22,1,0,No Credit Card,1,Active,139049.24,0,Retained
496,France,Female,34,1,102723.35,2,1,Has Credit Card,0,Inactive,180844.81,0,Retained
543,Spain,Male,41,5,0.0,2,0,No Credit Card,1,Active,143980.29,0,Retained
616,Spain,Female,44,7,193213.02,2,1,Has Credit Card,1,Active,137392.77,0,Retained
635,Germany,Male,53,8,117005.55,1,0,No Credit Card,1,Active,123646.57,1,Churned
652,Spain,Male,31,1,132862.59,1,0,No Credit Card,0,Inactive,158054.49,0,Retained
688,France,Male,26,0,0.0,2,1,Has Credit Card,0,Inactive,105784.85,0,Retained
678,France,Female,49,3,204510.94,1,0,No Credit Card,1,Active,738.88,1,Churned
757,Germany,Male,36,1,65349.71,1,0,No Credit Card,0,Inactive,64539.64,0,Retained
667,France,Male,36,8,139753.35,1,1,Has Credit Card,0,Inactive,79871.16,0,Retained
725,France,Female,29,6,0.0,2,1,Has Credit Card,1,Active,190776.83,0,Retained
632,Germany,Female,50,5,107959.39,1,1,Has Credit Card,1,Active,6985.34,1,Churned
694,France,Female,38,5,195926.39,1,1,Has Credit Card,1,Active,85522.84,0,Retained
803,France,Male,36,1,0.0,2,1,Has Credit Card,1,Active,149370.93,0,Retained
814,France,Female,31,6,87772.52,1,1,Has Credit Card,0,Inactive,188516.45,0,Retained
611,France,Male,38,4,71018.6,2,1,Has Credit Card,0,Inactive,2444.29,0,Retained
755,Germany,Male,38,4,111096.91,1,1,Has Credit Card,1,Active,19762.88,0,Retained
425,Germany,Male,40,9,166776.6,2,0,No Credit Card,1,Active,172646.88,0,Retained
850,France,Female,34,6,101266.51,1,1,Has Credit Card,0,Inactive,33501.98,0,Retained
677,Spain,Male,18,8,134796.87,2,1,Has Credit Card,1,Active,114858.9,0,Retained
797,France,Female,46,8,0.0,1,0,No Credit Card,0,Inactive,162668.33,0,Retained
692,Germany,Female,43,10,118588.83,1,1,Has Credit Card,1,Active,161241.65,1,Churned
735,Germany,Male,28,5,160454.15,2,0,No Credit Card,1,Active,114957.22,0,Retained
609,France,Male,77,1,0.0,1,0,No Credit Card,1,Active,18708.76,0,Retained
700,France,Female,42,8,0.0,2,1,Has Credit Card,1,Active,105305.72,0,Retained
526,Spain,Female,36,5,91132.18,1,0,No Credit Card,0,Inactive,58111.71,0,Retained
693,Spain,Female,57,9,0.0,2,1,Has Credit Card,1,Active,135502.77,0,Retained
748,France,Female,20,7,0.0,2,0,No Credit Card,0,Inactive,10792.42,0,Retained
657,Spain,Male,36,8,0.0,2,0,No Credit Card,1,Active,123866.43,0,Retained
739,Germany,Female,25,5,113113.12,1,1,Has Credit Card,0,Inactive,129181.27,0,Retained
784,Spain,Male,23,2,0.0,1,1,Has Credit Card,1,Active,6847.73,0,Retained
744,Germany,Male,41,7,190409.34,2,1,Has Credit Card,1,Active,138361.48,0,Retained
645,France,Male,44,10,0.0,2,0,No Credit Card,1,Active,166707.22,0,Retained
669,France,Female,33,9,0.0,2,0,No Credit Card,1,Active,107221.03,0,Retained
615,France,Male,34,1,83503.11,2,1,Has Credit Card,1,Active,73124.53,1,Churned
724,Germany,Female,53,1,139687.66,2,1,Has Credit Card,1,Active,12913.92,0,Retained
850,France,Female,47,9,137301.87,1,1,Has Credit Card,0,Inactive,44351.77,0,Retained
625,Germany,Female,39,10,129845.26,1,1,Has Credit Card,1,Active,96444.88,0,Retained
635,Spain,Male,46,8,0.0,2,1,Has Credit Card,1,Active,60739.16,0,Retained
724,Germany,Male,37,6,125489.4,1,1,Has Credit Card,0,Inactive,118570.53,0,Retained
550,France,Male,47,2,0.0,2,1,Has Credit Card,1,Active,97057.28,0,Retained
645,France,Male,45,6,155417.61,1,0,No Credit Card,1,Active,3449.22,0,Retained
714,Spain,Male,29,4,0.0,2,1,Has Credit Card,1,Active,37605.9,0,Retained
520,France,Female,46,10,85216.61,1,1,Has Credit Card,0,Inactive,117369.52,1,Churned
633,France,Male,25,1,0.0,1,1,Has Credit Card,0,Inactive,100598.98,0,Retained
537,France,Male,37,6,0.0,1,1,Has Credit Card,1,Active,17802.42,0,Retained
764,Spain,Male,38,4,113607.47,1,1,Has Credit Card,0,Inactive,91094.46,0,Retained
795,Germany,Female,33,9,104552.72,1,1,Has Credit Card,1,Active,120853.83,1,Churned
573,Spain,Male,44,9,0.0,2,1,Has Credit Card,0,Inactive,107124.17,0,Retained
702,Spain,Male,44,9,0.0,1,0,No Credit Card,0,Inactive,59207.41,1,Churned
740,Germany,Male,33,2,126524.11,1,1,Has Credit Card,0,Inactive,136869.31,0,Retained
479,France,Male,34,5,117593.48,2,0,No Credit Card,0,Inactive,113308.29,0,Retained
627,Germany,Female,33,4,83199.05,1,0,No Credit Card,0,Inactive,159334.93,0,Retained
479,Spain,Male,35,4,125920.98,1,1,Has Credit Card,1,Active,20393.44,0,Retained
623,France,Male,48,5,118469.38,1,1,Has Credit Card,1,Active,158590.25,0,Retained
512,Germany,Female,40,8,153537.57,2,0,No Credit Card,0,Inactive,23101.13,0,Retained
609,France,Male,41,6,0.0,1,0,No Credit Card,1,Active,112585.19,0,Retained
518,France,Male,42,7,151027.05,2,1,Has Credit Card,0,Inactive,119377.36,0,Retained
833,France,Female,34,3,144751.81,1,0,No Credit Card,0,Inactive,166472.81,0,Retained
758,France,Male,26,4,155739.76,1,1,Has Credit Card,0,Inactive,171552.02,0,Retained
611,France,Male,27,7,0.0,2,1,Has Credit Card,1,Active,157474.1,0,Retained
583,France,Male,33,7,122531.86,1,1,Has Credit Card,0,Inactive,13549.24,0,Retained
610,Germany,Male,50,1,113957.01,2,1,Has Credit Card,0,Inactive,196526.55,1,Churned
637,France,Female,33,7,103377.81,1,1,Has Credit Card,0,Inactive,84419.78,0,Retained
683,France,Female,32,9,0.0,2,1,Has Credit Card,1,Active,24991.92,0,Retained
774,France,Male,40,9,93017.47,2,1,Has Credit Card,0,Inactive,191608.97,0,Retained
677,France,Female,58,1,90022.85,1,0,No Credit Card,1,Active,2988.28,0,Retained
741,Spain,Male,35,6,74371.49,1,0,No Credit Card,0,Inactive,99595.67,0,Retained
498,Germany,Male,42,3,152039.7,1,1,Has Credit Card,1,Active,53445.17,1,Churned
655,Germany,Female,46,7,137145.12,1,1,Has Credit Card,0,Inactive,115146.4,1,Churned
613,France,Male,40,4,0.0,1,0,No Credit Card,0,Inactive,151325.24,0,Retained
602,Germany,Male,35,7,90602.42,2,1,Has Credit Card,1,Active,51695.41,0,Retained
659,France,Male,36,6,123841.49,2,1,Has Credit Card,0,Inactive,96833.0,0,Retained
673,Germany,Male,47,1,183579.54,2,0,No Credit Card,1,Active,34047.54,0,Retained
606,Spain,Male,30,8,180307.73,2,1,Has Credit Card,1,Active,1914.41,0,Retained
775,France,Male,30,4,0.0,2,1,Has Credit Card,0,Inactive,49337.84,0,Retained
841,Spain,Male,28,4,0.0,2,1,Has Credit Card,1,Active,179436.6,0,Retained
714,Germany,Male,33,3,35016.6,1,1,Has Credit Card,0,Inactive,53667.08,0,Retained
597,France,Female,53,4,88381.21,1,1,Has Credit Card,0,Inactive,69384.71,1,Churned
726,Spain,Male,36,2,0.0,1,1,Has Credit Card,0,Inactive,195192.4,0,Retained
644,France,Male,28,7,155060.41,1,1,Has Credit Card,0,Inactive,29179.52,0,Retained
800,France,Female,29,2,0.0,2,0,No Credit Card,0,Inactive,167773.55,0,Retained
771,France,Male,39,5,0.0,2,1,Has Credit Card,0,Inactive,96270.64,0,Retained
516,France,Male,35,10,57369.61,1,1,Has Credit Card,1,Active,101699.77,0,Retained
709,France,Female,36,7,0.0,1,0,No Credit Card,1,Active,42085.58,1,Churned
772,Germany,Male,42,3,75075.31,2,1,Has Credit Card,0,Inactive,92888.52,1,Churned
792,France,Female,28,4,130142.79,1,1,Has Credit Card,0,Inactive,38190.78,0,Retained
